Date,Open,High,Low,Close,Volume
2016-01-04,157.038,157.49,155.581,157.48,4908005.6111722
2016-01-05,157.71,158.16,156.724,157.767,3373595.0233066
2016-01-06,155.458,156.674,154.806,155.754,3224499.3374418
2016-01-07,153.052,154.642,151.681,151.977,5662632.7430585
2016-01-08,152.877,153.407,150.061,150.338,8610085.999642
2016-01-11,151.267,151.507,148.717,150.348,5258908.948749
2016-01-12,151.881,152.39,149.765,151.633,3508737.1121959
2016-01-13,152.448,152.62,147.578,147.922,4828075.9944064
2016-01-14,148.478,151.403,147.003,150.29,5947134.4427554
2016-01-15,146.292,147.874,145.344,147.107,9464981.6597949
2016-01-19,147.252,147.252,147.252,147.252,6862292.6171188
2016-01-20,144.863,146.829,141.797,145.534,10038320.521885
2016-01-21,145.969,147.952,144.663,146.253,3514716.6290816
2016-01-22,148.687,149.418,147.98,149.245,3054499.3356536
2016-01-25,148.747,148.967,146.789,146.946,3226325.9484095
2016-01-26,147.69,149.245,147.282,149.015,2649353.684834
2016-01-27,148.577,150.032,146.512,147.301,4146477.8330542
2016-01-28,148.777,148.976,146.639,148.114,3062288.7726015
2016-01-29,148.967,151.881,148.737,151.881,5211770.7021481
2016-02-01,150.904,152.408,150.28,151.746,4588875.4985265
2016-02-02,150.251,150.434,148.488,148.986,5970303.5059153
2016-02-03,149.926,150.205,146.571,149.857,4526636.155199
2016-02-04,149.487,150.981,148.871,150.032,4169132.6076891
2016-02-05,149.561,149.696,146.639,147.232,2776129.4573549
2016-02-08,145.517,145.793,143.224,145.189,3981649.9255994
2016-02-09,143.713,146.427,143.533,145.239,2762915.4761281
2016-02-10,146.083,147.521,144.989,145.133,2285640.0773066
2016-02-11,142.9,144.174,141.874,143.293,4022352.7849587
2016-02-12,144.816,146.245,144.155,146.245,2107193.4341674
2016-02-16,148,148.668,146.993,148.668,2763234.6896953
2016-02-17,149.802,151.45,149.636,151.124,2650910.1117693
2016-02-18,151.422,151.441,150.195,150.452,1926618.7005803
2016-02-19,149.774,150.54,149.236,150.416,1330616.7184022
2016-02-22,151.911,152.724,151.861,152.581,3046490.8305713
2016-02-23,152.026,152.256,150.559,150.673,2429001.3939598
2016-02-24,149.349,151.633,148.327,151.403,3042755.1972901
2016-02-25,151.853,153.194,151.095,153.194,2979835.6995644
2016-02-26,153.972,154.115,152.715,152.886,2997076.3617366
2016-02-29,152.86,153.76,151.565,151.565,3658406.5479364
2016-03-01,152.803,155.304,152.36,155.304,3558955.8740381
2016-03-02,154.969,155.947,154.565,155.927,4493408.7351284
2016-03-03,155.734,156.541,155.257,156.504,3688066.286962
2016-03-04,156.742,157.787,155.956,157.048,3301475.7071206
2016-03-07,156.225,157.547,156.127,157.24,4037018.8749617
2016-03-08,156.205,156.626,155.332,155.448,3961001.189166
2016-03-09,156.225,156.531,155.514,156.264,1920686.1268662
2016-03-10,156.674,157.557,154.672,156.347,2446709.4014851
2016-03-11,157.71,158.946,157.614,158.916,2611226.4408254
2016-03-14,158.39,159.11,158.114,158.649,1653516.8893215
2016-03-15,157.815,158.43,157.586,158.43,1551106.7092466
2016-03-16,157.958,159.733,157.949,159.416,3160790.1512511
2016-03-17,159.292,160.833,158.936,160.414,2267734.9084603
2016-03-18,160.922,161.295,160.556,161.017,3070313.9685893
2016-03-21,160.805,161.439,160.556,161.247,1787441.5852929
2016-03-22,160.538,161.669,160.384,161.181,1771378.6751383
2016-03-23,160.805,160.941,159.924,160.146,1901411.2605895
2016-03-24,159.149,160.05,158.936,160.03,2182556.0019232
2016-03-28,160.424,160.585,159.723,160.146,1479914.7814958
2016-03-29,159.791,161.669,159.464,161.669,1868254.7768672
2016-03-30,162.511,162.974,161.997,162.359,2220815.7299939
2016-03-31,162.225,162.618,161.746,161.948,3501496.3887653
2016-04-01,160.979,163.174,160.73,163.021,3459523.9774085
2016-04-04,162.992,163.126,162.215,162.511,1464482.9962044
2016-04-05,161.257,161.669,160.633,160.843,2022722.8479312
2016-04-06,160.97,162.675,160.72,162.618,2161018.4747733
2016-04-07,161.639,161.918,159.99,160.693,3059619.2709074
2016-04-08,161.737,162.167,160.623,161.132,2379276.0570106
2016-04-11,161.709,162.341,160.663,160.71,1576855.5604836
2016-04-12,160.883,162.521,160.489,162.263,1852245.0689739
2016-04-13,163.116,163.941,162.964,163.883,2294937.9548367
2016-04-14,163.932,164.323,163.587,163.863,3742403.5297297
2016-04-15,163.893,163.941,163.403,163.7,2397772.7098196
2016-04-18,163.204,164.891,163.086,164.891,2730216.9491248
2016-04-19,165.253,165.59,164.612,165.378,1901297.553796
2016-04-20,165.447,166.174,164.985,165.522,1905461.9347116
2016-04-21,165.522,165.627,164.381,164.583,2111952.4285904
2016-04-22,164.314,164.891,163.806,164.631,2169559.0024676
2016-04-25,164.112,164.371,163.53,164.361,2754716.0688145
2016-04-26,164.688,165.072,164.181,164.602,1989901.2255
2016-04-27,164.239,165.321,163.893,164.966,2295489.7978989
2016-04-28,164.248,165.291,163.086,163.481,1832033.4256275
2016-04-29,162.887,163.184,161.525,162.589,3242761.2743926
2016-05-02,163.049,164,162.658,163.834,1906602.1321917
2016-05-03,162.733,162.926,161.728,162.444,2733365.2711696
2016-05-04,161.478,162.167,161.036,161.496,2420325.2526586
2016-05-05,161.987,162.263,161.132,161.458,1873697.0552331
2016-05-06,160.824,162.118,160.633,162.062,1806049.8585321
2016-05-09,161.967,162.599,161.784,162.245,1807124.335572
2016-05-10,162.877,164.239,162.809,164.221,1187863.5766173
2016-05-11,163.816,164.112,162.685,162.695,3172154.571515
2016-05-12,163.337,163.471,161.784,162.751,2076071.1545495
2016-05-13,162.444,162.964,161.026,161.275,1930965.6382744
2016-05-16,161.468,163.357,161.429,162.897,1251641.6127931
2016-05-17,162.667,162.916,160.912,161.458,3868289.4683525
2016-05-18,161.065,162.541,160.443,161.429,2255188.5634525
2016-05-19,160.779,161.152,159.771,160.902,2089817.1583882
2016-05-20,161.458,162.398,161.402,161.908,1849451.4286702
2016-05-23,161.898,162.167,161.506,161.689,1647656.2951373
2016-05-24,162.474,164.055,162.426,163.75,2311329.4671929
2016-05-25,164.391,165.311,164.371,164.881,2336016.3595691
2016-05-26,165.052,165.253,164.65,164.956,1423484.9164545
2016-05-27,165.101,165.637,165.072,165.637,1150805.5937405
2016-05-31,165.934,166.031,164.833,165.428,3280891.6479459
2016-06-01,164.833,165.839,164.602,165.695,2762643.2057326
2016-06-02,165.331,166.203,164.871,166.203,1864542.0935811
2016-06-03,165.656,166.023,164.564,165.724,2208640.7576329
2016-06-06,166.05,166.837,165.896,166.51,1370852.2324083
2016-06-07,166.691,167.335,166.654,166.807,1805825.5744899
2016-06-08,166.93,167.469,166.807,167.381,1212009.0577472
2016-06-09,166.663,167.249,166.433,167.104,1771247.2342577
2016-06-10,165.848,166.174,165.042,165.512,2249189.2261165
2016-06-13,164.966,165.763,164.162,164.248,2695606.2702632
2016-06-14,163.922,164.449,163.049,163.893,2386922.5780805
2016-06-15,164.277,164.908,163.539,163.663,1851726.6077225
2016-06-16,162.867,164.342,161.987,164.181,3194839.5984161
2016-06-17,164.142,164.142,162.982,163.597,1980134.959435
2016-06-20,165.418,166.023,164.537,164.622,1387893.6468964
2016-06-21,165.034,165.456,164.574,165.091,2113308.5646601
2016-06-22,165.301,165.944,164.698,164.824,2595342.9579046
2016-06-23,166.203,166.99,165.753,166.97,2984517.4985497
2016-06-24,161.429,163.863,160.576,160.863,11942648.518207
2016-06-27,159.781,159.781,157.382,158.016,8941088.561987
2016-06-28,159.608,160.951,159.32,160.941,5183221.951518
2016-06-29,162.254,163.903,162.187,163.72,4804302.9291046
2016-06-30,164.122,165.963,163.633,165.934,4427163.5744873
2016-07-01,165.829,166.721,165.819,166.251,2514720.6685616
2016-07-05,165.522,165.59,164.497,165.121,2584955.9987924
2016-07-06,164.631,166.193,163.98,166.088,2545828.3436371
2016-07-07,166.223,166.827,165.291,165.973,1974907.5764771
2016-07-08,167.16,168.658,166.96,168.477,2372919.9515702
2016-07-11,168.879,169.566,168.696,169.1,4158949.0689874
2016-07-12,169.905,170.534,169.703,170.257,2728856.6403287
2016-07-13,170.67,170.67,169.777,170.19,3205494.6551974
2016-07-14,171.436,171.619,170.833,171.227,4275346.2278488
2016-07-15,171.735,171.735,170.554,170.948,2718009.6381344
2016-07-18,171.073,171.562,170.843,171.436,1337800.0668452
2016-07-19,171.055,171.295,170.823,171.276,1162161.6685518
2016-07-20,171.725,172.184,171.314,171.937,1270231.1087638
2016-07-21,171.858,172.067,170.909,171.314,5223812.1472654
2016-07-22,171.466,172.127,171.217,172.077,1944840.9966306
2016-07-25,171.888,171.946,171.092,171.658,1358293.3692214
2016-07-26,171.533,172.022,170.909,171.648,1627843.1471591
2016-07-27,172.05,172.087,170.793,171.542,2455865.4063188
2016-07-28,171.359,171.984,170.909,171.735,1085603.6146916
2016-07-29,171.476,172.318,171.237,172.05,2037110.408449
2016-08-01,172.077,172.414,171.436,171.811,2445808.0925896
2016-08-02,171.609,171.743,169.941,170.757,4732746.9309783
2016-08-03,170.71,171.324,170.412,171.295,2383296.4788665
2016-08-04,171.368,171.706,170.978,171.426,1604006.4477804
2016-08-05,172.087,172.855,171.965,172.807,2106538.3161276
2016-08-08,173.036,173.124,172.463,172.713,1668017.1134513
2016-08-09,172.826,173.278,172.532,172.836,2109455.051859
2016-08-10,172.972,173.017,172.077,172.395,1414670.0320016
2016-08-11,172.944,173.412,172.663,173.25,1905481.7551618
2016-08-12,172.954,173.268,172.683,173.094,1991124.8775074
2016-08-15,173.412,173.862,173.372,173.536,1217690.2246976
2016-08-16,173.212,173.241,172.663,172.663,2003209.09307
2016-08-17,172.693,173.144,171.917,172.972,3657674.2344587
2016-08-18,173.001,173.382,172.885,173.353,6036298.3029744
2016-08-19,172.972,173.278,172.483,173.154,1379365.6373812
2016-08-22,172.934,173.295,172.548,173.134,1019789.2880479
2016-08-23,173.661,173.957,173.382,173.412,1406753.3268994
2016-08-24,173.324,173.392,172.194,172.587,1344209.3745469
2016-08-25,172.204,172.845,172.087,172.444,1462575.0170726
2016-08-26,172.625,173.536,171.333,172.127,3348322.9060572
2016-08-29,172.254,173.232,172.214,173.017,1321179.0545388
2016-08-30,172.914,173.183,172.194,172.663,1630157.967112
2016-08-31,172.404,172.493,171.496,172.204,2714989.6274253
2016-09-01,172.224,172.463,171.157,172.214,2543821.2622541
2016-09-02,173.036,173.362,172.463,173.001,1802119.1502934
2016-09-06,173.259,173.526,172.587,173.49,1841302.094073
2016-09-07,173.353,173.631,172.954,173.49,1685897.2459394
2016-09-08,173.222,173.432,172.826,173.134,2525735.6229923
2016-09-09,171.868,171.956,168.935,168.935,3973855.2727435
2016-09-12,168.208,171.753,168.15,171.377,3243543.6605867
2016-09-13,170.171,170.403,168.3,168.897,3876851.9028603
2016-09-14,168.955,170.057,168.3,168.801,3420729.0971811
2016-09-15,168.667,170.889,168.541,170.534,2161558.842838
2016-09-16,169.96,170.115,169.279,169.836,2045988.926979
2016-09-19,170.506,171.092,169.636,169.895,2376898.6461623
2016-09-20,170.71,170.853,169.875,169.913,1492096.0129464
2016-09-21,170.564,172.004,169.923,171.848,2581618.8608793
2016-09-22,172.787,173.203,172.54,172.885,2554542.0394756
2016-09-23,172.54,172.663,171.898,171.956,1630102.6784876
2016-09-26,171.266,171.359,170.394,170.584,2827122.2599383
2016-09-27,170.421,171.696,170.096,171.609,1692901.1671485
2016-09-28,171.858,172.625,170.948,172.54,1637416.4246295
2016-09-29,172.318,172.663,170.43,170.928,2378344.4958489
2016-09-30,171.696,172.865,171.476,172.3,3629555.2746445
2016-10-03,171.858,172.012,171.247,171.743,2461520.4937293
2016-10-04,171.917,172.107,170.375,170.958,3282636.8907494
2016-10-05,171.496,172.077,171.456,171.648,1299353.6092695
2016-10-06,171.466,172.004,170.968,171.868,1283953.1194259
2016-10-07,172.059,172.214,170.524,171.257,2070136.4944723
2016-10-10,172.077,172.512,171.975,172.032,1496149.8166132
2016-10-11,171.687,171.753,169.299,169.905,3047668.5825886
2016-10-12,170.057,170.604,169.606,170.134,1682127.1876656
2016-10-13,168.955,170.047,168.15,169.606,2774771.234922
2016-10-14,170.524,170.938,169.616,169.626,1405544.2794341
2016-10-17,169.636,169.875,168.935,169.166,1525854.4124474
2016-10-18,170.574,170.624,169.787,170.125,1456917.8432988
2016-10-19,170.385,170.899,170.067,170.604,1200886.6556126
2016-10-20,170.276,170.793,169.693,170.316,1510444.5339693
2016-10-21,169.566,170.459,169.445,170.365,1587206.0082401
2016-10-24,171.167,171.397,170.775,171.073,942109.81397613
2016-10-25,170.948,171.187,170.375,170.584,1689315.7520165
2016-10-26,169.73,170.71,169.566,170.19,1386475.9631127
2016-10-27,170.862,170.889,169.646,169.721,1885878.2866837
2016-10-28,169.703,170.296,168.57,169.241,3035233.8580113
2016-10-31,169.538,169.721,169.1,169.241,2094491.6551023
2016-11-01,169.556,169.566,166.874,168.032,2832940.0836774
2016-11-02,167.727,168.062,166.577,166.91,3915811.6057792
2016-11-03,167.18,167.371,165.973,166.251,1743792.7811176
2016-11-04,166.308,167.104,165.905,166.059,2561867.2606152
2016-11-07,168.349,169.721,168.208,169.674,3112279.0776751
2016-11-08,169.396,170.988,169.136,170.469,3515550.1311737
2016-11-09,169.06,172.865,169.04,172.292,7056278.4932536
2016-11-10,173.046,173.795,171.359,172.673,5906389.8561325
2016-11-11,172.059,172.522,171.436,172.365,2215813.6742598
2016-11-14,172.826,173.008,171.743,172.395,3057451.5395591
2016-11-15,172.817,173.775,172.625,173.765,2920397.2988116
2016-11-16,173.25,173.661,173.154,173.472,1378268.2103463
2016-11-17,173.584,174.418,173.5,174.333,1357107.2717512
2016-11-18,174.446,174.591,173.795,174.004,1923850.0966349
2016-11-21,174.534,175.29,174.4,175.252,3045707.4011956
2016-11-22,175.588,175.799,174.993,175.588,3198179.8658739
2016-11-23,175.252,175.781,174.993,175.761,1690088.7495763
2016-11-25,176.105,176.49,175.999,176.49,2125435.5506678
2016-11-28,176.096,176.365,175.444,175.616,2528868.2973132
2016-11-29,175.588,176.346,175.28,175.922,1948437.88676
2016-11-30,176.508,176.642,175.405,175.482,2720398.5239802
2016-12-01,175.751,175.781,174.524,174.86,3784088.0229671
2016-12-02,174.926,175.33,174.62,174.975,2443627.8430621
2016-12-05,175.712,176.297,175.501,175.952,2387881.2619636
2016-12-06,176.181,176.576,175.712,176.566,2782529.3764222
2016-12-07,176.44,178.905,176.297,178.798,2598402.6095142
2016-12-08,178.837,179.747,178.579,179.258,3428383.9637036
2016-12-09,179.508,180.4,179.47,180.37,2273943.9252963
2016-12-12,180.303,180.736,179.815,180.17,2789854.5975616
2016-12-13,180.831,181.83,180.784,181.398,3079069.3916916
2016-12-14,181.109,181.731,179.47,179.911,4881354.407858
2016-12-15,180.131,181.425,180.008,180.591,3239315.6455939
2016-12-16,181.09,181.109,179.98,180.267,3544143.7386123
2016-12-19,180.468,181.07,180.303,180.677,2354433.7305771
2016-12-20,181.167,181.492,180.967,181.349,3684439.1445664
2016-12-21,181.282,181.408,180.869,180.869,1782803.5999345
2016-12-22,180.774,180.841,180.19,180.65,2135866.3234069
2016-12-23,180.63,180.831,180.43,180.803,1466040.4663213
2016-12-27,181.053,181.609,181.053,181.233,2083367.1666045
2016-12-28,181.482,181.54,179.681,179.825,2553305.869289
2016-12-29,179.853,180.161,179.307,179.786,2031960.2209289
2016-12-30,180.073,180.131,178.444,179.135,4872211.9643851
2017-01-03,180.341,180.917,179.356,180.4,5443575.0405401
2017-01-04,180.812,181.636,180.736,181.445,5297399.2199515
2017-01-05,181.272,181.522,180.65,181.32,3176639.2091794
2017-01-06,181.474,182.443,180.984,182.01,2514963.7298726
2017-01-09,181.77,181.895,181.389,181.445,1954171.2127901
2017-01-10,181.408,182.203,181.08,181.425,2509129.2152282
2017-01-11,181.349,181.925,180.736,181.925,6506996.4418579
2017-01-12,181.455,181.646,180.229,181.522,3717781.3146121
2017-01-13,181.636,182.163,181.589,181.876,3234699.5670491
2017-01-17,181.31,181.666,180.917,181.253,1936817.887006
2017-01-18,181.492,181.666,181.003,181.618,2269648.1035001
2017-01-19,181.713,181.857,180.62,181.033,1893106.4919351
2017-01-20,181.599,182.097,181.129,181.589,2386781.7485656
2017-01-23,181.349,181.666,180.486,181.187,5255449.7585896
2017-01-24,181.369,182.728,181.272,182.337,2222042.5115462
2017-01-25,183.237,183.901,183.085,183.842,3285972.9854808
2017-01-26,183.784,184.023,183.477,183.725,2847961.8986032
2017-01-27,183.784,183.891,183.287,183.477,1636709.1475102
2017-01-30,182.807,182.835,181.389,182.347,3188636.8406696
2017-01-31,181.77,182.337,181.31,182.337,4340122.5888083
2017-02-01,182.931,183.151,181.8,182.364,3092411.684254
2017-02-02,182.001,182.728,181.676,182.443,1903866.9100573
2017-02-03,183.334,183.861,183.066,183.775,4887219.1747686
2017-02-06,183.363,183.716,183.131,183.428,1541992.4316767
2017-02-07,183.784,183.966,183.247,183.477,1368693.8896944
2017-02-08,183.18,183.765,182.941,183.697,1256214.9208927
2017-02-09,183.909,185.02,183.871,184.742,1418061.4153573
2017-02-10,185.108,185.693,184.99,185.499,1618588.0400743
2017-02-13,185.968,186.727,185.932,186.457,2011151.8777119
2017-02-14,186.354,187.235,186.018,187.235,2897308.5606344
2017-02-15,187.014,188.375,186.986,188.194,2345495.7506962
2017-02-16,188.232,188.385,187.359,188.058,2200827.3275083
2017-02-17,187.464,188.328,187.416,188.328,1662959.7690929
2017-02-21,188.769,189.62,188.7,189.449,2169559.0024676
2017-02-22,189.123,189.519,188.978,189.362,1686394.8435588
2017-02-23,189.814,189.814,188.749,189.469,1967914.0870839
2017-02-24,188.672,189.708,188.615,189.68,1877156.2453923
2017-02-27,189.62,190.121,189.372,189.947,2225756.2380138
2017-02-28,189.64,189.841,189.123,189.421,2498267.6084915
2017-03-01,191.021,192.546,190.993,192.095,3810120.6195972
2017-03-02,191.97,191.999,190.877,190.983,1891729.4922336
2017-03-03,190.83,191.186,190.483,191.098,2023236.0932745
2017-03-06,190.273,190.791,189.89,190.475,1754550.0696951
2017-03-07,190.197,190.503,189.708,189.89,1997228.5330026
2017-03-08,190.168,190.389,189.421,189.509,2044907.1476681
2017-03-09,189.63,190.073,188.894,189.698,1873423.741656
2017-03-10,190.695,190.705,189.574,190.361,2085596.4456667
2017-03-13,190.37,190.571,190.091,190.475,1590872.7915362
2017-03-14,190.004,190.044,189.257,189.824,1636864.5815675
2017-03-15,190.322,191.836,190.091,191.424,3849188.8134017
2017-03-16,191.626,191.665,190.791,191.107,1960744.3000016
2017-03-17,191.368,191.49,190.705,190.705,1820535.4781196
2017-03-20,190.734,191.011,190.197,190.533,1187205.3290326
2017-03-21,191.107,191.221,187.974,188.107,3971880.5299898
2017-03-22,188.107,188.779,187.562,188.501,2965768.3957954
2017-03-23,188.289,189.372,188.002,188.289,2779607.4247828
2017-03-24,188.597,189.163,187.494,188.232,3019986.7158616
2017-03-27,186.603,188.223,186.403,187.946,2375928.4872817
2017-03-28,187.753,189.758,187.648,189.323,3486625.8351704
2017-03-29,189.123,189.766,188.913,189.611,1994662.3062862
2017-03-30,189.509,190.332,189.333,190.101,2845914.1331379
2017-03-31,189.833,190.312,189.65,189.65,1518752.4321685
2017-04-03,189.804,189.938,188.232,189.431,3244063.1650194
2017-04-04,189.113,189.574,188.779,189.536,2830801.5614136
2017-04-05,190.121,191.061,188.779,188.97,2630577.4593584
2017-04-06,189.113,189.938,188.672,189.449,1863872.370999
2017-04-07,189.238,189.9,188.836,189.277,2094299.7096894
2017-04-10,189.411,190.111,188.932,189.411,1496465.9006356
2017-04-11,189.046,189.247,187.829,189.183,2038826.442168
2017-04-12,188.922,189.095,188.136,188.385,2284109.7299111
2017-04-13,188.048,188.691,187.12,187.12,2061074.375982
2017-04-17,187.609,188.788,187.416,188.779,1992707.3839826
2017-04-18,188.078,188.691,187.579,188.242,3075515.2720074
2017-04-19,188.759,189.104,187.658,187.857,2318363.6406682
2017-04-20,188.461,189.795,188.136,189.382,3119101.4852872
2017-04-21,189.323,189.372,188.413,188.836,2959433.1539868
2017-04-24,190.887,191.08,190.427,190.84,2698367.5719372
2017-04-25,191.48,192.297,191.378,192.009,1990817.1389378
2017-04-26,191.96,192.766,191.817,191.855,3219377.3158247
2017-04-27,192.154,192.297,191.529,192.019,1316591.1418969
2017-04-28,192.267,192.277,191.5,191.636,1434601.0594996
2017-05-01,192.125,192.478,191.684,192.095,1718041.8435173
2017-05-02,192.228,192.316,191.778,192.154,2935059.2160881
2017-05-03,191.788,192.125,191.328,191.98,1882027.9034274
2017-05-04,192.209,192.287,191.396,192.135,1641629.8350799
2017-05-05,192.468,192.901,192.095,192.901,1973213.4495716
2017-05-08,192.967,193.073,192.478,192.91,2537479.7613558
2017-05-09,193.112,193.264,192.374,192.668,1867286.7043498
2017-05-10,192.641,193.054,192.458,193.035,1217293.8156927
2017-05-11,192.632,192.796,191.655,192.632,2116877.2888865
2017-05-12,192.421,192.506,192.095,192.345,1205172.0455928
2017-05-15,192.746,193.484,192.707,193.302,1643717.2414456
2017-05-16,193.629,193.677,192.853,193.264,2789346.5681264
2017-05-17,191.645,192.045,189.718,189.841,3991541.3734554
2017-05-18,189.64,191.328,189.479,190.533,3302193.4160558
2017-05-19,191.011,192.393,190.954,191.739,2779127.5612505
2017-05-22,192.199,192.891,192.181,192.796,2121379.6606378
2017-05-23,193.122,193.322,192.766,193.169,1436077.1614524
2017-05-24,193.42,193.733,193.103,193.639,1659113.558563
2017-05-25,194.128,194.846,193.926,194.558,1784848.2358551
2017-05-26,194.415,194.683,194.338,194.567,1364332.3474578
2017-05-30,194.242,194.596,194.118,194.377,1724493.9216643
2017-05-31,194.664,194.693,193.658,194.338,2653489.8998465
2017-06-01,194.751,195.882,194.511,195.833,2405400.4536209
2017-06-02,195.912,196.659,195.614,196.466,2118991.8179736
2017-06-05,196.36,196.62,196.199,196.322,2088921.0654007
2017-06-06,195.803,196.332,195.644,195.746,1653405.2688912
2017-06-07,196.092,196.303,195.422,196.082,1515850.3009795
2017-06-08,196.199,196.65,195.681,196.15,1273138.4558609
2017-06-09,196.486,197.195,194.713,195.93,2415582.9491409
2017-06-12,195.654,195.912,195.048,195.843,2067707.967726
2017-06-13,196.36,196.87,196.063,196.81,2476130.2519262
2017-06-14,197.089,197.108,195.813,196.611,2151340.8791437
2017-06-15,195.365,196.303,195.048,196.199,2476558.9995606
2017-06-16,196.37,196.428,195.431,196.246,1829271.0807716
2017-06-19,197.022,197.904,196.919,197.839,1635093.259224
2017-06-20,197.56,197.56,196.533,196.572,1558209.7327069
2017-06-21,196.87,197.013,196.063,196.494,1622124.4256714
2017-06-22,196.523,196.955,196.246,196.37,1533577.0857736
2017-06-23,196.494,196.955,196.121,196.715,1428000.8495666
2017-06-26,197.262,197.646,196.601,196.783,1500829.5292352
2017-06-27,196.572,196.84,195.153,195.172,3948059.4783349
2017-06-28,196.131,197.118,195.94,196.927,3265415.0058459
2017-06-29,197.089,197.195,194.118,195.201,5237730.2760668
2017-06-30,196.006,196.293,195.365,195.535,3386637.9227522
2017-07-03,196.466,196.85,195.912,195.987,2001407.5184605
2017-07-05,196.227,196.533,195.478,196.322,2319837.6562577
2017-07-06,195.614,195.698,194.377,194.577,2885807.4835818
2017-07-07,195.057,195.959,194.952,195.785,2439341.4099004
2017-07-10,195.654,196.37,195.515,196.006,2044288.540984
2017-07-11,195.863,196.16,194.827,195.843,1861005.7079839
2017-07-12,196.81,197.502,196.81,197.329,1694062.2282605
2017-07-13,197.406,197.79,197.167,197.646,1687152.1933946
2017-07-14,197.71,198.938,197.599,198.548,1865079.332101
2017-07-17,198.528,198.911,198.441,198.576,1335638.5945864
2017-07-18,198.25,198.749,197.887,198.729,3572450.4711131
2017-07-19,199.017,199.774,198.997,199.774,1425484.6955664
2017-07-20,200.022,200.12,199.37,199.842,1926190.9961276
2017-07-21,199.341,199.706,199.111,199.696,2795539.9372385
2017-07-24,199.6,199.755,199.209,199.62,1451036.3854826
2017-07-25,200.358,200.416,199.926,200.1,1530715.6386664
2017-07-26,200.407,200.416,199.887,200.165,1787557.3784497
2017-07-27,200.558,200.588,198.71,199.936,2081488.3965571
2017-07-28,199.487,199.832,199.092,199.696,2684649.7340016
2017-07-31,200.1,200.165,199.399,199.581,3429492.865736
2017-08-01,200.165,200.184,199.61,200.042,1899705.6586865
2017-08-02,200.174,200.272,199.276,200.148,2145707.6985465
2017-08-03,200.051,200.051,199.497,199.793,1438073.8110196
2017-08-04,200.234,200.416,199.755,200.13,1180810.6258732
2017-08-07,200.194,200.475,200.071,200.455,959502.78066068
2017-08-08,200.204,201.317,199.658,200.051,1209462.651481
2017-08-09,199.331,200.042,199.017,199.955,1742536.7904806
2017-08-10,199.226,199.331,197.128,197.195,3451178.5246719
2017-08-11,197.377,197.97,197.148,197.462,1799209.716833
2017-08-14,198.621,199.6,198.621,199.389,2500145.3353573
2017-08-15,199.755,199.783,199.102,199.409,1487005.2867772
2017-08-16,199.86,200.252,199.341,199.735,1736885.8757965
2017-08-17,199.189,199.447,196.63,196.63,3850610.6699118
2017-08-18,196.466,197.492,195.892,196.256,3055980.6535143
2017-08-21,196.236,196.705,195.584,196.514,1455088.1027863
2017-08-22,197.022,198.661,196.993,198.489,1652885.7644584
2017-08-23,197.655,198.181,197.482,197.81,1661584.8557547
2017-08-24,198.162,198.279,197.158,197.357,1527758.2188529
2017-08-25,198.088,198.641,197.664,197.78,1386313.2267843
2017-08-28,198.279,198.317,197.433,197.839,895324.16275345
2017-08-29,196.611,198.279,196.523,197.999,1583228.3568295
2017-08-30,198.009,199.226,197.848,199.007,1554034.9199755
2017-08-31,199.571,200.407,199.497,200.165,2501279.2737478
2017-09-01,200.568,200.887,200.358,200.501,1582681.7296753
2017-09-05,199.995,200.214,198.108,199.027,2523790.089323
2017-09-06,199.687,200.032,199.189,199.726,1729817.2773286
2017-09-07,200.022,200.022,199.323,199.677,1839972.0375432
2017-09-08,199.409,199.887,199.236,199.37,2154018.7262905
2017-09-11,200.647,201.662,200.637,201.538,1825132.7793958
2017-09-12,201.959,202.295,201.776,202.286,1743111.5835379
2017-09-13,201.997,202.4,201.92,202.4,1311563.0066231
2017-09-14,202.066,202.485,201.949,202.335,2105448.1913638
2017-09-15,202.197,202.66,202.085,202.621,1612157.8687408
2017-09-18,202.947,203.321,202.66,202.976,1501860.1926482
2017-09-19,203.234,203.283,202.947,203.215,1472742.9080505
2017-09-20,203.292,203.379,202.364,203.321,2090427.4196197
2017-09-21,203.176,203.205,202.583,202.773,2145777.5917131
2017-09-22,202.475,202.947,202.447,202.744,1806752.9629252
2017-09-25,202.544,202.9,201.681,202.428,1721196.4246518
2017-09-26,202.792,202.976,202.276,202.505,2638060.2009183
2017-09-27,203.166,203.627,202.325,203.283,2376643.0666722
2017-09-28,203.013,203.58,202.956,203.512,1224672.2390933
2017-09-29,203.494,204.317,203.34,204.261,1950195.6477426
2017-10-02,204.462,205.104,204.374,205.104,2214440.8472847
2017-10-03,205.256,205.592,205.045,205.545,1486787.2618244
2017-10-04,205.467,206.042,205.333,205.803,1137667.7647701
2017-10-05,206.11,207.05,206.032,207.022,1655254.8298539
2017-10-06,206.645,206.848,206.398,206.839,1244265.2757555
2017-10-09,206.655,206.821,206.216,206.483,868158.6709144
2017-10-10,206.973,207.339,206.503,206.992,1160989.1324424
2017-10-11,206.885,207.329,206.762,207.329,1165321.4655942
2017-10-12,207.002,207.356,206.801,207.012,1219471.9788569
2017-10-13,207.442,207.442,207.135,207.231,1206448.8998615
2017-10-16,207.48,207.729,207.153,207.577,1996816.4762737
2017-10-17,207.538,207.729,207.309,207.7,1505319.3828076
2017-10-18,208.064,208.094,207.719,207.892,1726060.7804156
2017-10-19,207.144,208.006,206.781,208.006,1868208.8768772
2017-10-20,208.726,209.044,208.468,209.014,1464539.3280104
2017-10-23,209.321,209.321,208.142,208.286,1243356.664589
2017-10-24,208.613,208.814,208.257,208.564,2053889.9843573
2017-10-25,208.286,208.373,206.503,207.567,2195591.5990977
2017-10-26,208.104,208.373,207.709,207.759,3725310.9993437
2017-10-27,208.564,209.675,208.286,209.533,3191582.7854857
2017-10-30,208.995,209.426,208.477,208.785,1460615.9220426
2017-10-31,209.111,209.302,208.823,208.995,1533630.2880347
2017-11-01,209.821,210.108,208.995,209.371,2347483.0116291
2017-11-02,209.282,209.57,208.304,209.455,2155140.146502
2017-11-03,209.628,210.146,209.186,210.136,2185281.8354233
2017-11-06,210.001,210.568,209.981,210.471,1907887.3319132
2017-11-07,210.568,210.855,209.885,210.376,1693617.8329023
2017-11-08,210.126,210.779,209.925,210.702,5322318.7418228
2017-11-09,209.541,210.061,208.43,209.952,1857542.3450982
2017-11-10,209.533,209.952,209.235,209.831,1151185.3118401
2017-11-13,209.176,210.211,209.158,210.061,1016917.4091249
2017-11-14,209.272,209.647,208.574,209.55,3121127.343939
2017-11-15,208.667,209.102,207.854,208.468,2748879.4678069
2017-11-16,209.351,210.606,209.331,210.24,1211443.6533243
2017-11-17,209.943,210.108,209.6,209.694,1548309.9393983
2017-11-20,209.895,210.174,209.657,209.981,1604135.8022977
2017-11-21,210.721,211.554,210.664,211.364,1300930.8998368
2017-11-22,211.429,211.517,211.049,211.21,2421887.9386835
2017-11-24,211.671,211.803,211.544,211.671,1377580.7536771
2017-11-27,211.718,212.013,211.4,211.604,2998641.1341247
2017-11-28,212.062,213.74,211.949,213.692,2029600.5441677
2017-11-29,213.858,214.373,213.175,213.614,2757348.0159714
2017-11-30,214.469,216.34,214.42,215.398,6154891.3590871
2017-12-01,215.313,215.725,212.005,214.996,4265224.2368609
2017-12-04,216.597,216.914,214.728,214.777,2442766.1750671
2017-12-05,215.006,215.6,213.875,213.988,2129307.8407376
2017-12-06,213.712,214.45,213.614,213.988,1361338.4162886
2017-12-07,213.932,215.006,213.808,214.708,3015812.9463117
2017-12-08,215.476,215.906,215.264,215.876,1904225.7645249
2017-12-11,215.915,216.606,215.886,216.578,2838458.5142994
2017-12-12,216.798,217.364,216.587,216.941,2095545.2685103
2017-12-13,217.181,217.575,216.826,216.885,2042987.6935386
2017-12-14,217.211,217.277,215.964,216.022,2183454.1812739
2017-12-15,216.99,218.236,216.904,217.844,3581694.1032004
2017-12-18,219.07,219.53,219.012,219.186,2356912.3300398
2017-12-19,219.443,219.472,218.314,218.409,3581382.1919044
2017-12-20,219.251,219.3,217.978,218.245,2903459.1593012
2017-12-21,218.81,219.34,218.466,218.688,2555496.5506324
2017-12-22,218.706,218.744,218.14,218.638,2132384.1832526
2017-12-26,218.484,218.534,218.14,218.38,1676505.482066
2017-12-27,218.534,218.802,218.245,218.504,1550845.9138485
2017-12-28,218.889,218.955,218.592,218.898,2638526.5030899
2017-12-29,219.462,219.472,217.929,218.169,2615972.9170695
2018-01-02,218.908,219.769,218.553,219.769,3128071.8037973
2018-01-03,219.913,221.179,219.856,221.055,3280023.7208612
2018-01-04,221.706,222.465,221.628,222.025,3280269.9117169
2018-01-05,222.771,223.586,222.3,223.452,2462219.425396
2018-01-08,223.383,224.017,223.114,223.921,2783487.0171237
2018-01-09,224.284,224.974,224.045,224.401,2394625.4309563
2018-01-10,223.681,224.275,223.068,224.007,2196332.258028
2018-01-11,224.543,225.655,224.43,225.655,2563122.2080704
2018-01-12,225.922,227.306,225.81,227.16,2276655.1542541
2018-01-16,228.388,228.925,225.713,226.326,4176595.5287988
2018-01-17,227.248,228.879,226.575,228.503,2094005.5324805
2018-01-18,228.417,228.8,227.699,228.206,3546457.5153835
2018-01-19,228.703,229.184,228.148,229.174,2857217.005688
2018-01-22,228.972,231.044,228.972,231.016,1805422.9063954
2018-01-23,231.101,231.809,230.794,231.55,2429744.1392533
2018-01-24,232.146,232.681,230.363,231.426,3298841.6736006
2018-01-25,232.281,232.329,230.812,231.541,4030639.8195261
2018-01-26,232.423,234.254,232.088,234.244,3212462.0650509
2018-01-29,233.757,234.14,232.559,232.606,5780587.372037
2018-01-30,230.947,231.56,229.872,230.113,7502566.1828827
2018-01-31,231.091,231.588,229.423,230.343,6290594.6796729
2018-02-01,229.741,231.35,229.423,230.093,3510330.050487
2018-02-02,228.898,229.019,225.101,225.174,6218111.2931111
2018-02-05,223.461,225.445,215.15,215.925,9547753.9463991
2018-02-06,212.378,220.392,211.381,219.953,13157075.670885
2018-02-07,219.416,222.596,218.716,218.725,7001609.5187396
2018-02-08,218.993,219.158,210.518,210.606,7830659.3117674
2018-02-09,213.088,215.407,206.704,213.848,10919732.814927
2018-02-12,215.677,218.197,214.028,216.771,4759967.7114418
2018-02-13,215.802,217.9,215.197,217.507,3460000.7113961
2018-02-14,216.117,220.66,215.964,220.354,4101740.9904784
2018-02-15,221.975,223.213,219.674,223.213,3286639.5785181
2018-02-16,222.586,225.024,222.504,223.183,3380992.2239759
2018-02-20,222.337,223.681,221.085,221.832,3882592.5311614
2018-02-21,222.226,224.514,220.651,220.651,3130348.0260313
2018-02-22,221.628,223.144,220.392,220.921,3572758.2096827
2018-02-23,222.186,224.563,221.726,224.563,3285970.8991176
2018-02-26,225.512,227.248,225.014,227.15,2125970.7028246
2018-02-27,227.371,227.985,224.246,224.246,3313661.1112975
2018-02-28,225.349,225.733,221.755,221.755,3054498.292472
2018-03-01,221.927,223.26,217.402,218.82,5826873.3392771
2018-03-02,217.22,220.441,216.423,220.018,3684004.1378425
2018-03-05,218.802,223.039,218.744,222.531,3400788.6810487
2018-03-06,223.432,223.452,221.687,223.078,2172283.792786
2018-03-07,221.045,223.297,220.871,222.981,3069766.2982535
2018-03-08,223.586,224.152,222.674,224.026,3397424.4204143
2018-03-09,225.378,227.92,225.063,227.91,2755628.8527075
2018-03-12,228.254,228.78,227.324,227.68,2281545.5895577
2018-03-13,228.733,229.204,225.635,226.173,3463768.6833066
2018-03-14,227.093,227.258,224.534,224.994,2645313.4425279
2018-03-15,225.502,226.089,224.324,224.774,2430302.2414051
2018-03-16,225.214,225.972,224.994,225.014,1747919.6074958
2018-03-19,224.352,224.362,220.451,221.985,3053590.7244869
2018-03-20,222.337,222.924,221.755,222.396,2239123.5669347
2018-03-21,222.29,224.227,221.735,221.877,3122766.1822201
2018-03-22,219.789,220.623,216.145,216.376,4035812.9570412
2018-03-23,216.771,217.469,211.613,211.755,4290016.490578
2018-03-26,215.15,217.824,212.927,217.585,6188455.7268117
2018-03-27,218.418,218.917,212.427,213.808,3764747.4362502
2018-03-28,213.932,215.505,212.217,213.214,4907039.6250179
2018-03-29,214.297,217.662,213.614,216.292,3258745.9459278
2018-04-02,215.476,215.935,208.995,211.288,5256543.0128981
2018-04-03,212.457,214.44,210.797,213.949,3680024.4000687
2018-04-04,210.74,216.933,210.587,216.433,5146460.2322135
2018-04-05,217.91,218.802,216.924,217.987,3846495.3185311
2018-04-06,216.155,217.565,211.727,213.195,5519775.2831144
2018-04-09,214.566,217.316,213.818,214.048,3308549.5214964
2018-04-10,216.875,218.35,215.84,217.594,3251773.3201664
2018-04-11,216.213,217.987,216.165,216.443,2315023.3732104
2018-04-12,217.739,219.098,217.527,218.255,1929179.7113888
2018-04-13,219.656,219.656,216.654,217.652,3232083.2676162
2018-04-16,219.118,220.105,218.37,219.407,2405581.9672179
2018-04-17,221.055,222.29,220.557,221.765,2576328.887026
2018-04-18,222.157,222.674,221.545,221.897,1527882.3574623
2018-04-19,221.228,221.486,219.759,220.67,2235448.4381858
2018-04-20,220.623,220.787,217.969,218.879,2354788.4123185
2018-04-23,219.378,219.875,217.775,218.802,1648270.729095
2018-04-24,219.769,219.913,214.45,215.821,4089210.2931944
2018-04-25,215.783,216.771,214.058,216.376,2635625.4150824
2018-04-26,217.287,219.3,216.895,218.592,2358072.3479702
2018-04-27,219.08,219.398,217.9,218.81,2438744.7100296
2018-04-30,219.34,219.847,216.971,217.038,2402070.6179789
2018-05-01,216.616,217.575,215.092,217.498,2600226.0909371
2018-05-02,217.277,218.015,215.637,216.003,1831597.375722
2018-05-03,215.207,216.117,212.561,215.495,2984507.0667338
2018-05-04,214.65,218.927,214.345,218.37,1998135.0578062
2018-05-07,219.051,219.983,218.409,219.032,3500164.2458722
2018-05-08,218.744,219.359,217.623,219.022,2154026.0285617
2018-05-09,219.674,221.496,219.195,221.15,1685807.5323224
2018-05-10,221.897,223.537,221.794,223.241,1721013.8678731
2018-05-11,223.393,224.18,222.885,223.767,1906630.2980947
2018-05-14,224.362,224.935,223.537,224.026,1654512.0845604
2018-05-15,222.904,222.924,221.647,222.494,2910806.2872541
2018-05-16,222.54,223.835,222.531,223.432,2897480.685597
2018-05-17,223.173,224.236,222.54,223.26,1919119.2681149
2018-05-18,222.934,223.231,222.366,222.714,1906273.5299902
2018-05-21,224.045,224.871,223.738,224.332,1413963.7980637
2018-05-22,224.861,225.101,223.442,223.681,1181226.8553285
2018-05-23,222.577,224.391,222.426,224.391,1661164.453573
2018-05-24,224.017,224.246,222.254,223.949,2266961.9109006
2018-05-25,223.393,223.929,222.894,223.393,1852176.2189887
2018-05-29,221.822,222.54,219.769,220.796,4998471.3620179
2018-05-30,222.034,224.152,221.946,223.719,1521861.113313
2018-05-31,223.355,223.613,221.822,222.282,2662529.0683417
2018-06-01,223.557,224.842,223.508,224.622,2186923.8032492
2018-06-04,225.302,225.857,225.12,225.598,2273782.2321496
2018-06-05,225.723,226.144,225.044,225.922,1669011.2655085
2018-06-06,226.365,227.783,225.782,227.726,3092738.2000925
2018-06-07,228.148,228.444,226.824,227.621,2928339.040272
2018-06-08,227.267,228.378,227.112,228.338,1698443.5909472
2018-06-11,228.522,229.326,228.444,228.629,2963884.4098401
2018-06-12,229.078,229.289,228.368,229.019,1323228.9063672
2018-06-13,229.194,229.423,228.022,228.09,2806866.8029652
2018-06-14,229,229.279,228.235,228.751,2142393.5106285
2018-06-15,228.06,228.77,227.055,228.56,2238610.3215914
2018-06-18,227.102,228.138,226.692,228.013,2260580.7691019
2018-06-19,225.885,227.361,225.522,227.16,2085566.1934007
2018-06-20,227.792,228.148,227.229,227.562,1766413.13076
2018-06-21,227.516,227.526,225.655,226.134,4519142.9818232
2018-06-22,227.306,227.409,226.317,226.557,3461539.4042444
2018-06-25,225.483,225.588,221.887,223.412,7487945.9928699
2018-06-26,223.939,224.735,223.278,223.902,3325718.2041386
2018-06-27,224.494,225.791,221.946,222.034,3843329.2623991
2018-06-28,221.966,224.045,221.391,223.402,2939314.3538022
2018-06-29,224.391,225.617,223.596,223.959,4134873.481024
2018-07-02,222.216,224.304,221.985,224.217,2164749.9353281
2018-07-03,225.034,225.101,223.001,223.327,1289939.9385827
2018-07-05,224.468,225.253,223.432,225.234,2170265.2364055
2018-07-06,225.224,227.468,224.88,227.121,2921580.266737
2018-07-09,228.031,229.184,227.995,229.127,4433320.4322437
2018-07-10,229.575,230.047,229.307,229.902,1464450.6575751
2018-07-11,228.522,229.269,228.013,228.348,2601362.1156908
2018-07-12,229.502,230.381,228.907,230.297,3201809.0946328
2018-07-13,230.218,230.831,229.798,230.497,2021915.4253789
2018-07-16,230.591,230.698,229.922,230.353,1106757.2510155
2018-07-17,229.672,231.647,229.622,231.35,2034108.1318271
2018-07-18,231.37,231.876,230.947,231.771,2904120.5364305
2018-07-19,231.148,231.504,230.459,230.89,2284325.6685006
2018-07-20,230.698,231.283,230.487,230.678,3019944.9885979
2018-07-23,230.439,231.255,230.133,231.119,1612051.4642184
2018-07-24,232.337,233.008,231.426,232.184,3249004.7162212
2018-07-25,232.058,234.514,231.964,234.331,2922537.9074385
2018-07-26,233.497,234.292,233.458,233.631,2413533.0973125
2018-07-27,234.043,234.053,231.225,232.097,2970868.510599
2018-07-30,232.106,232.281,230.363,230.777,1784063.7632978
2018-07-31,231.608,232.569,231.245,231.946,2219739.1665908
2018-08-01,232.146,232.663,231.006,231.667,1840101.3920605
2018-08-02,230.439,233.028,230.208,232.835,1968885.2891461
2018-08-03,233.028,233.977,232.835,233.977,2247660.9650841
2018-08-06,233.89,235.023,233.555,234.838,2053190.0095091
2018-08-07,235.348,235.895,235.233,235.509,2917946.8652519
2018-08-08,235.377,235.787,234.984,235.377,1738789.682202
2018-08-09,235.471,235.855,234.955,235.088,1208073.1336004
2018-08-10,233.709,234.254,232.875,233.478,2668659.8465584
2018-08-13,233.747,234.35,232.394,232.615,4105748.8941551
2018-08-14,233.314,234.35,232.989,234.111,1706508.4278354
2018-08-15,232.875,232.989,231.044,232.385,2882919.9569349
2018-08-16,233.709,235.078,233.699,234.274,1886237.1411513
2018-08-17,234.024,235.519,233.699,235.05,2538719.0610872
2018-08-20,235.537,235.855,235.088,235.577,1387505.583344
2018-08-21,236.095,236.93,235.953,236.095,2158876.8229648
2018-08-22,235.759,236.479,235.529,236.018,1902865.455729
2018-08-23,235.796,236.634,235.358,235.676,2571382.1199164
2018-08-24,236.23,237.228,236.191,237.149,2594895.4330017
2018-08-27,238.214,239.085,238.107,238.942,2641393.1661048
2018-08-28,239.451,239.518,238.654,239.076,3372443.350829
2018-08-29,239.296,240.601,239.076,240.39,2357444.3526518
2018-08-30,239.939,240.304,238.875,239.413,2924933.0523739
2018-08-31,239.066,239.862,238.614,239.422,3534156.3180499
2018-09-04,239.085,239.363,238.107,239.085,4036528.5796134
2018-09-05,238.674,238.885,237.447,238.415,5119571.1834963
2018-09-06,238.492,238.753,236.699,237.714,1880402.6265069
2018-09-07,236.634,238.107,236.479,237.129,2934856.8388592
2018-09-10,238.127,238.385,237.437,237.592,3155763.0591589
2018-09-11,236.987,238.806,236.679,238.484,3810475.3013385
2018-09-12,238.425,239.011,237.724,238.512,3364235.5980626
2018-09-13,239.471,240.044,239.183,239.871,2325987.211743
2018-09-14,240.084,240.226,239.183,239.987,2073239.9597086
2018-09-17,239.871,239.909,238.405,238.624,2802182.9176168
2018-09-18,238.855,240.505,238.846,239.939,2031621.1869116
2018-09-19,239.978,240.591,239.871,240.197,2314413.111979
2018-09-20,241.349,242.46,241.28,242.125,3731689.0115976
2018-09-21,242.873,242.978,241.789,241.951,1506763.146131
2018-09-24,241.387,241.512,240.581,241.156,2307072.2431157
2018-09-25,241.55,241.617,240.698,240.86,2629966.1549455
2018-09-26,241.041,242.135,239.805,240.151,2848410.4666878
2018-09-27,240.64,241.856,240.4,240.83,3413037.7193027
2018-09-28,240.304,241.329,240.236,240.801,1967746.1348476
2018-10-01,242.059,242.72,241.11,241.693,2183941.3470774
2018-10-02,241.626,242.259,241.253,241.664,3364914.709279
2018-10-03,242.575,242.987,241.387,241.856,2778975.2567381
2018-10-04,241.271,241.339,238.385,239.89,5549999.3833813
2018-10-05,240.026,240.551,237.159,238.531,2844317.0221204
2018-10-08,237.85,238.806,236.584,238.475,3570566.4851578
2018-10-09,238.146,239.353,237.648,238.166,2304760.5527075
2018-10-10,237.704,237.704,230.257,230.469,6436694.3480051
2018-10-11,229.779,231.101,224.026,225.608,10022298.295813
2018-10-12,229.393,229.613,225.674,228.665,7892548.14608
2018-10-15,228.302,229.539,227.277,227.429,3666659.1575111
2018-10-16,229.154,232.73,228.751,232.251,3669182.6137824
2018-10-17,232.413,232.95,229.978,232.337,3156053.0636414
2018-10-18,231.513,232.048,227.841,229.088,3378980.9698664
2018-10-19,229.632,231.388,228.264,228.898,2976860.5456639
2018-10-22,229.53,229.816,227.39,227.949,2331144.7015342
2018-10-23,224.524,227.734,222.577,226.585,5774171.8052456
2018-10-24,226.499,226.814,219.33,219.828,4509011.602201
2018-10-25,221.572,225.234,220.605,223.747,4928279.845414
2018-10-26,220.317,222.714,217.336,219.809,5854286.0651533
2018-10-29,222.762,223.929,215.313,218.668,5685131.0404547
2018-10-30,218.484,222.157,218.035,221.995,4013704.8095605
2018-10-31,224.265,226.395,223.854,224.332,4517492.6685445
2018-11-01,225.101,226.805,224.036,226.674,3183671.2962914
2018-11-02,227.621,228.031,223.393,225.253,3531643.2935946
2018-11-05,225.694,227.055,224.88,226.537,2120671.3403368
2018-11-06,226.489,228.09,226.423,227.968,2501047.6874344
2018-11-07,229.978,232.931,229.622,232.78,3427731.9752086
2018-11-08,232.166,233.028,231.416,232.385,2735994.0887817
2018-11-09,231.283,231.408,228.859,230.228,3414384.4667381
2018-11-12,229.662,229.892,225.387,225.782,3006083.1916025
2018-11-13,226.28,228.129,224.774,225.425,3434651.3987088
2018-11-14,227.2,227.526,222.416,223.863,4014528.9230182
2018-11-15,222.752,226.692,222.752,226.181,3076247.585485
2018-11-16,225.214,227.651,224.755,226.768,2598199.1891037
2018-11-19,226.27,226.509,222.127,223.001,3298008.1715085
2018-11-20,219.885,221.198,218.064,218.889,5546162.5614857
2018-11-21,220.24,221.314,219.589,219.647,2689933.4487655
2018-11-23,218.035,219.416,217.969,218.226,921501.76162482
2018-11-26,220.23,221.687,219.895,221.657,2770930.2403
2018-11-27,220.66,222.356,220.134,222.329,3160420.8649674
2018-11-28,223.374,227.516,222.494,227.516,4129186.054984
2018-11-29,226.805,228.358,225.733,227.064,3636955.6048586
2018-11-30,226.902,228.981,226.654,228.551,3319035.5828599
2018-12-03,232.32,232.403,229.978,231.379,4372544.6726898
2018-12-04,230.698,231.081,223.662,224.209,4255734.4139179
2018-12-06,220.382,223.69,217.421,223.623,8553612.3209738
2018-12-07,223.288,224.745,217.652,218.447,4356662.2329506
2018-12-10,218.226,219.684,214.267,218.706,6636071.3866077
2018-12-11,221.765,221.927,217.479,218.773,5038491.980616
2018-12-12,221.657,222.865,219.895,220.001,4565892.1216901
2018-12-13,220.777,221.62,218.83,219.923,2895402.6678657
2018-12-14,217.89,218.783,215.293,215.858,5643362.0495082
2018-12-17,214.899,215.955,210.051,211.439,6758581.5895986
2018-12-18,213.03,213.673,209.858,211.354,5174835.8146994
2018-12-19,211.419,214.852,206.503,207.989,9062155.0016545
2018-12-20,207.012,208.42,202.66,204.567,13393071.512913
2018-12-21,205.573,208.026,199.965,200.492,13028709.046435
2018-12-24,199.217,200.184,194.972,194.972,9368746.0715634
2018-12-26,196.63,204.969,194.77,204.845,12793111.699774
2018-12-27,202.132,206.811,199.083,206.742,10565392.194004
2018-12-28,207.892,209.474,205.353,206.483,8202656.8243175
2018-12-31,207.882,208.487,206.196,208.343,7372725.5428444
2019-01-02,205.045,209.272,204.903,208.506,5395371.7055338
2019-01-03,206.791,207.079,203.052,203.512,3673180.0856432
2019-01-04,206.282,210.892,205.928,210.23,5625642.5669854
2019-01-07,210.596,213.253,209.714,211.833,4087911.5321124
2019-01-08,213.988,214.382,211.631,213.875,3912125.0020328
2019-01-09,214.602,215.715,213.473,214.861,5035387.4721981
2019-01-10,213.643,215.915,212.908,215.773,3103427.6818663
2019-01-11,214.728,215.783,214.17,215.667,2813911.4082564
2019-01-14,214.038,215.207,213.673,214.478,2926798.2610605
2019-01-15,214.834,217.201,214.834,216.99,5629650.4706621
2019-01-16,217.316,218.275,217.144,217.469,4485792.4663247
2019-01-17,216.663,219.903,216.626,219.07,3374212.5868092
2019-01-18,220.787,222.456,220.095,222.034,5452689.3181101
2019-01-22,220.641,220.806,217.555,219.06,6382582.4324614
2019-01-23,220.027,220.595,217.191,219.407,3393427.991735
2019-01-24,219.29,220.153,218.409,219.637,2423487.1360641
2019-01-25,221.304,222.216,220.891,221.506,4056407.4480318
2019-01-28,219.472,219.847,218.16,219.789,2655939.2902247
2019-01-29,219.903,220.402,218.734,219.511,2687977.4832803
2019-01-30,220.881,223.719,220.202,222.973,6649581.6314066
2019-01-31,222.875,225.321,222.743,224.842,5855061.1490764
2019-02-01,225.13,225.992,224.342,225.044,4101636.6723192
2019-02-04,225.12,226.674,224.458,226.644,2803633.9832114
2019-02-05,227.055,227.841,226.575,227.641,3985958.2655747
2019-02-06,227.342,227.734,226.604,227.371,2263703.011607
2019-02-07,225.763,226.25,223.576,225.147,4310460.7634195
2019-02-08,223.929,225.483,223.203,225.435,2771889.9673646
2019-02-11,225.982,226.191,225.044,225.542,3294355.9927547
2019-02-12,227,228.78,226.96,228.454,6596790.3837584
2019-02-13,229.204,229.94,228.809,229.154,3937134.2375211
2019-02-14,228.129,229.701,227.409,228.638,3582505.698479
2019-02-15,230.297,231.187,230.084,231.168,3095769.685799
2019-02-19,230.401,232.156,230.401,231.56,2767901.8841382
2019-02-20,231.55,232.432,231.081,232.088,2378556.2617121
2019-02-21,231.476,231.762,230.305,231.264,2228494.589693
2019-02-22,231.809,232.816,231.588,232.643,2337794.9841837
2019-02-25,233.987,234.456,232.883,232.989,3244396.9831289
2019-02-26,232.588,233.574,232.461,232.808,5106668.0703841
2019-02-27,232.126,233.018,231.273,232.69,2356690.1323607
2019-02-28,232.471,232.883,231.956,232.136,2434496.8745868
2019-03-01,233.727,234.092,232.385,233.737,3162497.8395173
2019-03-04,234.686,234.876,230.708,232.845,3732949.1749607
2019-03-05,232.989,233.152,232.048,232.578,2731080.703483
2019-03-06,232.653,232.653,230.812,231.091,2774000.3237255
2019-03-07,230.698,230.812,228.407,229.232,7104957.5190659
2019-03-08,227.459,228.869,226.96,228.76,4988317.0324007
2019-03-11,229.413,232.184,229.393,232.088,2078382.8449577
2019-03-12,232.559,233.393,232.423,232.931,2506392.9499122
2019-03-13,233.747,235.328,233.621,234.524,2177725.0279703
2019-03-14,234.524,234.896,233.937,234.436,1718015.7639775
2019-03-15,234.811,236.239,234.686,235.577,3475985.3829313
2019-03-18,235.712,236.604,235.499,236.43,2018583.5033739
2019-03-19,237.352,238.07,235.607,236.487,4480366.8788643
2019-03-20,236.211,237.312,234.657,235.646,3767555.6810961
2019-03-21,234.916,238.733,234.916,238.346,3255785.3965696
2019-03-22,237.101,237.6,233.727,233.814,4735570.823548
2019-03-25,233.468,234.56,232.442,233.603,3173844.5256942
2019-03-26,235.223,236.248,234.073,235.28,3485381.3195311
2019-03-27,235.348,235.895,232.69,234.207,2977252.7819426
2019-03-28,234.716,235.415,233.64,235.107,1882945.9032284
2019-03-29,236.45,236.776,235.377,236.624,3105545.3404983
2019-04-01,238.375,239.564,238.137,239.343,3624087.9599205
2019-04-02,239.471,239.642,238.684,239.431,1659128.1631053
2019-04-03,240.571,240.918,239.221,239.88,2125119.4666455
2019-04-04,240.111,240.649,239.471,240.467,1906835.8048683
2019-04-05,241.071,241.655,240.801,241.607,1650720.1194732
2019-04-08,241.204,241.876,240.601,241.809,1886894.3455543
2019-04-09,240.889,241.176,240.044,240.541,2212196.9636802
2019-04-10,240.918,241.444,240.561,241.349,3280585.9957394
2019-04-11,241.809,241.809,240.772,241.32,1719539.8522836
2019-04-12,242.824,243.228,242.171,242.968,2087739.1406569
2019-04-15,243.045,243.103,242.02,242.795,1738227.4073239
2019-04-16,243.591,243.629,242.393,242.978,2685121.2520813
2019-04-17,243.947,243.965,241.961,242.375,2053712.6434868
2019-04-18,242.931,243.064,241.674,242.834,3059192.6096363
2019-04-22,242.106,243.169,242.02,243.064,1235872.8798474
2019-04-23,243.38,245.403,243.169,245.174,2871916.4775018
2019-04-24,245.165,245.423,244.559,244.684,1528323.6232758
2019-04-25,244.598,245.155,243.399,244.588,1357254.3603557
2019-04-26,244.598,245.74,243.82,245.702,2383037.7698316
2019-04-29,245.758,246.525,245.672,246.007,2075834.3523282
2019-04-30,245.758,246.439,244.445,246.172,2220631.0868521
2019-05-01,246.784,246.946,244.339,244.376,2927889.4290057
2019-05-02,244.225,245.077,242.46,243.869,3300477.3823368
2019-05-03,245.183,246.448,244.981,246.199,2160050.4022558
2019-05-06,242.19,245.567,241.876,245.242,4351133.3705126
2019-05-07,242.968,243.496,239.296,241.253,5212833.7041905
2019-05-08,240.82,242.355,240.207,240.782,2920584.0283166
2019-05-09,238.806,240.551,237.218,240.044,3394548.3687649
2019-05-10,239.193,241.941,236.383,241.156,3435380.5826416
2019-05-13,236.469,237.352,234.379,235.233,6085575.0718388
2019-05-14,236.133,238.693,235.99,237.283,5158111.5274154
2019-05-15,235.796,239.268,235.587,238.684,2681150.9029418
2019-05-16,239.287,242.143,239.268,240.879,3533525.1931866
2019-05-17,238.762,241.617,238.733,239.422,2982904.7398083
2019-05-20,237.87,238.972,237.053,237.792,3030189.031832
2019-05-21,239.315,240.246,239.085,239.805,3028204.9004438
2019-05-22,238.982,240.044,238.743,239.133,3752882.288822
2019-05-23,237.111,237.129,234.916,236.353,4182518.7138786
2019-05-24,237.582,237.944,236.191,236.746,2010590.6460154
2019-05-28,236.997,237.916,234.57,234.637,2814610.3399231
2019-05-29,233.507,233.88,231.667,233.018,5038460.6851683
2019-05-30,233.65,234.476,232.615,233.669,3265541.2308185
2019-05-31,231.245,232.022,230.449,230.547,4057016.6660816
2019-06-03,230.507,231.532,228.629,229.853,4196133.2768367
2019-06-04,232.012,234.994,231.598,234.906,3878791.1774399
2019-06-05,236.353,236.92,234.686,236.891,2902844.7253434
2019-06-06,237.189,239.085,236.594,238.455,2498454.3379965
2019-06-07,239.431,241.856,239.268,240.83,2059259.2400118
2019-06-10,242.298,243.514,241.866,241.951,3121799.1528843
2019-06-11,243.629,244.004,241.32,241.903,2078022.9473084
2019-06-12,241.713,242.24,241.012,241.444,1878113.8860938
2019-06-13,242.355,242.853,241.703,242.536,1989344.1665298
2019-06-14,242.25,242.785,241.512,242.162,1319902.2002701
2019-06-17,242.47,243.035,242.162,242.393,1955263.4239168
2019-06-18,244.004,245.853,243.679,244.818,2567399.252598
2019-06-19,245.017,245.912,244.108,245.433,1847633.1631553
2019-06-20,247.935,248.165,245.922,247.741,3606547.9046315
2019-06-21,247.551,248.71,247.215,247.444,2441583.2071417
2019-06-24,247.609,247.915,246.986,247.119,3859132.4203374
2019-06-25,247.148,247.176,244.588,244.694,2508591.9767082
2019-06-26,245.507,245.989,244.357,244.455,3278184.5917145
2019-06-27,245.155,245.786,244.867,245.306,2241887.9981536
2019-06-28,246.246,247.033,245.777,246.66,3146127.1907929
2019-07-01,249.688,249.87,247.723,248.769,4916356.2798167
2019-07-02,248.789,249.497,248.019,249.478,3318951.085151
2019-07-03,250.12,251.442,249.976,251.396,2548742.9930054
2019-07-05,250.34,251.328,249.121,251.068,3669083.5115312
2019-07-08,250.004,250.262,249.285,249.822,3417362.7501834
2019-07-09,248.73,250.417,248.67,250.149,2763841.8213819
2019-07-10,251.115,252.199,250.629,251.298,3113772.9137149
2019-07-11,251.894,252.123,250.954,251.806,2454522.8316097
2019-07-12,252.392,253.109,252.075,253.033,3199683.0905481
2019-07-15,253.437,253.457,252.668,253.1,1600023.5804618
2019-07-16,253.043,253.188,252.008,252.286,1706803.648226
2019-07-17,252.286,252.4,250.589,250.589,1918408.8614507
2019-07-18,250.149,251.836,249.698,251.488,3780568.3282755
2019-07-19,252.505,252.515,249.918,250.159,2531009.9491218
2019-07-22,250.51,251.203,250.004,250.743,1423962.6936237
2019-07-23,251.756,252.485,250.991,252.476,1912811.1490276
2019-07-24,251.826,253.676,251.72,253.646,1822121.1141396
2019-07-25,253.319,253.319,251.728,252.41,2045080.3158124
2019-07-26,253.119,254.356,253.023,254.204,1960783.9409021
2019-07-29,254.069,254.107,253.178,253.753,3192601.9739011
2019-07-30,252.449,253.467,252.055,253.129,1910697.6631221
2019-07-31,253.3,253.513,248.432,250.281,5357670.0796149
2019-08-01,250.475,253.198,247.388,248.174,7551926.4062747
2019-08-02,247.34,247.512,244.848,246.342,5794480.4644801
2019-08-05,242.48,242.575,237.081,239.085,8024444.8970364
2019-08-06,240.591,242.384,239.24,242.162,4764866.4921981
2019-08-07,239.333,243.074,237.352,242.337,4649695.0717073
2019-08-08,243.754,247.071,243.237,247.061,3948726.0713722
2019-08-09,246.265,246.794,243.754,245.326,2854800.9971208
2019-08-12,243.985,244.512,241.54,242.49,2048805.5172777
2019-08-13,242.143,247.532,241.856,246.208,3715773.1900473
2019-08-14,242.47,243.006,238.798,238.798,4751784.9950335
2019-08-15,239.757,240.37,237.666,239.545,3037065.6848869
2019-08-16,241.091,243.476,241.041,243.064,2655853.7493342
2019-08-19,245.951,246.65,245.287,246.044,1561895.2932718
2019-08-20,245.584,246.054,244.033,244.138,2035181.5656852
2019-08-21,246.142,246.458,245.527,246.122,2195879.517217
2019-08-22,246.784,247.359,244.425,246.025,2058579.0856138
2019-08-23,244.886,246.372,238.586,239.71,4600753.1641339
2019-08-26,241.761,242.384,240.37,242.384,2479425.6625756
2019-08-27,243.689,244.004,240.763,241.406,2718289.2108011
2019-08-28,240.782,243.265,240.111,243.103,3409768.3881932
2019-08-29,245.517,246.736,244.608,246.255,3414697.4212157
2019-08-30,247.579,247.646,245.296,246.162,4593339.272559
2019-09-03,244.549,245.413,243.476,244.808,3677668.8960339
2019-09-04,246.755,247.492,246.044,247.416,1622055.5756864
2019-09-05,249.793,251.508,249.688,250.695,1916900.4208687
2019-09-06,251.031,251.461,250.39,250.866,2063309.9141338
2019-09-09,251.846,251.856,250.168,250.916,2355602.0939603
2019-09-10,250.31,250.983,249.131,250.974,2040899.2439914
2019-09-11,251.24,252.794,250.666,252.794,2269976.7057016
2019-09-12,253.599,254.575,252.871,253.552,2655585.651665
2019-09-13,254.049,254.346,253.081,253.486,2501179.128315
2019-09-16,252.382,253.023,252.055,252.642,1562968.7271299
2019-09-17,252.459,253.387,252.345,253.329,1954674.0263174
2019-09-18,252.929,253.581,251.051,253.495,2215655.1106579
2019-09-19,253.868,254.74,253.148,253.437,2480066.1760731
2019-09-20,254.03,254.232,251.557,252.065,2251108.680246
2019-09-23,251.645,252.842,251.405,252.247,1416445.5270712
2019-09-24,253.227,253.581,249.314,250.168,5595605.1962234
2019-09-25,250.281,252.094,248.911,251.684,2892396.2185173
2019-09-26,251.694,251.884,249.86,251.183,2558310.0113862
2019-09-27,251.894,251.913,248.364,249.775,3082536.9273037
2019-09-30,250.31,251.626,250.281,251.001,2971499.6354622
2019-10-01,251.786,252.382,247.79,248,4049774.8994695
2019-10-02,246.525,246.525,242.412,243.609,4856245.0269369
2019-10-03,243.409,245.603,240.869,245.547,3252722.6154152
2019-10-04,246.265,249.112,246.182,248.95,2073025.0643008
2019-10-07,248.222,249.678,247.609,247.895,1985991.3808929
2019-10-08,246.112,246.794,243.965,244.033,2345582.3347685
2019-10-09,245.902,247.176,245.296,246.312,2136841.6981955
2019-10-10,246.238,248.808,246.083,248,1710549.7133232
2019-10-11,250.569,252.623,250.427,250.589,3053630.3653873
2019-10-14,250.281,250.876,249.984,250.37,1321135.2409119
2019-10-15,251.26,253.467,251.164,252.774,1948094.6800162
2019-10-16,252.372,252.968,251.941,252.382,1252642.0239399
2019-10-17,253.457,253.897,252.476,253.052,3370202.5967692
2019-10-18,252.633,253.198,251.203,252.008,1254220.3576888
2019-10-21,253.274,253.897,252.823,253.781,3278019.769023
2019-10-22,254.223,254.444,252.784,252.871,1740528.665916
2019-10-23,252.678,253.676,252.476,253.636,1410379.4261134
2019-10-24,254.482,254.594,253.274,254.049,2413257.6973723
2019-10-25,253.542,255.562,253.495,255.095,5975437.0025299
2019-10-28,256.206,256.955,256.206,256.581,1957470.7961658
2019-10-29,256.294,257.3,256.167,256.436,1737188.3984582
2019-10-30,256.61,257.54,255.413,257.32,1975879.8217209
2019-10-31,257.222,257.222,255.191,256.494,2512595.7076586
2019-11-01,257.876,258.948,257.741,258.939,2571523.9926129
2019-11-04,260.404,260.481,259.63,259.954,4130636.0773971
2019-11-05,260.202,260.424,259.39,259.63,3262047.6156667
2019-11-06,259.704,259.974,258.863,259.762,1583687.3567301
2019-11-07,261.008,261.738,260.202,260.673,2927828.9244734
2019-11-08,260.357,261.335,259.669,261.335,2529953.206169
2019-11-11,260.06,260.924,259.878,260.807,1222585.8759092
2019-11-12,261.124,262.171,260.607,261.345,1887009.0955295
2019-11-13,260.424,261.815,260.212,261.459,1877907.3361387
2019-11-14,261.183,261.901,260.569,261.815,2444811.8541691
2019-11-15,263.012,263.75,262.41,263.75,2055308.7113227
2019-11-18,263.511,264.154,263.08,263.923,2485235.1408619
2019-11-19,264.497,264.497,263.241,263.79,3583787.7686557
2019-11-20,263.271,263.741,261.42,262.849,3069689.1028157
2019-11-21,262.898,263.012,261.671,262.429,2510130.6695566
2019-11-22,263.119,263.223,262.081,263.022,1375884.5404085
2019-11-25,263.914,265.047,263.886,265.027,2224292.6542401
2019-11-26,265.094,265.821,264.797,265.554,1957991.3437802
2019-11-27,266.167,266.837,265.896,266.818,1771630.0819019
2019-11-29,266.349,266.558,265.628,265.793,2159469.3501092
2019-12-02,266.147,266.147,263.204,263.627,4803294.1725052
2019-12-03,261.067,261.931,259.752,261.795,3529791.6462686
2019-12-04,262.802,264.01,262.477,263.442,3464159.8764035
2019-12-05,264.136,264.136,262.687,263.95,1734622.1717417
2019-12-06,265.726,266.724,265.686,266.29,1747909.1756799
2019-12-09,266.005,266.598,265.428,265.466,1607654.4538079
2019-12-10,265.466,266.062,264.595,265.207,1980386.3661987
2019-12-11,265.601,266.185,265.247,265.925,1994363.9563508
2019-12-12,265.985,268.965,265.756,268.256,3559252.1376102
2019-12-13,268.045,269.579,267.307,268.353,3823266.7940205
2019-12-16,270.039,270.817,270,270.258,3412703.9011933
2019-12-17,270.701,270.893,270.258,270.308,3973926.2090918
2019-12-18,270.73,270.921,270.318,270.328,3578772.151561
2019-12-19,270.509,271.535,270.49,271.458,2534168.7029825
2019-12-20,272.445,273.27,272.351,272.829,5414418.1150418
2019-12-23,273.414,273.452,272.945,273.107,2513038.0166536
2019-12-24,273.298,273.337,272.82,273.107,1411358.9736283
2019-12-26,273.48,274.517,273.443,274.497,2584733.8011133
2019-12-27,275.283,275.283,274.016,274.497,2405353.5104492
2019-12-30,274.574,274.659,272.494,272.99,2539363.7473111
2019-12-31,272.512,273.875,272.195,273.702,2715644.7454651
2020-01-02,275.073,276.144,274.19,276.117,3404135.207596
2020-01-03,273.164,275.139,272.99,274.096,3510373.8641138
2020-01-06,272.405,275.195,272.351,275.131,3006791.5119035
2020-01-07,274.64,275.054,273.93,274.365,2577321.9959017
2020-01-08,274.536,276.943,274.305,275.8,4025137.0366279
2020-01-09,277.344,277.756,276.74,277.687,2349446.2793854
2020-01-10,278.253,278.36,276.451,276.893,3963149.1000641
2020-01-13,277.507,278.801,277.103,278.725,2959910.931156
2020-01-14,278.389,279.357,277.883,278.34,2832374.6792545
2020-01-15,278.311,279.711,278.227,278.973,3050267.1479345
2020-01-16,280.305,281.312,280.105,281.302,2791173.1790941
2020-01-17,282.003,282.405,281.466,282.272,2397191.6576728
2020-01-21,281.351,282.424,281.276,281.687,2980603.4812162
2020-01-22,282.51,283.057,281.582,281.754,2988619.2885697
2020-01-23,281.129,282.194,280.058,282.042,2888945.3738107
2020-01-24,282.608,282.693,278.311,279.471,3726683.8263188
2020-01-27,274.659,276.394,274.285,275.015,4649426.9740382
2020-01-28,276.366,278.706,275.944,278.004,3850235.1245386
2020-01-29,279.231,279.376,277.517,277.717,2974520.6893529
2020-01-30,275.782,278.771,275.083,278.58,4790636.2070669
2020-01-31,277.995,278.15,272.694,273.604,6684163.1011836
2020-02-03,274.917,277.288,274.842,275.591,3530513.5279303
2020-02-04,278.964,280.564,278.647,279.838,2477935.999262
2020-02-05,282.588,283.2,281.158,282.989,3296253.5400707
2020-02-06,283.872,284.139,282.951,283.958,2081038.785291
2020-02-07,282.97,283.67,281.974,282.529,2430929.1935419
2020-02-10,281.647,284.581,281.609,284.553,2428401.5645444
2020-02-11,285.847,286.547,284.63,285.06,2635807.971861
2020-02-12,286.422,287.085,286.067,286.892,2286618.58164
2020-02-13,285.53,287.506,285.319,286.613,2208452.9849463
2020-02-14,286.938,287.142,285.914,287.095,1769427.9255611
2020-02-18,286.135,286.672,285.012,286.297,3245503.7987981
2020-02-19,287.226,288.31,286.948,287.687,2439865.0870596
2020-02-20,287.16,287.937,283.747,286.557,4990169.7229082
2020-02-21,285.263,285.511,282.789,283.576,2894896.7247934
2020-02-24,274.766,277.008,273.117,274.096,7670126.1829271
2020-02-25,275.492,275.954,264.958,265.869,9149531.8918061
2020-02-26,267.048,270.442,264.164,264.698,11115258.427091
2020-02-27,259.6,263.223,252.929,252.959,16100113.139788
2020-02-28,245.489,252.515,242.653,251.433,25207726.86568
2020-03-02,253.542,262.812,250.29,262.649,13432355.645307
2020-03-03,263.09,266.779,252.929,255.413,10597794.457435
2020-03-04,260.212,266.147,257.876,266.005,5678231.4374047
2020-03-05,259.372,262.227,255.008,257.08,6722277.8270131
2020-03-06,249.18,253.963,246.669,252.774,7207706.7331582
2020-03-09,234.906,241.482,232.385,233.277,17752458.536182
2020-03-10,242.143,245.258,232.403,245.258,11702709.44976
2020-03-11,238.596,239.583,230.189,233.085,12390470.727958
2020-03-12,218.399,226.518,209.915,210.538,26536959.282111
2020-03-13,223.719,230.343,212.042,230.208,21012493.854558
2020-03-16,207.173,218.245,202.802,203.195,18579160.127445
2020-03-17,207.999,217.489,201.357,216.492,16259879.530158
2020-03-18,200.867,208.927,193.648,204.643,21705129.920335
2020-03-19,203.062,210.09,197.185,204.826,13383080.962805
2020-03-20,207.125,208.766,195.25,195.902,12406424.104044
2020-03-23,194.873,195.94,186.43,189.88,15197789.228552
2020-03-24,201.164,208.516,199.716,207.999,14157168.647292
2020-03-25,209.167,218.927,204.806,210.673,12775512.183134
2020-03-26,213.136,224.448,212.742,223.327,13350776.758444
2020-03-27,216.33,222.79,214.44,216.472,12016322.174964
2020-03-30,218.38,224.132,216.578,223.461,9388628.0695266
2020-03-31,222.606,224.917,218.859,220.163,11172637.587381
2020-04-01,211.881,214.786,208.353,210.221,14748132.06238
2020-04-02,209.474,215.85,208.908,215.14,7042681.6643825
2020-04-03,214.219,216.34,209.483,211.978,5905819.2358016
2020-04-06,220.279,228.031,219.32,226.385,8201249.5723497
2020-04-07,234.197,235.004,226.317,226.509,13916011.142746
2020-04-08,228.915,235.233,226.883,234.207,7485414.1911459
2020-04-09,237.159,240.207,235.318,237.674,9479796.9247655
2020-04-13,236.709,236.997,231.839,235.368,8246784.4488435
2020-04-14,240.064,243.228,239.094,242.555,7133160.976589
2020-04-15,237.12,238.816,235.289,237.274,5258984.0578235
2020-04-16,238.475,239.183,235.567,238.484,6632493.2737469
2020-04-17,243.829,245.413,241.233,245.067,7248981.25603
2020-04-20,241.368,244.588,240.39,240.64,6990727.0483712
2020-04-21,236.353,237.515,232.403,233.294,7020145.8124491
2020-04-22,237.832,240.054,236.565,238.425,6060721.2704078
2020-04-23,239.612,242.536,238.166,238.375,8245722.4899828
2020-04-24,239.844,242.355,237.925,241.829,5131343.4877629
2020-04-27,243.563,246.255,243.169,245.326,4186893.8174757
2020-04-28,248.652,248.94,243.82,244.186,6292385.8224664
2020-04-29,249.104,251.913,248.125,250.502,7285916.1434788
2020-04-30,249.2,249.668,246.553,248.298,7945809.8686262
2020-05-01,243.679,244.348,240.531,241.53,5153352.5329923
2020-05-04,239.767,242.536,238.484,242.298,4441507.3213782
2020-05-05,244.915,247.111,244.108,244.531,4773098.2381411
2020-05-06,246.073,246.429,242.766,242.892,3250165.7773331
2020-05-07,245.843,247.56,245.326,245.758,3668392.9253172
2020-05-08,248.7,250.206,247.637,249.86,3449754.5817987
2020-05-11,248.01,251.183,247.685,249.898,3731960.2388115
2020-05-12,250.974,251.367,244.808,244.886,5550508.4559983
2020-05-13,244.366,245.326,238.317,240.531,6042764.9856635
2020-05-14,238.29,243.554,236.104,243.428,8323397.7913281
2020-05-15,241.271,244.598,240.37,244.531,3642526.1945603
2020-05-18,250.38,253.523,250.13,251.988,7281650.5739489
2020-05-19,251.557,253.09,249.449,249.621,5293693.8389365
2020-05-20,252.784,254.511,252.565,253.705,5266933.1015551
2020-05-21,253.608,254.317,250.944,251.866,3852453.9717849
2020-05-22,251.701,252.594,250.549,252.439,2470226.8872967
2020-05-26,257.989,258.191,255.218,255.689,5283632.352481
2020-05-27,258.229,259.4,253.666,259.4,5542469.6986497
2020-05-28,260.319,262.181,258.259,258.91,4985802.9647638
2020-05-29,258.459,260.617,255.996,260.05,7585264.403594
2020-06-01,259.42,261.691,258.976,261.201,4202917.0867299
2020-06-02,261.978,263.329,260.712,263.329,4672778.5939766
2020-06-03,265.112,267.665,264.881,266.827,5989632.6176347
2020-06-04,265.869,267.489,264.211,266.137,4107723.6369089
2020-06-05,271.104,274.593,271.084,272.945,6470951.388307
2020-06-08,273.71,276.385,273.202,276.241,5980600.7514105
2020-06-09,273.769,275.522,272.964,274.285,5041188.6050315
2020-06-10,274.727,275.532,271.996,272.58,6026763.6232228
2020-06-11,266.204,273.777,256.397,256.858,8334810.1979454
2020-06-12,263.397,264.164,255.172,259.954,6704019.0196071
2020-06-15,254.624,263.397,253.581,262.321,4766878.7894892
2020-06-16,269.636,269.781,262.918,267.46,5695830.9540445
2020-06-17,268.41,268.687,265.756,266.243,2864397.2245862
2020-06-18,264.919,266.914,264.527,266.492,2964929.6777954
2020-06-19,269.627,269.839,263.702,264.919,3742966.8477894
2020-06-22,264.356,266.992,263.309,266.684,2708647.0833455
2020-06-23,269.129,269.991,267.498,267.874,2693100.548079
2020-06-24,265.945,266.529,259.353,261.028,4875486.5114026
2020-06-25,260.53,264.116,258.641,263.79,4192501.9617147
2020-06-26,262.82,263.003,257.05,257.596,4818128.2147443
2020-06-29,258.746,261.394,256.706,261.374,3707623.8554501
2020-06-30,260.979,266.272,260.847,264.854,5581551.4538151
2020-07-01,265.726,267.728,265.324,266.676,3972972.7411167
2020-07-02,269.829,271.037,267.422,268.006,3917871.8894236
2020-07-06,271.621,272.465,270.902,272.167,3824496.7051175
2020-07-07,270.681,272.562,269.022,269.348,3660173.6975532
2020-07-08,270.059,271.507,268.455,271.343,2604977.783089
2020-07-09,271.938,272.205,266.714,269.962,3386589.936399
2020-07-10,269.79,272.867,268.505,272.674,2902669.470836
2020-07-13,274.824,277.018,269.694,270.202,3914496.1537916
2020-07-14,268.936,274.086,267.835,273.826,4337408.2303057
2020-07-15,276.769,277.304,274.115,276.241,7064490.4187463
2020-07-16,274.545,275.772,273.921,275.454,3299120.2030857
2020-07-17,276.33,276.923,274.497,276.164,2403496.6472153
2020-07-20,275.973,279.099,275.293,278.467,2718053.4517613
2020-07-21,280.219,280.651,278.16,279.05,3543121.420652
2020-07-22,278.666,280.852,278.561,280.632,4410218.1327058
2020-07-23,280.278,280.899,276.021,277.296,3731713.0047741
2020-07-24,275.532,276.414,274.066,275.502,3050952.5182406
2020-07-27,276.107,277.64,275.425,277.507,2411393.5318672
2020-07-28,276.769,277.843,275.473,275.792,3355508.3408633
2020-07-29,276.596,279.653,276.501,279.118,2537152.2023359
2020-07-30,276.347,278.513,274.419,278.111,3158791.4153207
2020-07-31,279.828,280.431,275.896,280.431,4773537.4175913
2020-08-03,281.877,282.97,281.389,282.204,4033402.164382
2020-08-04,281.476,283.374,281.476,283.374,2278571.4788388
2020-08-05,284.649,285.386,284.369,285.157,2804578.0625521
2020-08-06,284.62,287.15,284.315,287.065,4374924.1699013
2020-08-07,286.154,287.437,285.309,287.217,3552475.6299881
2020-08-10,287.697,288.283,285.866,288.127,2266734.4973135
2020-08-11,289.231,289.796,285.08,285.797,3821735.4034434
2020-08-12,288.042,290.439,288.003,289.721,3160848.5694202
2020-08-13,289.02,290.412,288.339,289.222,4359980.5935949
2020-08-14,288.884,289.701,288.127,289.222,2245199.0565269
2020-08-17,290.094,290.495,289.768,290.162,2336512.914007
2020-08-18,290.553,291.138,289.001,290.765,2585279.3850859
2020-08-19,291.138,291.8,289.03,289.529,2673544.0227725
2020-08-20,287.917,290.869,287.831,290.448,2578268.1616057
2020-08-21,290.132,291.638,289.835,291.482,2478696.4786427
2020-08-24,293.755,294.504,292.834,294.437,2514368.0731835
2020-08-25,294.991,295.537,293.89,295.48,3093612.3862665
2020-08-26,295.979,298.673,295.528,298.492,2788783.2500666
2020-08-27,299.229,300.426,297.589,299.085,2456976.3947142
2020-08-28,300.09,301.156,298.98,301.04,3786974.5064323
2020-08-31,300.878,301.664,299.774,299.977,5423478.1471688
2020-09-01,300.715,302.852,299.909,302.787,3221976.9243522
2020-09-02,304.576,308.068,303.496,307.184,5642958.3382322
2020-09-03,305.584,306.035,294.178,296.563,7375409.6490808
2020-09-04,296.947,298.643,286.786,294.188,5494059.8136882
2020-09-08,289.067,290.226,285.797,286.097,4578361.2712601
2020-09-09,289.825,294.042,289.01,291.731,3574110.173026
2020-09-10,293.468,294.09,285.769,286.642,3840736.9561428
2020-09-11,288.33,289.289,284.236,286.863,3949109.9621981
2020-09-14,289.758,292.241,289.307,290.592,3270466.0911147
2020-09-15,292.932,293.659,291.109,292.078,2751268.3536528
2020-09-16,293.25,294.512,290.649,290.908,2478695.4354611
2020-09-17,286.383,289.931,285.905,288.357,3048120.280218
2020-09-18,289.153,289.193,282.72,285.012,3660984.2496503
2020-09-21,280.767,281.974,277.382,281.915,4855077.7067353
2020-09-22,283.23,285.233,280.949,284.773,2933839.736807
2020-09-23,285.272,285.511,277.687,278.179,2949090.0085014
2020-09-24,276.884,281.706,275.703,278.935,3350267.3965448
2020-09-25,278.072,284.11,277.278,283.392,2872238.8206138
2020-09-28,287.275,288.772,286.336,288.147,2608922.0526886
2020-09-29,287.957,288.579,285.896,286.498,2458690.3420701
2020-09-30,287.207,291.628,287.026,288.713,4586877.8057778
2020-10-01,291.071,291.952,288.818,290.543,3202818.8944138
2020-10-02,285.962,289.585,285.482,287.841,3330093.3077358
2020-10-05,289.691,293.064,289.691,292.872,2519561.0311488
2020-10-06,293.027,294.964,288.273,288.782,3612176.9125022
2020-10-07,291.482,294.484,291.482,293.736,1819862.6259928
2020-10-08,295.575,296.41,294.704,296.334,1845311.0409314
2020-10-09,297.925,299.459,297.34,298.97,2977367.5319176
2020-10-12,301.368,305.201,300.926,303.783,2338227.9045443
2020-10-13,303.706,303.792,300.965,301.846,2376008.8122643
2020-10-14,302.392,303.398,299.296,299.957,2032941.8548071
2020-10-15,296.278,300.016,295.817,299.613,2650247.6914585
2020-10-16,300.917,302.383,299.267,299.354,1779478.9802006
2020-10-19,300.579,301.137,294.052,294.82,2375841.9032096
2020-10-20,296.058,299.056,295.405,295.989,3267726.6962539
2020-10-21,295.989,297.973,295.222,295.463,2778794.7863225
2020-10-22,295.674,297.627,293.726,297.071,2517372.4361687
2020-10-23,298.282,298.282,295.835,298.097,1523225.5948355
2020-10-26,294.954,295.692,289.374,292.606,3554650.6636076
2020-10-27,292.971,293.24,291.443,291.638,2340170.3086688
2020-10-28,286.336,286.92,281.168,281.6,6021122.0971728
2020-10-29,281.832,287.398,280.305,284.562,5717124.3767018
2020-10-30,282.989,284.218,278.131,281.36,6278972.5935556
2020-11-02,284.695,286.508,282.125,284.639,4348067.4598135
2020-11-03,287.697,291.62,287.256,289.662,3599961.2560591
2020-11-04,293.918,299.967,292.798,296.179,6127380.5741411
2020-11-05,301.183,303.637,300.791,301.979,4209417.1512301
2020-11-06,301.644,303.043,299.766,301.942,3879443.1659349
2020-11-09,313.779,314.558,305.259,305.72,8628458.5138415
2020-11-10,304.781,306.208,302.239,305.315,4391144.6004764
2020-11-11,307.263,308.288,306.083,307.463,2955422.1207653
2020-11-12,306.62,307.282,302.862,304.616,2706391.7247435
2020-11-13,306.342,309.428,305.833,308.757,2129542.5565958
2020-11-16,311.24,312.61,310.061,312.506,3216783.9663869
2020-11-17,310.377,312.027,308.969,310.942,3252355.4154948
2020-11-18,311.221,311.683,307.136,307.165,2821523.5043337
2020-11-19,306.64,308.825,305.383,308.46,3156477.6385494
2020-11-20,308.202,308.43,306.293,306.381,3748306.8943593
2020-11-23,308.076,309.303,305.978,308.211,2368438.4434506
2020-11-24,310.636,313.676,309.783,313.186,2834208.5924933
2020-11-25,313.13,313.13,311.693,312.679,2404909.1150909
2020-11-27,313.713,314.019,312.669,313.569,1049306.1111954
2020-11-30,312.88,313.09,309.725,312.161,4449631.6196173
2020-12-01,315.228,317.009,314.671,315.591,3449501.088672
2020-12-02,314.576,316.359,314.059,316.264,2419268.5097058
2020-12-03,316.167,317.47,315.208,316.167,3038115.1255685
2020-12-04,316.725,318.918,316.686,318.891,3098002.094406
2020-12-07,318.191,318.717,317.116,318.294,2066083.7339871
2020-12-08,317.096,319.734,317.057,319.225,2068935.7924599
2020-12-09,319.821,319.954,315.554,316.388,2712114.6189576
2020-12-10,315.075,317.204,314.231,316.236,2918204.5311051
2020-12-11,314.661,316.061,313.215,315.83,2544533.7552813
2020-12-14,317.905,318.872,314.279,314.394,2828776.7459434
2020-12-15,316.857,318.727,315.535,318.727,2943827.1573694
2020-12-16,318.908,320.05,318.095,319.225,3136224.2679394
2020-12-17,320.731,321.181,319.974,320.962,2799324.6000545
2020-12-18,321.304,321.412,317.846,319.675,6420929.7877858
2020-12-21,316.09,319.427,313.541,318.678,4175108.9950302
2020-12-22,318.927,319.004,317.047,318.055,2527226.3294874
2020-12-23,318.994,320.146,318.191,318.304,3907769.718886
2020-12-24,318.833,319.599,318.265,319.58,1536365.510169
2020-12-28,322.006,322.695,321.393,322.36,2970328.1425343
2020-12-29,323.798,323.913,321.191,321.68,2712117.7485024
2020-12-30,322.522,323.117,321.851,322.11,2132232.9219217
2020-12-31,322.081,324.488,321.526,323.846,3722210.663652
2021-01-04,325.103,325.168,316.005,319.456,5733627.5094884
2021-01-05,318.862,322.63,318.853,321.554,3501886.5386809
2021-01-06,320.183,326.501,319.715,323.51,5099344.9356078
2021-01-07,325.791,329.041,325.6,328.352,3861806.0947578
2021-01-08,329.674,330.376,326.616,330.183,3988740.4308807
2021-01-11,327.297,329.617,327.144,328.034,3170921.5308731
2021-01-12,328.199,328.993,326.002,328.063,2439207.8826565
2021-01-13,328.014,329.837,327.258,328.888,3226179.9029866
2021-01-14,329.646,330.087,327.479,327.766,3711728.7750149
2021-01-15,326.28,327.019,323.701,325.438,3844074.0940559
2021-01-19,327.719,328.476,326.367,328.004,3644176.5078389
2021-01-20,330.087,333.289,329.751,332.443,3099513.6645329
2021-01-21,333.046,333.403,331.965,332.76,2740792.7241051
2021-01-22,331.101,332.646,330.73,331.592,1923204.3672295
2021-01-25,332.34,333.26,327.882,332.925,3766440.5199741
2021-01-26,333.787,334.18,332.233,332.415,2579143.3909614
2021-01-27,329.358,329.377,322.246,324.363,5317353.1974446
2021-01-28,326.002,330.805,325.638,327.087,3642475.0786622
2021-01-29,325.379,326.233,319.024,320.537,6159233.0808732
2021-02-01,323.798,326.818,321.69,325.82,3538281.0580649
2021-02-02,328.908,331.995,328.859,330.489,3136294.161106
2021-02-03,331.409,332.415,329.674,330.824,3600684.1809024
2021-02-04,331.802,334.554,331.61,334.535,2110166.5017047
2021-02-05,336.298,336.517,334.803,335.858,2219916.5074615
2021-02-08,337.276,338.329,336.451,338.329,3577613.1768122
2021-02-09,337.544,338.579,337.133,338.053,2007113.7217692
2021-02-10,339.73,339.806,335.722,337.918,2547058.2547341
2021-02-11,338.943,339.317,336.24,338.475,2374270.8717318
2021-02-12,337.746,340.334,337.66,340.199,2275860.2498809
2021-02-16,341.234,341.443,339.202,339.903,4678553.6472704
2021-02-17,338.294,340.132,337.276,339.979,3417385.7001785
2021-02-18,337.563,339.156,335.904,338.504,3201921.7582446
2021-02-19,339.673,339.903,337.467,337.871,2639481.0142466
2021-02-22,335.28,337.515,335.013,335.215,3492620.9997801
2021-02-23,333.269,336.931,329.348,335.647,5572783.5125337
2021-02-24,334.659,339.778,333.757,339.376,3503482.6065167
2021-02-25,338.294,339.481,329.856,331.236,7481091.2466284
2021-02-26,333.056,334.016,327.633,329.406,8043861.6360096
2021-03-01,334.094,338.636,334.045,337.448,3953495.4976111
2021-03-02,337.677,337.908,334.659,334.833,5797300.1843235
2021-03-03,334.237,335.09,330.316,330.412,6704712.7353658
2021-03-04,330.249,332.627,322.178,326.347,7009117.2966577
2021-03-05,329.568,333.306,322.821,332.321,9255608.8551772
2021-03-08,333.212,335.819,330.412,330.7,6010474.3426627
2021-03-09,334.284,337.756,333.787,335.31,6447302.461615
2021-03-10,337.612,339.069,336.278,337.401,7674469.9910765
2021-03-11,339.855,342.769,339.376,340.947,3545400.7724308
2021-03-12,339.693,341.523,338.906,341.433,5144329.0122209
2021-03-15,341.732,343.679,339.654,343.41,3356021.5862066
2021-03-16,344.032,344.668,342.289,343.028,3924996.8196973
2021-03-17,341.888,344.926,340.726,344.15,5318608.1448999
2021-03-18,341.791,343.689,338.533,339.097,5384869.9964465
2021-03-19,338.887,340.315,336.527,338.485,5712550.0254206
2021-03-22,339.021,342.531,338.991,341.157,3627043.2933708
2021-03-23,340.642,341.991,337.802,338.656,5258169.3330002
2021-03-24,339.903,341.351,336.796,336.796,4350125.6570947
2021-03-25,335.511,339.453,333.699,338.675,5823498.6468267
2021-03-26,339.826,344.541,339.231,344.198,3513858.0906313
2021-03-29,342.845,344.839,341.453,343.986,3324227.4976436
2021-03-30,342.835,343.679,341.612,343.114,3908878.6209183
2021-03-31,343.602,345.912,343.602,344.477,7900254.1285006
2021-04-01,346.267,348.252,346.115,348.127,5427321.2281541
2021-04-05,350.705,353.716,350.629,353.15,3980714.1917114
2021-04-06,352.737,353.965,352.382,352.949,3789717.030838
2021-04-07,352.834,353.725,352.431,353.39,2928242.0243839
2021-04-08,354.569,355.116,353.707,355.106,4176708.1924108
2021-04-09,354.992,357.81,354.903,357.663,2778741.5840614
2021-04-12,357.158,358.039,356.562,357.83,2905645.6679182
2021-04-13,357.78,359.438,357.359,358.797,3157346.6088156
2021-04-14,358.807,359.814,357.158,357.645,3903473.8970899
2021-04-15,359.638,361.721,359.592,361.48,3779498.0239621
2021-04-16,362.688,363.245,361.386,362.765,3439633.6339925
2021-04-19,361.797,362.248,359.678,360.964,4172816.0818908
2021-04-20,359.796,360.418,356.928,358.317,4343076.879077
2021-04-21,357.692,361.843,357.562,361.682,3849562.2724117
2021-04-22,361.509,362.268,357.396,358.364,4193198.8070182
2021-04-23,358.912,363.542,358.807,362.19,4000928.9646024
2021-04-26,362.861,363.532,362.468,362.976,3305067.381342
2021-04-27,363.293,363.465,361.892,362.871,3564618.2637198
2021-04-28,363.197,364.204,362.392,362.698,4188304.1989882
2021-04-29,365.381,365.708,361.98,365.113,4452155.0758885
2021-04-30,363.025,363.811,361.902,362.708,5519565.6036143
2021-05-03,364.578,364.94,363.062,363.522,4421413.5575518
2021-05-04,361.702,362.121,357.859,361.298,5801338.3402663
2021-05-05,362.851,363.025,360.856,361.366,2452684.7456445
2021-05-06,361.452,364.394,359.583,364.31,5009915.0640829
2021-05-07,365.019,367.529,364.356,366.905,3718997.6643485
2021-05-10,367.27,367.511,363.187,363.321,6284692.3582249
2021-05-11,359.084,360.964,356.438,360.139,7489034.0312704
2021-05-12,357.463,358.622,351.875,352.441,8150995.3423333
2021-05-13,353.851,358.422,353.812,356.64,7601863.509087
2021-05-14,359.143,362.909,359.143,362.112,5465327.4630979
2021-05-17,361.107,361.922,359.323,361.231,3999212.9308834
2021-05-18,361.442,361.653,357.934,358.116,3308339.8419964
2021-05-19,353.707,357.283,352.336,357.185,5378979.1499961
2021-05-20,357.963,362.151,357.859,360.983,5051608.9459547
2021-05-21,362.382,363.532,360.273,360.716,3772754.8981508
2021-05-24,362.823,365.381,362.583,364.346,3132938.2459244
2021-05-25,365.381,365.728,363.052,363.589,4263833.6757988
2021-05-26,364.126,364.759,363.168,364.242,2794790.9328554
2021-05-27,365.269,365.738,364.346,364.404,3189423.3995901
2021-05-28,365.968,366.198,364.94,365.123,3565121.0772472
2021-06-01,367.357,367.472,364.404,364.837,4641627.1052743
2021-06-02,365.43,366.168,364.49,365.46,3393877.6030012
2021-06-03,363.264,365.103,361.872,364.051,3586100.5022452
2021-06-04,365.767,367.646,365.728,367.357,2779389.39983
2021-06-07,367.376,367.539,366.178,367.041,2644526.8836075
2021-06-08,367.836,367.915,365.42,367.099,2523965.3438305
2021-06-09,367.915,367.961,366.32,366.523,3138898.9855415
2021-06-10,367.702,369.112,366.486,368.228,2762122.6581182
2021-06-11,368.776,368.957,367.576,368.853,2370495.5975502
2021-06-14,368.967,369.782,367.836,369.782,2381817.2473689
2021-06-15,369.848,369.907,368.228,369.006,2543445.7168808
2021-06-16,369.167,369.323,365.019,366.982,4435693.6703657
2021-06-17,366.523,367.749,364.52,366.85,4299287.2453868
2021-06-18,363.838,364.404,361.702,361.99,5511003.1691066
2021-06-21,363.58,367.241,362.784,367.05,4642405.318742
2021-06-22,367.108,369.802,366.379,368.996,2861136.2389294
2021-06-23,369.103,369.848,368.507,368.613,2542509.9829927
2021-06-24,370.566,371.163,370.356,370.724,3159765.7469276
2021-06-25,371.508,372.474,371.192,372.082,3027833.5277971
2021-06-28,372.582,372.984,371.451,372.859,2557652.8069832
2021-06-29,373.204,373.771,372.543,373.023,3085664.3857167
2021-06-30,372.6,373.951,372.6,373.367,4000836.1214407
2021-07-01,374.106,375.571,374.029,375.468,3598836.7063029
2021-07-02,376.53,378.61,376.223,378.322,4598639.6782283
2021-07-06,378.342,378.553,375.053,377.615,4565160.8513941
2021-07-07,378.248,379.196,376.369,378.918,5004127.4926102
2021-07-08,374.019,376.558,372.889,375.897,6131122.4665117
2021-07-09,377.258,380.125,377.066,379.866,3512045.0410244
2021-07-12,379.799,381.437,379.388,381.238,3087284.4467291
2021-07-13,380.537,381.88,379.686,379.953,4545921.4532916
2021-07-14,381.467,381.947,379.339,380.472,3512089.8978328
2021-07-15,379.272,379.876,377.423,379.253,4725944.3438164
2021-07-16,380.307,380.345,375.849,376.3,4760364.1204466
2021-07-19,371.711,372.17,368.066,370.674,13002138.168103
2021-07-20,371.305,377.135,370.032,375.907,4261328.9967962
2021-07-21,377.126,379.159,376.924,379.07,3158363.7108679
2021-07-22,379.244,380.039,378.276,379.876,2714792.4661044
2021-07-23,381.574,384.017,381.017,383.672,3322097.3208326
2021-07-26,383.231,384.651,383.136,384.642,2502501.8825737
2021-07-27,383.74,383.74,380.27,382.933,3821817.8147891
2021-07-28,383.472,384.026,381.447,382.733,3966903.5106139
2021-07-29,383.654,385.333,383.644,384.383,2396964.2440858
2021-07-30,381.967,383.816,381.86,382.505,5485428.5291954
2021-08-02,384.045,384.592,381.353,381.726,6128625.0897804
2021-08-03,382.426,384.881,380.384,384.803,4352552.0974778
2021-08-04,383.605,384.125,382.685,382.963,4089677.6385478
2021-08-05,383.978,385.387,383.672,385.36,3217623.7275685
2021-08-06,385.647,386.328,385.369,386.02,2621172.1341242
2021-08-09,385.916,386.203,384.908,385.657,2091505.0262043
2021-08-10,386.069,386.796,385.427,386.136,2530325.6219973
2021-08-11,387.094,387.162,386.069,387.064,3746305.028884
2021-08-12,386.932,388.37,386.126,388.198,2445716.2926095
2021-08-13,388.657,388.966,388.226,388.966,2375449.6669309
2021-08-16,387.776,389.951,386.298,389.884,3567895.940282
2021-08-17,387.489,388.101,384.544,387.315,5466215.2106327
2021-08-18,386.367,387.813,382.868,383.154,5141614.6537184
2021-08-19,380.547,384.774,380.394,383.702,5802925.0194678
2021-08-20,383.958,387.027,383.556,386.741,3439745.2544228
2021-08-23,388.293,390.976,388.274,390.154,3435346.1576491
2021-08-24,390.805,391.244,390.277,390.776,3168781.9654278
2021-08-25,390.957,392.051,390.585,391.494,3437469.0321889
2021-08-26,391.292,391.523,389.196,389.215,4961682.5199921
2021-08-27,390.028,393.104,389.96,392.665,4091768.1744582
2021-08-30,393.423,395.223,393.163,394.467,2963570.4121809
2021-08-31,394.37,394.715,393.344,393.794,6390202.8739915
2021-09-01,394.744,395.251,393.902,394.21,3432155.065159
2021-09-02,395.454,396.058,394.21,395.388,2990065.1382563
2021-09-03,394.293,395.693,393.902,395.232,3946107.685576
2021-09-07,394.946,394.964,393.192,393.775,3733721.1293389
2021-09-08,393.296,393.996,391.532,393.393,4229212.5651211
2021-09-09,393.114,394.762,391.438,391.629,4097700.7481724
2021-09-10,393.452,393.843,388.446,388.601,4253352.8303432
2021-09-13,391.39,391.571,387.391,389.521,4994125.4675054
2021-09-14,390.918,391.073,386.625,387.489,3855115.1280263
2021-09-15,387.851,391.149,386.825,390.728,4101449.9428141
2021-09-16,390.181,391.083,387.315,390.047,3532418.3775174
2021-09-17,389.337,389.739,385.935,386.232,5687386.3990567
2021-09-20,380.567,382.014,375.302,379.924,11533446.977357
2021-09-21,382.034,383.214,378.985,379.548,6764586.1428425
2021-09-22,381.574,385.063,380.711,383.214,6328922.214547
2021-09-23,384.928,389.308,384.698,387.841,4319262.0865117
2021-09-24,386.318,389.126,386.107,388.493,3602181.146487
2021-09-27,387.498,388.591,386.723,387.382,3738051.3761276
2021-09-28,384.774,385.082,378.88,379.646,8678811.846109
2021-09-29,380.854,382.466,379.676,380.241,4962884.2651861
2021-09-30,381.574,382.207,375.371,375.429,9991766.456976
2021-10-01,377.163,381.574,373.885,379.924,8910812.3026403
2021-10-04,378.975,379.752,373.108,375.246,9266134.5574411
2021-10-05,376.539,381.094,375.803,378.9,5802340.8377764
2021-10-06,375.669,380.777,374.152,380.576,6922949.4539713
2021-10-07,383.682,386.519,383.472,383.855,4631997.4959979
2021-10-08,384.602,384.938,382.607,383.127,4161068.8139824
2021-10-11,382.58,385.273,380.336,380.336,3882419.3630172
2021-10-12,381.287,381.64,378.737,379.578,6514621.0561143
2021-10-13,380.414,381.602,377.662,380.796,6820429.7398292
2021-10-14,384.284,387.372,383.826,387.192,3979822.2714501
2021-10-15,389.251,390.526,388.629,390.21,3678560.8162951
2021-10-18,388.561,391.667,387.93,391.399,3574610.9001903
2021-10-19,392.884,394.449,392.311,394.449,2981683.1741641
2021-10-20,394.792,396.201,394.707,395.98,3370268.3172096
2021-10-21,395.397,397.169,394.983,396.959,2709792.4967337
2021-10-22,396.547,397.889,394.752,396.555,3833236.4804959
2021-10-25,397.544,398.979,395.922,398.608,2638373.1553959
2021-10-26,400.056,401.253,398.713,398.989,3241163.1201935
2021-10-27,399.48,400.075,397.208,397.257,3018716.1206825
2021-10-28,398.635,401.167,398.608,401.139,3827675.2794285
2021-10-29,398.989,402.193,398.723,401.856,4872091.998502
2021-11-01,402.825,403.191,401.013,402.71,4136273.4307206
2021-11-02,402.786,404.522,402.673,404.263,3140263.4670639
2021-11-03,403.736,407.092,403.304,406.697,3742949.1137023
2021-11-04,407.273,408.71,406.975,408.597,4503926.0919397
2021-11-05,410.791,411.941,408.644,409.996,5192705.5153715
2021-11-08,411.108,411.539,409.793,410.494,3689055.2231112
2021-11-09,410.799,410.982,407.742,409.049,4933320.4988669
2021-11-10,407.503,409.059,404.378,405.75,6671564.5970963
2021-11-11,407.13,407.243,405.873,405.883,3818292.9041895
2021-11-12,407.092,409.478,406.2,408.902,3840212.235802
2021-11-15,410.226,410.273,408.03,409.095,3280059.1890354
2021-11-16,408.855,411.777,408.809,410.657,3432084.1288107
2021-11-17,410.503,410.638,409.161,409.671,3955099.9108997
2021-11-18,410.687,411.377,408.174,411.088,4976180.6577586
2021-11-19,411.098,412.162,409.68,410.321,5133447.585034
2021-11-22,412.106,414.463,409.049,409.229,5122314.7510835
2021-11-23,408.894,410.551,406.496,409.766,7144990.655843
2021-11-24,407.953,410.982,407.14,410.772,4800495.3162935
2021-11-26,404.743,406,400.65,401.837,8091694.6415506
2021-11-29,406.181,408.347,404.13,406.687,6619146.8084579
2021-11-30,404.369,406.103,398.493,398.906,9095124.7558717
2021-12-01,404.051,406.669,394.063,394.311,8793462.7189854
2021-12-02,394.458,401.762,394.121,400.324,10944090.06192
2021-12-03,401.818,402.825,392.913,396.796,10745811.493534
2021-12-06,399.238,403.275,396.95,401.532,7657840.6333174
2021-12-07,406.439,410.37,406.402,409.784,4971030.4702386
2021-12-08,410.226,411.348,408.587,410.935,4702747.1147536
2021-12-09,409.756,410.57,407.991,408.138,5289873.7079462
2021-12-10,410.687,412.135,408.318,412.027,6553530.6863168
2021-12-13,411.557,411.847,408.128,408.376,6223219.7533675
2021-12-14,405.327,407.648,402.835,405.585,6852537.8260514
2021-12-15,405.605,412.153,403.285,411.932,7218466.1080987
2021-12-16,413.656,413.888,406.794,408.211,7521299.6379131
2021-12-17,405.365,408.165,402.347,403.976,9332343.2067265
2021-12-20,399.221,400.006,396.279,399.614,10403845.092657
2021-12-21,402.835,406.854,400.802,406.697,7239636.4353283
2021-12-22,406.467,410.907,406.342,410.809,5225324.7605739
2021-12-23,411.684,414.731,411.646,413.341,5267685.235483
2021-12-27,414.615,419.245,414.586,419.236,5219153.2982752
2021-12-28,419.687,420.549,418.133,418.921,5093054.5506076
2021-12-29,418.939,420.319,418.019,419.428,4811328.7571273
2021-12-30,419.793,420.714,417.808,418.239,3927022.6783492
2021-12-31,417.721,418.826,416.927,417.09,5427749.9757884
2022-01-03,418.392,419.677,416.206,419.657,6298280.8416432
2022-01-04,420.924,421.576,417.711,419.486,6554652.1065283
2022-01-05,419.208,419.813,411.319,411.443,7891668.7439979
2022-01-06,411.012,413.525,408.809,410.898,8343778.4300924
2022-01-07,411.022,412.116,408.147,409.468,6445062.7507367
2022-01-10,406.402,409.085,401.043,408.929,10970969.722003
2022-01-11,408.597,412.679,405.825,412.517,7622495.5546148
2022-01-12,414.214,415.632,411.904,413.754,8656515.9259419
2022-01-13,414.721,415.325,407.082,408.05,7872481.504975
2022-01-14,405.031,408.5,403.946,408.174,10425934.462869
2022-01-18,403.765,406.018,398.713,401.013,11197523.727442
2022-01-19,402.385,403.687,396.555,396.806,8566262.9841408
2022-01-20,398.559,402.932,391.983,392.434,9323543.9699974
2022-01-21,391.428,393.545,384.698,384.728,16983598.234653
2022-01-24,379.539,386.816,369.58,386.328,24071720.889187
2022-01-25,380.404,386.223,375.21,381.64,17622498.973442
2022-01-26,387.564,389.989,376.751,380.777,15048696.672231
2022-01-27,384.957,387.86,377.203,378.851,13036822.912859
2022-01-28,380.068,388.207,375.755,388.14,12661667.689629
2022-01-31,387.574,395.501,386.308,395.232,9630049.4990158
2022-02-01,395.857,398.436,392.568,397.812,8535684.2021325
2022-02-02,400.285,402.395,397.955,401.607,7040569.2216587
2022-02-03,396.098,397.85,391.503,392.271,8015874.1170759
2022-02-04,392.033,397.668,389.855,394.121,8593390.9214426
2022-02-07,394.792,396.124,391.609,392.817,5883380.3997562
2022-02-08,392.396,396.931,391.093,396,5825574.5781948
2022-02-09,399.883,402.097,399.68,401.808,6577911.9264867
2022-02-10,396.421,402.029,392.798,394.744,9692879.2831245
2022-02-11,394.715,396.681,385.571,386.874,10946950.465846
2022-02-14,386.386,387.88,382.386,385.618,10642360.218231
2022-02-15,389.97,391.983,389.28,391.802,7140861.7431016
2022-02-16,389.989,393.515,388.198,392.271,8105359.2772252
2022-02-17,389.308,389.779,383.327,383.932,7893117.7232293
2022-02-18,384.209,385.323,379.289,381.477,11064437.749471
2022-02-22,379.339,382.514,374.038,377.297,10901052.562157
2022-02-23,379.993,380.547,370.098,370.512,12722427.80146
2022-02-24,360.906,376.588,360.657,376.204,22270760.713641
2022-02-25,377.327,384.562,375.839,384.422,12209935.635271
2022-02-28,379.465,384.881,378.332,383.453,12409555.735185
2022-03-01,382.167,383.988,375.264,377.7,9550476.6503544
2022-03-02,379.973,386.069,379.079,384.642,8567375.015718
2022-03-03,386.952,387.45,381.084,382.714,9153628.4659182
2022-03-04,379.225,380.654,375.822,379.618,6617706.1746793
2022-03-07,379.032,379.289,368.364,368.412,8804257.5621
2022-03-08,368.555,375.219,364.615,365.63,9792956.9091596
2022-03-09,373.443,377.23,371.383,375.371,6084017.6017219
2022-03-10,371.113,374.52,369.285,373.701,6693393.1719103
2022-03-11,376.061,376.608,368.478,368.928,6147029.9426091
2022-03-14,369.802,372.859,365.199,366.237,6756390.9082553
2022-03-15,368.642,374.862,367.472,374.279,6007360.4456103
2022-03-16,377.854,382.685,373.128,382.646,7753216.639917
2022-03-17,380.854,387.469,380.527,387.324,5419291.8594399
2022-03-18,385.955,391.974,385.253,391.601,6149315.5534774
2022-03-21,391.551,393.383,388.301,391.619,4353719.4176794
2022-03-22,392.856,396.988,392.856,396.171,4429314.6149302
2022-03-23,393.775,395.167,391.035,391.073,3917322.1327245
2022-03-24,392.923,396.959,391.887,396.881,3105882.2881525
2022-03-25,397.621,399.125,395.143,398.897,3800576.5512113
2022-03-28,398.3,401.703,396.565,401.646,3541949.9277241
2022-03-29,405.453,407.14,402.854,406.727,5748508.4948993
2022-03-30,405.74,406.458,402.221,404.196,5001360.9750279
2022-03-31,403.544,404.216,397.87,397.984,6130401.6280316
2022-04-01,399.432,399.564,395.779,399.087,4864425.6569819
2022-04-04,399.211,402.577,398.512,402.471,5338177.1883855
2022-04-05,401.233,403.401,396.384,397.496,4289597.1315781
2022-04-06,393.755,395.578,390.766,393.469,5779972.9380791
2022-04-07,392.645,397.149,390.863,395.454,5167976.8957316
2022-04-08,394.801,397.074,393.01,394.495,4958045.9889622
2022-04-11,391.591,392.127,387.206,387.661,3487130.735061
2022-04-12,390.469,392.751,384.756,386.241,6901494.3381672
2022-04-13,385.906,391.302,385.819,390.605,4546926.0371647
2022-04-14,390.844,391.859,385.685,385.858,3896991.5666767
2022-04-18,384.928,387.489,383.864,385.925,4491802.2354767
2022-04-19,385.916,392.808,385.705,392.088,4007392.5177469
2022-04-20,393.813,394.36,390.796,391.792,5285951.3451601
2022-04-21,395.309,396.555,385.167,385.983,4871817.6417433
2022-04-22,385.044,385.248,374.909,375.449,6599622.6217808
2022-04-25,373.301,377.746,369.064,377.498,8492731.2000791
2022-04-26,375.2,375.381,366.608,366.705,8859724.570532
2022-04-27,367.566,372.66,365.708,367.656,6692742.2265968
2022-04-28,372.16,378.553,367.98,376.866,7340025.9726593
2022-04-29,373.301,375.246,362.353,363.025,8576980.6318177
2022-05-02,363.11,366.446,356.919,365.306,11200660.574489
2022-05-03,365.822,369.116,364.27,366.888,5849845.241116
2022-05-04,367.482,378.578,364.54,378.017,7685689.4090992
2022-05-05,374.068,374.152,360.771,364.74,10929677.465044
2022-05-06,362.362,365.497,357.512,362.448,8303357.229763
2022-05-09,356.947,358.097,349.411,350.754,11259298.854961
2022-05-10,356.506,357.771,347.886,351.656,8210621.5157728
2022-05-11,350.823,355.988,345.357,345.99,8373560.2213644
2022-05-12,343.023,348.692,339.366,345.721,8010838.679531
2022-05-13,349.633,355.24,348.591,353.879,5609643.2909078
2022-05-16,352.605,355.978,350.323,352.614,4923650.2055084
2022-05-17,358.193,360.014,354.762,359.668,4708200.8681169
2022-05-18,355.623,355.796,344.141,345.423,7180813.5117147
2022-05-19,342.384,347.236,341.122,343.114,6634089.3415827
2022-05-20,346.448,346.968,335.28,343.199,9133947.8020022
2022-05-23,346.142,350.437,343.996,349.708,5481830.5958845
2022-05-24,345.912,348.175,340.975,347.188,5807705.9207043
2022-05-25,345.616,351.961,345.357,350.084,5950933.7101138
2022-05-26,351.358,358.642,351.108,357.043,4431699.3280496
2022-05-27,359.419,366.053,359.285,365.997,4080707.3200375
2022-05-31,364.49,367.002,361.318,363.964,5233135.0611537
2022-06-01,365.861,366.801,358.612,360.916,4429159.1808729
2022-06-02,360.827,367.856,358.71,367.768,3415085.484768
2022-06-03,363.417,364.845,360.896,361.817,2868267.4282927
2022-06-06,365.546,367.108,361.787,362.803,2774322.6668375
2022-06-07,359.63,366.772,359.199,366.349,2764282.0440138
2022-06-08,364.749,366.408,361.643,362.343,3584834.0797926
2022-06-09,360.733,362.775,353.744,353.821,3152472.8644174
2022-06-10,347.906,348.636,343.4,343.44,7959155.2907336
2022-06-13,334.659,336.314,328.859,330.2,10848783.948487
2022-06-14,332.032,332.944,326.472,329.377,7911687.3987496
2022-06-15,332.463,338.236,327.813,334.094,8228224.1619574
2022-06-16,326.387,326.731,320.722,323.117,9202811.3484393
2022-06-17,323.481,326.759,320.405,323.961,7389878.5777627
2022-06-21,328.983,333.115,328.908,331.899,5871389.0273554
2022-06-22,327.921,335.042,327.493,331.198,5086616.0338214
2022-06-23,333.241,335.14,329.896,334.679,6998469.5421475
2022-06-24,337.458,345.119,337.401,345.099,5694268.2680197
2022-06-27,346.057,346.2,342.769,343.803,4807596.2533907
2022-06-28,345.175,347.816,336.376,336.376,9181854.8734364
2022-06-29,337.301,338.196,334.779,336.54,3922834.2601433
2022-06-30,332.922,336.732,329.62,333.885,7438282.3536374
2022-07-01,333.191,337.685,330.718,337.311,7772692.3900475
2022-07-05,332.536,337.946,329.939,337.907,6421138.9683594
2022-07-06,338.071,341.392,335.858,339.13,5663102.2985153
2022-07-07,340.745,344.876,340.735,344.107,3882957.2235132
2022-07-08,342.572,345.599,341.188,343.904,4977841.2464943
2022-07-11,341.547,342.25,339.303,340.016,3627607.25884
2022-07-12,339.39,341.606,335.327,336.878,4239093.2477306
2022-07-13,331.823,337.849,331.467,335.307,5821650.4788567
2022-07-14,330.544,334.914,328.267,334.425,4804859.2889624
2022-07-15,338.553,340.844,336.694,340.745,4696431.9401909
2022-07-18,343.595,344.222,336.81,337.926,3682862.454973
2022-07-19,341.65,347.562,340.977,347.099,3761064.3751256
2022-07-20,347.186,350.594,345.983,349.322,4436868.098005
2022-07-21,348.784,352.884,346.522,352.856,4783186.2863014
2022-07-22,352.952,354.058,347.485,349.64,4710340.0216167
2022-07-25,350.208,350.787,347.907,349.986,4054122.1022063
2022-07-26,348.554,348.64,345.02,345.79,3103464.6862153
2022-07-27,348.909,356.454,348.649,354.848,4675434.2384133
2022-07-28,355.579,359.899,352.269,359.333,4514474.7144558
2022-07-29,360.692,365.436,359.919,364.598,5450626.6674703
2022-08-01,362.029,365.774,361.374,363.502,4593468.2950288
2022-08-02,362.019,365.403,359.939,361.152,4293446.6574529
2022-08-03,363.058,367.784,362.788,366.793,4004824.0987899
2022-08-04,366.609,367.234,364.983,366.503,3543387.8883536
2022-08-05,362.538,366.437,362.432,365.745,2963105.9949008
2022-08-08,367.476,369.524,364.385,365.416,3589845.4723618
2022-08-09,364.821,365.195,362.971,363.973,2452406.0655544
2022-08-10,370.564,371.759,368.746,371.595,3793104.8047343
2022-08-11,374.3,376.015,370.962,371.595,3714539.2610291
2022-08-12,373.414,378.006,372.587,377.96,3806990.0298225
2022-08-15,375.859,379.971,375.83,379.574,3328644.2852646
2022-08-16,378.507,382.02,377.736,380.24,4015286.0678612
2022-08-17,376.89,380.056,375.67,377.642,3347752.183493
2022-08-18,377.718,379.258,376.514,378.805,3384899.9656296
2022-08-19,376.062,376.302,372.742,373.581,3011873.1079304
2022-08-22,369.065,369.169,364.886,365.705,4315399.1307874
2022-08-23,365.339,367.561,364.341,364.84,2980865.3692111
2022-08-24,364.703,367.284,364.013,365.946,2328484.1977432
2022-08-25,367.456,371.279,366.437,371.279,2733711.4794142
2022-08-26,371.104,371.585,358.555,358.555,5353743.8470326
2022-08-29,355.916,359.074,354.963,356.185,5145957.920892
2022-08-30,357.387,357.529,350.382,352.317,5240891.7190877
2022-08-31,353.837,354.973,349.507,349.544,4220671.03963
2022-09-01,347.572,351.037,345.078,350.623,6365321.7141065
2022-09-02,354.164,355.301,345.339,346.945,4721104.3176989
2022-09-06,347.822,348.706,343.624,345.781,5901415.9802856
2022-09-07,345.462,352.648,345.251,351.979,4297979.4847676
2022-09-08,349.76,354.674,348.696,354.28,3835747.4582133
2022-09-09,356.367,360.575,356.117,359.748,2723603.7835756
2022-09-12,361.74,364.33,361.441,363.702,3076623.0344847
2022-09-13,355.502,356.648,346.782,347.839,5765172.4686625
2022-09-14,348.995,350.526,346.06,349.139,3693906.2217285
2022-09-15,347.629,350.334,344.009,345.241,3955663.233399
2022-09-16,341.277,343.125,339.476,342.529,4625570.0211792
2022-09-19,339.582,345.155,339.533,345.155,3545480.2821678
2022-09-20,342.113,343.028,338.651,341.267,3765022.6772271
2022-09-21,343.028,345.838,335.258,335.258,5301010.1205059
2022-09-22,334.529,335.481,331.756,332.429,5771871.4534263
2022-09-23,329.264,329.264,322.745,326.905,10899866.370819
2022-09-26,325.558,328.859,322.515,323.738,5616099.2791782
2022-09-27,327.059,329.032,320.6,322.825,6021251.7582898
2022-09-28,323.645,330.733,322.107,329.166,8982450.8239857
2022-09-29,325.945,326.091,319.545,322.301,7478648.980316
2022-09-30,321.556,325.018,317.217,317.39,8002569.7411193
2022-10-03,320.765,327.407,319.132,325.781,5936269.1249686
2022-10-04,330.771,335.789,330.761,335.672,5285606.5213167
2022-10-05,331.689,337.054,329.533,335.092,4919246.7758722
2022-10-06,333.708,336.417,331.107,331.564,4012969.6761398
2022-10-07,327.811,328.063,320.629,322.252,5345723.3022235
2022-10-10,323.375,323.548,317.737,319.846,4069082.3953992
2022-10-11,318.259,322.475,315.989,317.737,5138881.6076937
2022-10-12,318.212,319.595,316.558,316.751,3346263.9321747
2022-10-13,310.178,326.454,309.241,325.047,6616777.5552225
2022-10-14,327.426,328.885,317.124,317.727,5051880.412868
2022-10-17,323.452,326.866,323.346,325.8,4023214.1159633
2022-10-18,333.255,333.536,326.541,329.639,5071823.1430575
2022-10-19,327.772,330.315,324.736,327.357,4554589.6099863
2022-10-20,326.933,331.042,323.916,324.669,3577960.5988894
2022-10-21,324.351,332.946,323.026,332.47,4512384.048787
2022-10-24,333.968,337.625,331.475,336.521,5833266.1647885
2022-10-25,336.483,342.264,336.464,341.993,5382257.3909317
2022-10-26,339.046,344.334,338.794,339.443,4424749.8170902
2022-10-27,340.351,342.033,337.011,337.625,4287752.1563044
2022-10-28,337.441,346.085,337.354,345.503,4538913.6724333
2022-10-31,343.358,345.058,342.284,343.155,6652018.6764651
2022-11-01,346.616,346.843,340.583,341.771,8289761.6058318
2022-11-02,341.057,345.256,332.966,333.05,5195179.4798941
2022-11-03,329.996,332.385,327.639,329.504,4690652.196701
2022-11-04,334.899,336.454,328.702,334.327,3781096.1314759
2022-11-07,335.526,338.088,333.632,337.537,3430601.6140213
2022-11-08,338.571,342.11,335.544,339.375,3348471.286232
2022-11-09,337.48,338.581,331.947,332.441,3693535.340331
2022-11-10,344.673,350.945,342.632,350.637,4761877.1196983
2022-11-11,351.604,354.824,349.718,353.992,5045040.097788
2022-11-14,352.455,355.567,350.832,351.15,5455611.0555644
2022-11-15,356.399,357.454,350.541,354.05,4755844.6506908
2022-11-16,352.581,353.372,350.793,351.363,2849827.5221943
2022-11-17,346.877,350.926,346.648,350.348,3397322.7002045
2022-11-18,353.315,353.442,349.227,351.893,2662861.3235458
2022-11-21,350.713,351.651,348.878,350.656,2480299.4892721
2022-11-22,352.396,355.462,351.14,355.327,2395572.8828119
2022-11-23,355.008,358.052,354.827,357.551,2679917.1159781
2022-11-25,357.113,358.032,356.795,357.511,1472373.4248897
2022-11-28,354.668,356.137,351.083,351.856,3679269.2545025
2022-11-29,351.836,353.044,349.467,351.235,2593972.0169783
2022-11-30,351.372,362.141,349.632,362.045,4912068.2205031
2022-12-01,363.38,364.471,359.686,362.093,4767044.8520648
2022-12-02,357.373,362.422,357.373,361.571,3719592.2550719
2022-12-05,358.94,359.822,353.827,355.133,3834417.0753835
2022-12-06,354.89,355.393,347.971,349.998,4045477.9813471
2022-12-07,349.051,351.526,348.337,349.322,3452716.529553
2022-12-08,351.064,353.015,349.584,352.078,3728417.5338052
2022-12-09,350.935,353.296,349.332,349.507,4418178.439243
2022-12-12,350.241,354.496,349.564,354.496,3047489.1477184
2022-12-13,364.578,364.655,354.61,357.113,6373631.4030064
2022-12-14,356.834,360.413,352.144,354.958,4868917.241493
2022-12-15,350.424,351.17,344.614,346.228,5302978.8321846
2022-12-16,343.83,344.972,340.101,342.101,4688893.7609477
2022-12-19,342.36,342.566,337.645,339.153,5728868.8684936
2022-12-20,338.484,341.122,337.277,339.669,5217443.0078749
2022-12-21,342.126,345.772,341.641,344.748,3945294.1019895
2022-12-22,341.912,342.174,334.491,339.902,6652512.8953039
2022-12-23,338.949,341.882,337.415,341.806,4706602.5876171
2022-12-27,341.698,341.97,338.873,340.445,4429922.7958455
2022-12-28,340.398,342.126,336.006,336.268,4596105.0588769
2022-12-29,338.929,343.025,338.504,342.234,4206903.8496641
2022-12-30,339.785,341.434,337.815,341.292,5482254.3292323
2023-01-03,343.079,344.887,337.26,339.979,5103302.2735839
2023-01-04,342.029,344.422,339.212,342.426,3210928.2486526
2023-01-05,340.697,340.766,338.103,338.687,3311248.6849724
2023-01-06,341.534,347.439,338.765,346.391,3566797.0609931
2023-01-09,348.469,351.384,346.032,346.138,3886486.031829
2023-01-10,345.661,348.683,344.807,348.607,3598650.1455238
2023-01-11,350.102,353.113,349.373,353.054,5878678.1239621
2023-01-12,354.055,355.678,350.285,354.375,4883130.7720347
2023-01-13,351.336,356.241,351.131,355.755,3103941.1270693
2023-01-17,355.716,357.202,354.433,355.21,5087519.8536064
2023-01-18,356.182,357.143,349.295,349.441,4047574.6014257
2023-01-19,347.528,349.076,345.671,346.924,3618372.2511874
2023-01-20,348.197,353.501,346.672,353.307,3361201.4699821
2023-01-23,354.084,359.417,353.248,357.612,3338781.1891988
2023-01-24,356.085,358.067,354.968,357.232,2781951.3468505
2023-01-25,353.374,357.63,351.316,357.357,3151833.992806
2023-01-26,359.863,361.419,357.095,361.175,3562840.9041884
2023-01-27,360.281,364.351,360.156,362.205,5712927.1983497
2023-01-30,359.562,361.642,357.34,357.676,3377190.8083872
2023-01-31,358.067,362.856,357.795,362.758,4304815.3848851
2023-02-01,361.786,369.287,359.184,366.732,5087199.6962382
2023-02-02,370.344,373.414,368.549,371.988,5361272.9334873
2023-02-03,367.413,372.239,366.983,368.013,6663091.4712408
2023-02-06,365.803,367.121,364.295,365.886,2964902.2380869
2023-02-07,365.043,371.799,363.904,370.606,4637271.5315452
2023-02-08,368.83,370.035,365.955,366.548,3007526.4047535
2023-02-09,370.073,370.102,362.281,363.409,3425699.2821825
2023-02-10,362.331,364.652,361.554,364.295,3352598.3988353
2023-02-13,364.904,368.587,364.468,368.5,3068363.5108395
2023-02-14,367.151,370.511,364.711,368.364,4856959.1939847
2023-02-15,366.362,369.646,365.566,369.597,2914997.8369881
2023-02-16,364.915,368.577,364.36,364.458,3168117.7524566
2023-02-17,362.505,363.74,360.701,363.517,3382063.1711655
2023-02-21,359.807,360.716,355.998,356.3,3200725.4201094
2023-02-22,356.678,358.057,354.405,355.851,3986014.8250099
2023-02-23,358.514,358.999,353.715,357.64,2951617.251471
2023-02-24,352.918,354.588,351.384,353.812,4174406.3326172
2023-02-27,356.98,358.222,354.165,355.037,3397320.5742367
2023-02-28,354.569,356.366,353.637,353.696,3111188.4192643
2023-03-01,352.948,354.084,351.112,352.403,3875575.9746299
2023-03-02,350.489,355.88,350.218,355.037,2811222.5835368
2023-03-03,356.785,361.04,356.211,360.661,5058279.5002676
2023-03-06,361.612,363.73,360.681,361.097,2716010.2528805
2023-03-07,361.001,361.253,354.933,355.511,3650556.8169804
2023-03-08,355.638,356.793,354.016,356.067,2991832.5170387
2023-03-09,356.843,358.329,348.587,349.547,4539470.14693
2023-03-10,349.051,350.907,343.04,344.534,8606573.3183754
2023-03-13,340.726,348.411,339.755,343.952,6669457.5585893
2023-03-14,348.615,351.171,345.458,349.663,4940111.5774727
2023-03-15,344.321,347.643,342.481,347.508,6805035.4537707
2023-03-16,345.371,353.841,344.836,353.453,5198534.1636935
2023-03-17,352.383,353.384,348.167,349.587,5342723.3655809
2023-03-20,350.16,353.18,349.529,352.743,3191024.9606842
2023-03-21,355.94,357.874,354.443,357.357,4238872.2320253
2023-03-22,357.262,360.6,351.316,351.432,4215412.2118788
2023-03-23,354.055,357.751,349.82,352.268,4928151.4864612
2023-03-24,351.124,354.684,348.919,354.614,3835297.0891982
2023-03-27,356.728,357.413,354.46,355.2,4249337.3188252
2023-03-28,354.595,355.24,352.784,354.576,2474531.4949459
2023-03-29,358.36,359.862,357.28,359.618,3727779.9494362
2023-03-30,362.097,362.341,360.022,361.765,3400398.7066948
2023-03-31,362.634,367.081,362.507,366.818,4264765.8930517
2023-04-03,366.359,368.612,365.989,368.272,3614212.9713786
2023-04-04,368.885,369.091,364.925,366.194,2781713.8029136
2023-04-05,365.491,366.184,363.716,365.306,3309146.7227639
2023-04-06,364.477,366.929,363.551,366.701,3153813.2030483
2023-04-10,364.358,367.131,363.786,367.101,2738489.3947827
2023-04-11,367.628,368.466,366.447,367.151,3146409.0457578
2023-04-12,369.091,369.305,365.11,365.686,3715583.9019249
2023-04-13,366.661,370.815,366.209,370.427,2748488.3903592
2023-04-14,369.94,371.949,367.451,369.667,3056857.9060453
2023-04-17,369.52,370.964,368.389,370.924,2789634.6723716
2023-04-18,372.446,372.519,369.91,371.178,3095421.6524423
2023-04-19,369.412,371.949,369.355,371.158,2738688.2879583
2023-04-20,368.486,370.721,367.668,369.061,3027659.567686
2023-04-21,369.363,369.774,367.549,369.276,2831978.414328
2023-04-24,369.168,370.134,367.949,369.764,2368646.5094911
2023-04-25,367.901,368.408,363.842,363.92,3891158.390539
2023-04-26,364.467,365.463,361.852,362.302,3861906.7406068
2023-04-27,364.691,369.803,364.477,369.49,4410893.9394482
2023-04-28,368.74,372.719,368.701,372.652,3472333.447249
2023-05-01,372.339,374.202,372.133,372.397,3146712.511634
2023-05-02,371.686,371.734,365.453,368.222,4420339.3148451
2023-05-03,368.612,370.845,365.383,365.657,5652091.9280299
2023-05-04,364.642,364.906,361.794,362.984,4533005.1222771
2023-05-05,366.496,370.741,366.194,369.647,3218577.5370545
2023-05-08,370.076,370.281,368.583,369.851,3032216.6819418
2023-05-09,368.418,369.266,368.047,368.252,2328330.657748
2023-05-10,370.924,371.461,366.398,369.86,3601552.49805
2023-05-11,369.158,369.558,367.404,369.345,2744133.2449466
2023-05-12,370.506,370.661,366.589,368.846,2594853.6644168
2023-05-15,369.422,370.496,367.638,370.124,3980489.1074022
2023-05-16,369.081,369.95,367.638,367.677,2335063.2942651
2023-05-17,369.53,372.69,367.997,372.064,3303928.3399602
2023-05-18,371.88,376.085,371.627,375.704,3424878.9708571
2023-05-19,376.523,377.03,374.006,375.109,3741081.1868616
2023-05-22,375.197,376.729,374.036,375.313,2854231.8951015
2023-05-23,373.763,374.659,370.731,371.118,2960088.1743248
2023-05-24,369.588,369.92,367.306,368.339,3702685.5769635
2023-05-25,371.617,372.875,369.598,371.547,3399506.7630721
2023-05-26,372.251,377.059,372.148,376.378,3119538.9878203
2023-05-30,378.221,378.708,375.293,376.494,4068545.4726299
2023-05-31,374.857,375.684,373.012,374.445,4311417.6201831
2023-06-01,374.748,379.011,373.549,378.034,3653436.9611009
2023-06-02,380.483,384.266,379.957,383.585,7554764.5341605
2023-06-05,383.859,385.058,382.151,382.844,3568957.5973667
2023-06-06,382.404,384.103,381.78,383.634,2967673.7960074
2023-06-07,383.984,385.049,381.908,382.374,4042342.8345756
2023-06-08,382.316,385.019,381.664,384.668,3547629.8925602
2023-06-09,385.332,387.165,384.386,385.312,3140121.3558295
2023-06-12,386.238,388.877,385.575,388.852,3893021.219921
2023-06-13,390.177,391.964,389.574,391.418,4011783.0006635
2023-06-14,391.73,393.51,388.658,391.721,5291458.6169476
2023-06-15,391.135,397.895,391.027,396.743,5418284.7983058
2023-06-16,398.634,398.703,394.929,395.279,5271576.4759433
2023-06-20,393.563,394.373,391.389,393.456,4353998.1885497
2023-06-21,392.413,393.144,390.813,391.3,3509893.5007649
2023-06-22,390.432,392.812,390.11,392.724,3220245.5741511
2023-06-23,389.506,391.408,389.115,389.779,4321627.8116059
2023-06-26,389.224,390.997,387.946,388.169,3332690.9587338
2023-06-27,388.987,393.017,388.589,392.471,4410877.5358873
2023-06-28,391.476,393.558,390.853,392.647,4429650.3860874
2023-06-29,392.281,394.306,391.878,394.151,3997876.1212691
2023-06-30,396.982,399.742,396.872,398.822,5283416.9863515
2023-07-03,398.47,399.585,398.235,399.585,2422325.3870831
2023-07-05,397.58,399.37,397.58,398.694,4323922.3873239
2023-07-06,395.395,395.953,393.22,395.443,6168374.6159544
2023-07-07,394.66,398.234,394.346,394.523,3751152.2065285
2023-07-10,394.268,395.717,393.711,395.58,3433585.0326264
2023-07-11,396.364,398.548,395.385,398.116,3249352.9359265
2023-07-12,401.672,402.593,400.3,401.25,4336416.8703407
2023-07-13,402.992,405.216,402.593,404.521,3342850.6790473
2023-07-14,405.343,406.097,403.522,404.198,3759011.4252695
2023-07-17,404.08,406.625,404.06,405.608,3031218.7675313
2023-07-18,405.313,409.25,404.952,408.682,3673576.1213328
2023-07-19,409.389,410.661,408.821,409.563,3569037.074544
2023-07-20,408.633,409.475,406.205,406.891,4171632.6636752
2023-07-21,408.448,408.633,406.853,406.938,3244085.5437401
2023-07-24,407.928,409.417,407.375,408.662,3544742.5301248
2023-07-25,408.418,410.935,408.406,409.867,4033065.9365756
2023-07-26,408.946,411.17,407.928,409.965,6269031.0289524
2023-07-27,413.031,413.382,406.304,407.184,4237445.4509656
2023-07-28,410.23,411.885,409.475,411.15,2760049.1695495
2023-07-31,411.591,412.227,410.347,411.943,3527801.7063597
2023-08-01,410.552,411.356,409.858,410.671,3203811.1325251
2023-08-02,407.812,408.046,404.305,404.982,5084665.3506624
2023-08-03,403.13,405.588,402.553,403.835,3092421.8207525
2023-08-04,405.549,407.487,401.514,401.857,5838519.2431033
2023-08-07,403.728,405.637,403.09,405.48,2653075.5622775
2023-08-08,403.21,404.168,400.629,403.728,3860255.033015
2023-08-09,404.089,404.158,400.36,401.045,3212653.774817
2023-08-10,403.248,406.429,400.136,401.28,4685636.3941491
2023-08-11,399.479,401.886,398.881,400.908,2980765.973625
2023-08-14,400.076,403.19,399.832,403.17,2831720.6286068
2023-08-15,401.573,403.162,397.97,398.548,4785503.413165
2023-08-16,398.146,399.634,395.483,395.6,3424778.1326234
2023-08-17,396.912,397.156,392.055,392.398,7253135.7257505
2023-08-18,389.901,393.672,389.588,392.761,4245843.8676661
2023-08-21,393.787,395.992,391.683,395.356,3362260.7843763
2023-08-22,396.932,396.982,393.711,394.248,2704211.5445073
2023-08-23,395.179,399.205,395.091,398.499,3318890.0697279
2023-08-24,400.116,400.583,393.064,393.2,3532145.9262824
2023-08-25,394.71,397.371,391.409,395.805,4511529.5773112
2023-08-28,397.922,398.978,396.687,398.41,3305355.9967062
2023-08-29,398.331,404.403,398.126,404.07,3556525.2309869
2023-08-30,404.453,406.41,403.835,405.755,3068236.5456167
2023-08-31,406.363,407.478,405.069,405.235,4851894.2043286
2023-09-01,407.812,408.222,404.629,406.097,3664065.6088411
2023-09-05,405.598,405.862,404.198,404.325,4520569.3127966
2023-09-06,403.541,403.57,399.36,401.534,3823473.1540368
2023-09-07,398.714,400.928,398.405,400.34,2293387.6326329
2023-09-08,400.33,402.309,400.006,400.888,4212711.7869962
2023-09-11,403.325,403.815,401.769,403.522,3417537.7660857
2023-09-12,402.17,403.59,400.79,401.359,7756378.984827
2023-09-13,401.514,402.856,400.495,401.828,2583399.5441531
2023-09-14,404.099,405.902,402.876,405.304,3738542.3269787
2023-09-15,403.777,404.099,399.996,400.25,4088948.4947811
2023-09-18,400.096,401.818,399.683,400.692,3078504.7946346
2023-09-19,399.742,400.315,397.286,399.888,3706754.1563742
2023-09-20,400.956,401.329,395.933,396.148,4094447.7012417
2023-09-21,393.455,393.701,389.431,389.656,4731399.7997422
2023-09-22,390.513,392.013,388.319,388.716,7359365.8934118
2023-09-25,387.54,390.361,387.159,390.332,3296358.1307592
2023-09-26,387.503,388.129,383.821,384.603,5856357.7089257
2023-09-27,385.661,386.199,381.362,384.692,4940297.1394584
2023-09-28,384.212,388.537,383.681,386.935,4136228.8751122
2023-09-29,389.864,389.982,384.635,386.011,5866511.4001117
2023-10-02,385.224,387.052,383.327,385.982,5988151.3369354
2023-10-03,383.927,385.254,379.455,380.792,7005998.697362
2023-10-04,381.125,384.192,379.819,383.593,4408837.3127458
2023-10-05,383.248,384.134,380.359,383.268,3386779.2295629
2023-10-06,381.086,389.338,379.829,387.839,4982080.5714896
2023-10-09,386.108,390.916,385.627,390.424,3010785.7981203
2023-10-10,390.994,394.839,390.618,392.44,3346644.6020068
2023-10-11,393.452,394.258,391.212,394.101,4254248.139723
2023-10-12,394.641,394.955,389.451,391.733,3940041.1387889
2023-10-13,393,394.13,388.233,389.668,3837585.9832497
2023-10-16,391.781,394.759,391.554,393.747,5240199.1989718
2023-10-17,390.858,395.645,390.54,393.756,4287641.9484865
2023-10-18,392.095,393,387.506,388.488,7456266.2669316
2023-10-19,389.226,390.828,384.473,385.194,6825158.3791349
2023-10-20,384.714,385.145,380.251,380.398,7680437.6589338
2023-10-23,378.914,383.297,377.312,379.73,5633081.3012228
2023-10-24,381.667,383.612,379.966,382.571,4528651.1448709
2023-10-25,380.998,381.077,376.594,377.174,5566022.0569801
2023-10-26,376.112,376.866,371.709,372.544,7079997.1394593
2023-10-27,374.048,374.402,369.542,370.893,5736463.2430464
2023-10-30,373.438,376.28,372.259,375.355,5896192.9770952
2023-10-31,375.836,377.932,374.078,377.627,4601539.6815497
2023-11-01,378.531,382.453,378.068,381.784,5645317.728696
2023-11-02,385.254,389.166,385.244,389.038,4834511.9826033
2023-11-03,391.142,394.021,391.064,392.636,6085084.4332524
2023-11-06,393.304,393.908,391.673,393.393,4076542.2106749
2023-11-07,393.443,395.191,392.43,394.504,3416777.1957171
2023-11-08,395.143,395.647,392.755,394.829,3796525.5867377
2023-11-09,395.949,396.018,391.427,391.849,4217452.384379
2023-11-10,393.766,398.209,392.341,397.964,4063656.7276041
2023-11-13,396.716,398.584,395.959,397.562,2922724.8238513
2023-11-14,403.056,406.466,402.905,405.199,7093948.782822
2023-11-15,406.496,407.656,405.346,406.083,4491309.0841101
2023-11-16,405.71,406.9,404.737,406.653,3864718.1349549
2023-11-17,406.89,407.724,405.837,407.252,4781585.4662005
2023-11-20,406.937,411.076,406.928,410.319,3585484.8539804
2023-11-21,409.307,409.74,408.226,409.248,5339130.3285078
2023-11-22,410.949,412.168,409.956,411.018,3758076.672544
2023-11-24,411.067,411.362,410.724,411.243,1374687.547769
2023-11-27,410.674,411.398,410.123,410.525,3695498.7604446
2023-11-28,410.143,412.109,409.612,410.93,3441054.7235871
2023-11-29,412.905,413.946,410.255,410.664,4163537.0246519
2023-11-30,411.411,412.551,409.474,412.256,4482034.099967
2023-12-01,411.696,415.176,411.125,414.674,5059810.5746088
2023-12-04,411.519,412.718,410.389,412.591,5906689.7727943
2023-12-05,411.214,413.308,410.88,412.463,3478534.1236985
2023-12-06,414.429,414.488,410.349,410.743,4274612.0047655
2023-12-07,412.66,414.488,412.139,413.956,3304538.3917733
2023-12-08,413.21,416.159,412.993,415.717,5214091.4970891
2023-12-11,415.216,417.475,415.028,417.329,5338010.2498041
2023-12-12,416.994,419.402,416.065,419.402,6086225.8758551
2023-12-13,419.608,425.241,419.245,425.113,8809165.6897262
2023-12-14,426.823,427.949,423.894,426.362,8493821.3155035
2023-12-15,425.81,426.853,424.876,425.713,5418333.4233281
2023-12-18,427.237,428.967,427.049,428.122,4354649.3089746
2023-12-19,428.613,430.756,428.524,430.726,4131887.9343051
2023-12-20,429.859,431.63,424.321,424.508,5859266.0599327
2023-12-21,427.51,428.999,425.264,428.645,4682366.1602109
2023-12-22,429.81,431.17,427.856,429.641,4090914.2558492
2023-12-26,430.012,432.237,429.928,431.428,3886266.6711279
2023-12-27,431.226,432.336,430.757,432.217,4327159.868573
2023-12-28,432.563,433.146,431.981,432.287,4765493.8567474
2023-12-29,432.187,432.652,429.296,431.132,4434427.8181945
2024-01-02,428.28,429.622,426.748,428.378,9195363.5266803
2024-01-03,426.711,427.381,424.667,425.199,4868220.8816059
2024-01-04,424.747,427.164,423.64,423.859,3997127.2399394
2024-01-05,424.015,426.691,423.078,424.401,5799869.3051014
2024-01-08,424.863,430.609,424.786,430.471,7317314.246518
2024-01-09,427.993,430.767,427.543,429.424,8043948.3260856
2024-01-10,430.115,433.042,429.829,432.257,4335094.8357179
2024-01-11,433.244,433.654,428.368,432.109,4859647.6318638
2024-01-12,433.412,434.093,431.063,432.307,5250805.444076
2024-01-16,431.122,432.297,429.099,430.836,5806182.2239319
2024-01-17,427.974,428.842,426.206,428.437,6124079.3780427
2024-01-18,429.928,432.701,428.526,432.247,4388228.3159207
2024-01-19,433.303,437.854,432.622,437.538,4900391.337652
2024-01-22,438.998,440.135,437.924,438.535,5947590.187328
2024-01-23,439.057,440.035,438.021,439.839,3294334.5350979
2024-01-24,442.502,443.361,439.965,440.201,4628262.0852016
2024-01-25,442.326,442.938,440.321,442.68,4221839.1874465
2024-01-26,442.286,443.677,441.358,442.413,6488216.5603066
2024-01-29,442.413,445.75,441.901,445.631,4602982.0417644
2024-01-30,444.989,445.947,444.595,445.315,3454783.5828302
2024-01-31,443.214,443.632,437.991,438.06,7201492.296947
2024-02-01,439.57,443.825,438.881,443.825,6219060.8942416
2024-02-02,444.171,449.964,443.855,448.385,6335696.4008373
2024-02-05,447.843,448.257,444.693,446.746,7195224.9697306
2024-02-06,447.694,448.395,446.342,448.139,4441232.1133101
2024-02-07,450.231,452.234,449.363,451.82,6852333.4796309
2024-02-08,451.87,452.382,451.099,452.126,4239606.7460293
2024-02-09,452.59,455.047,452.224,454.692,4055216.0220199
2024-02-12,454.633,456.736,453.784,454.485,4624238.8785452
2024-02-13,448.582,449.787,445.143,448.079,8259419.3599909
2024-02-14,450.651,452.718,448.504,452.344,5697947.7320917
2024-02-15,452.946,455.551,452.481,455.403,5770592.3968294
2024-02-16,455.097,456.153,452.452,453.073,5600568.096992
2024-02-20,451.504,452.116,448.533,450.586,5376552.18146
2024-02-21,449.412,451.188,447.714,451.041,4278598.7206896
2024-02-22,457.209,461.266,456.316,460.515,4385443.1748736
2024-02-23,462.016,462.786,460.042,460.723,4103874.4320134
2024-02-26,461.127,461.522,458.908,459.035,3496171.6500975
2024-02-27,459.667,460.071,457.89,459.884,3634100.4667653
2024-02-28,458.462,459.785,458.087,459.174,2837421.45761
2024-02-29,460.91,462.41,458.442,460.87,7429326.7634454
2024-03-01,461.758,465.648,461.365,465.313,4903044.7695918
2024-03-04,464.504,466.466,464.495,464.761,4022438.690933
2024-03-05,462.865,463.289,458.039,460.101,4677196.0711736
2024-03-06,463.161,464.551,461.256,462.54,5395058.324191
2024-03-07,465.509,468.036,464.671,467.118,7243800.3016718
2024-03-08,467.622,470.119,463.723,464.285,6368261.9842054
2024-03-11,463.111,464.35,461.325,463.901,5393858.7581671
2024-03-12,465.796,469.379,463.477,468.866,4874286.5925733
2024-03-13,469.142,469.3,466.762,468.155,3591125.8113279
2024-03-14,468.993,469.157,464.345,467.128,5220726.123396
2024-03-15,464.305,465.659,462.638,463.911,6896579.6345278
2024-03-18,467.8,469.112,466.369,466.812,3990892.3334264
2024-03-19,466.073,469.566,465.174,469.429,4610070.0180343
2024-03-20,469.369,473.79,468.767,473.524,6260595.8678209
2024-03-21,476.357,476.965,474.966,475.104,5111002.3054957
2024-03-22,475.166,475.612,474.126,474.483,5939726.8151892
2024-03-25,473.047,474.097,472.869,473.255,6141478.4736985
2024-03-26,474.364,474.671,471.76,471.928,8153425.4631653
2024-03-27,474.81,476.156,472.77,476.047,5000445.5671969
2024-03-28,476.156,477.433,475.794,475.988,4105259.5601544
2024-04-01,476.721,477.236,474.136,475.365,5790723.2163653
2024-04-02,471.661,472.315,470.057,472.255,4865515.9275118
2024-04-03,471.176,474.109,471.126,472.68,6286434.3954107
2024-04-04,476.483,476.76,466.651,466.858,6939211.2008205
2024-04-05,468.215,473.641,467.789,471.819,5643479.8723332
2024-04-08,472.473,473.384,471.304,472.008,4783669.6341391
2024-04-09,473.691,473.909,468.106,472.592,5306204.7532451
2024-04-10,467.285,469.74,466.057,468.017,7002024.9286128
2024-04-11,469.333,472.75,466.057,471.394,5160486.3574263
2024-04-12,468.136,469.403,463.323,464.967,7028620.6313911
2024-04-15,468.829,468.948,458.313,459.066,9624386.4700456
2024-04-16,459.501,460.947,457.065,458.244,6828353.5251159
2024-04-17,460.551,460.679,454.234,455.482,7227071.9384032
2024-04-18,456.837,458.758,453.718,454.441,5693092.1941365
2024-04-19,454.491,455.432,449.451,450.609,9877415.774599
2024-04-22,453.064,457.203,450.886,454.55,5875684.039731
2024-04-23,456.66,460.571,456.154,460.284,4299546.0417152
2024-04-24,461.006,461.738,457.907,459.947,7763942.580613
2024-04-25,454.272,458.917,452.777,458.046,4924500.1164798
2024-04-26,460.769,464.036,460.254,462.63,4955690.8618874
2024-04-29,464.243,464.819,461.64,464.243,3285410.0344431
2024-04-30,462.838,463.749,456.837,456.907,4408045.6021366
2024-05-01,456.253,462.492,454.936,455.422,6175916.0459309
2024-05-02,458.818,460.392,454.659,459.67,4011748.9277997
2024-05-03,465.155,466.384,462.858,465.373,4632266.5141532
2024-05-06,467.591,470.156,467.195,470.067,4829886.6738941
2024-05-07,471.037,471.968,470.057,470.74,3485468.0915263
2024-05-08,468.948,471.196,468.859,470.76,3246703.6171131
2024-05-09,470.928,473.463,470.284,473.463,3520559.0687216
2024-05-10,474.988,475.682,472.908,474.047,3380294.1300891
2024-05-13,475.642,475.71,473.047,474.077,3139213.9561708
2024-05-14,474.285,476.75,473.789,476.325,3289973.7701886
2024-05-15,478.602,482.453,478.002,482.126,4443037.609183
2024-05-16,482.276,483.781,481.068,481.206,3380518.3277735
2024-05-17,481.325,481.959,479.948,481.919,3306446.2405898
2024-05-20,482.009,483.82,481.682,482.395,2625319.5370067
2024-05-21,481.761,483.791,481.582,483.692,2477865.1239835
2024-05-22,483.008,483.642,480.186,482.286,3282760.0582104
2024-05-23,485.108,485.187,477.563,478.701,3849036.9534485
2024-05-24,480.425,482.623,479.582,481.959,2580536.5545118
2024-05-28,482.623,482.865,479.776,482.346,4074657.586143
2024-05-29,478.454,479.928,478.226,478.948,5660447.1934792
2024-05-30,477.393,478.018,474.503,475.73,3427183.7628972
2024-05-31,476.523,480.158,471.804,479.869,5386774.5336764
2024-06-03,481.533,481.642,475.692,480.395,4252945.2401582
2024-06-04,479.255,481.642,477.83,480.979,2585614.329092
2024-06-05,483.087,486.732,481.295,486.732,3056103.2686504
2024-06-06,487.019,487.356,484.841,486.622,21555258.122496
2024-06-07,485.742,488.692,484.741,485.989,3093914.9150421
2024-06-10,485.365,487.861,484.761,487.583,3499525.8922734
2024-06-11,486.177,488.822,484.315,488.692,4068302.2887219
2024-06-12,493.048,495.247,491.841,492.761,3735403.0640761
2024-06-13,494.406,494.554,491.197,493.692,8896082.3123029
2024-06-14,492.385,494.149,491.425,494.089,5869582.2270792
2024-06-17,493.595,499.237,493.029,498.01,4655171.034336
2024-06-18,498.118,499.411,497.703,499.337,3465636.695458
2024-06-20,500.188,500.783,496.277,497.951,4858492.0766356
2024-06-21,497.178,498.283,495.94,496.861,4390879.3307932
2024-06-24,497.109,499.495,495.525,495.525,7092366.4964024
2024-06-25,496.792,497.901,495.416,497.584,6399454.2658998
2024-06-26,496.554,498.832,495.98,498.138,3234405.0612584
2024-06-27,498.07,499.535,497.396,498.911,3655487.6985073
2024-06-28,499.809,502.552,495.873,496.987,5633980.2446836
2024-07-01,498.338,498.527,495.467,498.129,4396155.5872716
2024-07-02,496.549,501.438,496.47,501.359,4236710.4838857
2024-07-03,501.051,503.952,501.051,503.624,2144564.4654184
2024-07-05,503.942,506.894,503.306,506.636,3176888.5635294
2024-07-08,507.292,507.992,506.118,507.122,3163259.9082075
2024-07-09,507.997,508.792,507.332,507.679,3165719.365758
2024-07-10,508.762,512.941,508.474,512.568,3468723.7309209
2024-07-11,512.757,513.542,507.615,508.176,5581386.6972359
2024-07-12,509.269,514.774,508.951,511.316,5271299.8188814
2024-07-15,513.333,515.857,511.108,512.866,7820676.5060378
2024-07-16,514.079,516.135,513.353,515.778,4190637.9204508
2024-07-17,510.332,511.872,508.345,508.574,5015830.2069328
2024-07-18,510.024,510.958,502.691,504.748,5087826.7007927
2024-07-19,504.45,506,500.395,501.379,4064985.200267
2024-07-22,505.076,507.112,503.257,506.586,4370396.6940963
2024-07-23,506.456,508.434,505.294,505.742,3135753.0290399
2024-07-24,501.26,501.528,493.424,494.165,6196345.6793842
2024-07-25,494.423,499.978,490.815,491.671,5682314.0197045
2024-07-26,495.228,499.724,494.543,497.185,3658980.4837673
2024-07-29,498.666,499.605,495.64,497.553,3115760.3763575
2024-07-30,498.895,499.849,491.804,494.949,3841946.4142105
2024-07-31,501.31,505.457,500.142,502.75,5401535.3417186
2024-08-01,504.648,506.696,492.635,495.893,6983105.4195031
2024-08-02,489.315,490.419,482.747,486.831,8615312.7495315
2024-08-05,467.215,478.156,465.943,472.213,15340691.370799
2024-08-06,474.39,483.8,472.949,476.924,8307250.5964599
2024-08-07,482.648,485.48,473.118,473.614,6014149.5873313
2024-08-08,478.464,485.201,476.626,484.665,4203653.7240344
2024-08-09,483.87,488.123,482.766,486.741,7709786.5691053
2024-08-12,487.855,489.255,484.913,486.99,3600764.600258
2024-08-13,490.041,495.247,489.822,495.079,3268428.8892585
2024-08-14,495.785,497.702,493.357,496.659,3723907.5466565
2024-08-15,501.916,505.394,501.315,505.184,4306016.0655156
2024-08-16,503.654,506.904,503.466,506.248,3471101.6761713
2024-08-19,506.656,511.117,505.86,511.117,3828374.1130715
2024-08-20,510.69,512.24,509.03,510.272,3175941.6119929
2024-08-21,511.236,513.413,509.627,512.061,3365200.0907436
2024-08-22,513.8,514.377,506.894,507.918,3700343.4476374
2024-08-23,511.098,514.297,509.032,513.413,5135064.5882225
2024-08-26,514.387,515.033,510.645,512.151,3420135.3557527
2024-08-27,511.028,513.343,509.935,512.836,3050953.0661068
2024-08-28,512.558,512.986,506.954,509.905,3965349.9987047
2024-08-29,511.753,514.834,508.912,509.984,3509200.1227362
2024-08-30,512.181,515.321,508.902,514.784,5673381.8817264
2024-09-03,511.882,512.191,501.926,504.37,5903544.440287
2024-09-04,502.502,506.328,501.846,503.118,3624150.5798063
2024-09-05,503.178,505.742,499.68,501.876,3447234.6734195
2024-09-06,502.164,503.754,492.683,493.519,7458314.0788386
2024-09-09,497.454,500.206,495.615,499.073,3679925.1196097
2024-09-10,500.783,501.533,496.361,501.13,2994203.3976756
2024-09-11,501.14,507.232,493.131,506.258,4977112.8706815
2024-09-12,506.884,510.908,504.866,510.61,4125466.3206611
2024-09-13,511.197,514.277,510.998,513.323,4444574.8998914
2024-09-16,513.095,514.337,511.416,514.099,4283172.4949769
2024-09-17,516.175,517.462,512.26,514.337,8201502.9787103
2024-09-18,514.923,519.445,512.23,512.668,6965052.9608294
2024-09-19,521.581,523.291,518.909,521.611,5593525.9920116
2024-09-20,520.219,521.621,517.845,520.587,5648176.4671325
2024-09-23,521.701,522.525,520.537,521.869,29474399.923387
2024-09-24,522.704,523.529,520.091,523.37,4680021.6694166
2024-09-25,523.301,523.986,521.353,522.307,35642057.298414
2024-09-26,526.341,526.59,522.187,524.383,5307270.8950446
2024-09-27,525.409,526.087,522.648,523.704,5616508.8328877
2024-09-30,522.648,526.271,520.524,525.987,8043003.5603303
2024-10-01,525.359,525.419,518.571,521.073,9228091.6050002
2024-10-02,520.185,522.179,517.923,521.162,3281048.4754194
2024-10-03,519.896,522.084,518.162,520.176,4020776.9682513
2024-10-04,524.482,525.339,520.634,524.97,5375320.5207697
2024-10-07,523.465,524.043,519.149,520.245,3983210.1423188
2024-10-08,522.648,525.698,521.83,525.17,2635072.0210386
2024-10-09,525.189,529.336,524.631,528.758,2951198.361045
2024-10-10,527.582,529.207,526.406,527.871,3649272.9916304
2024-10-11,527.811,531.729,527.701,531.011,5446540.6899003
2024-10-14,532.546,536.264,532.267,535.357,2647373.2579758
2024-10-15,535.666,535.895,530.124,531.28,4826725.6820083
2024-10-16,531.23,534.021,530.517,533.513,3247574.7050001
2024-10-17,536.902,537.042,533.443,533.593,3235617.5656221
2024-10-18,535.187,536.384,533.852,535.646,5086636.7134998
2024-10-21,535.008,535.895,532.008,534.819,3683179.1411983
2024-10-22,532.406,535.566,531.768,534.45,3377367.7023652
2024-10-23,532.576,533.014,526.336,529.575,5244482.1891289
2024-10-24,531.469,531.479,528.349,530.772,4492090.304203
2024-10-25,532.945,535.546,529.719,530.562,4341036.4917662
2024-10-28,533.822,533.862,531.969,532.217,3418876.1006291
2024-10-29,531.42,534.111,530.054,533.064,3037298.994006
2024-10-30,532.646,534.49,530.891,531.459,3076829.0821051
2024-10-31,527.402,527.542,520.843,521.003,7998285.9256481
2024-11-01,523.485,527.392,522.867,523.266,6126483.4858418
2024-11-04,523.385,524.601,520.365,522.129,3693241.2360017
2024-11-05,523.046,528.479,522.807,528.409,3310839.4990767
2024-11-06,539.922,542.404,536.453,541.567,7507282.7856379
2024-11-07,543.481,546.726,543.411,545.784,6070639.3612828
2024-11-08,546.322,549.482,546.312,548.196,6819728.7122015
2024-11-11,549.671,549.97,547.099,548.644,4908786.4290497
2024-11-12,548.634,549.183,544.687,547,4834031.9867395
2024-11-13,547.408,549.123,545.225,547.279,3713414.5824027
2024-11-14,547.349,547.817,543.142,543.8,3952890.4323244
2024-11-15,540.401,540.839,535.038,536.782,7383665.4867384
2024-11-18,537.201,540.201,536.428,539.005,4518659.0498435
2024-11-19,535.786,541.637,535.187,540.969,7000702.9610801
2024-11-20,541.049,541.338,535.726,541.168,3961696.5208771
2024-11-21,543.84,545.325,538.317,543.9,4545116.4402972
2024-11-22,544.079,546.302,543.63,545.724,5592426.0165517
2024-11-25,549.442,550.618,545.455,547.478,4318776.4896134
2024-11-26,548.744,551.057,548.096,550.548,4452776.9072781
2024-11-27,550.279,550.618,547.359,548.794,3322817.7056523
2024-11-29,549.532,552.931,549.312,551.685,4001490.4505449
2024-12-02,552.592,553.798,552.123,553.24,5458421.5860874
2024-12-03,553.06,553.658,552.024,553.369,4216354.7977933
2024-12-04,555.054,557.097,554.397,556.858,5507889.3722047
2024-12-05,556.848,557.626,555.682,555.931,3031229.6347278
2024-12-06,556.689,558.174,556.3,557.038,5151311.0034088
2024-12-09,556.928,557.082,553.609,554.137,4426394.7568155
2024-12-10,554.805,555.104,551.804,552.562,4123264.8712635
2024-12-11,555.144,557.606,554.884,556.748,3525662.7151301
2024-12-12,555.891,556.42,553.848,553.878,4061557.0434018
2024-12-13,555.732,556.38,552.437,553.838,4681796.4048432
2024-12-16,555.353,557.016,554.64,556.011,22919885.967179
2024-12-17,553.698,554.61,552.522,553.678,6130434.086972
2024-12-18,553.529,555.752,536.812,537.42,24663598.843018
2024-12-19,541.956,543.361,536.932,537.221,16845857.796699
2024-12-20,534.898,547.787,534.141,543.302,9419458.001443
2024-12-23,543.31,547.36,540.32,547.19,7063355
2024-12-24,548.06,552.9,547.54,552.82,3439250
2024-12-26,551.23,553.97,549.9201,552.81,4496268
2024-12-27,549.37,549.62,543.2001,547.08,7077135
2024-12-30,540.56,544.09,537.4,540.99,6505089
2024-12-31,542.45,543.0651,537.4001,538.81,6040750
2025-01-02,541.92,543.5399,533.795,537.46,7142698
2025-01-03,540.24,544.88,539.2,544.4,6419663
2025-01-06,548.28,551.43,545.82,547.57,5983435
2025-01-07,549.44,549.6,539.56,541.41,5383235
2025-01-08,541.32,543,538.08,542.14,4316999
2025-01-10,538.71,538.75,532,533.89,7935202
2025-01-13,529.4,534.91,529.02,534.58,5621011
2025-01-14,537.32,537.9064,531.8149,535.26,8820003
2025-01-15,542.84,546.13,541.76,545.05,5307318
2025-01-16,546.35,546.51,543.39,544.24,3632752
2025-01-17,548.92,551.12,547.68,549.46,6558651
2025-01-21,552.32,554.46,550.5,554.46,5301678
2025-01-22,557.19,558.9299,556.73,557.61,4780036
2025-01-23,557.04,560.7,556.8,560.7,6217878
2025-01-24,560.76,561.66,558.02,559.01,3612141
2025-01-27,546.93,551.39,546.83,551.23,7617385
2025-01-28,552.3,556.65,549.22,555.85,4164674
2025-01-29,555.17,555.5,550.9701,553.41,4174471
2025-01-30,555.37,557.78,552.38,556.3,4296538
2025-01-31,558.62,560.89,552.71,553.33,6243322
2025-02-03,544.99,551.9599,542.98,549.7,7824037
2025-02-04,549.7,553.83,549.23,553.35,4181413
2025-02-05,552.34,555.73,550.41,555.62,3424184
2025-02-06,557.29,557.65,554.19,557.62,3606299
2025-02-07,558.1,559.2,551.795,552.2,10161554
2025-02-10,555.44,556.7755,554.24,556.15,3517552
2025-02-11,554.08,557.115,553.99,556.65,2752923
2025-02-12,551,555.915,550.39,554.81,3579483
2025-02-13,555.87,560.88,554.695,560.67,3388498
2025-02-14,560.9,561.86,560.07,560.69,3380570
2025-02-18,561.8,562.31,559.49,562.31,3844905
2025-02-19,561.02,563.92,560.531,563.67,3857561
2025-02-20,562.39,562.4845,558.22,561.3,4446782
2025-02-21,561.1,561.2,551.265,551.75,6148694
2025-02-24,553.61,554.03,548.5133,549.14,4771512
2025-02-25,549.1,549.77,542.1684,546.41,5491494
2025-02-26,548.07,551.345,544.25,546.75,4180803
2025-02-27,548.83,549.88,537.6,537.97,5521351
2025-02-28,538.42,546.89,535.58,546.33,7328051
2025-03-03,548.2,549.29,533.251,536.92,7289998
2025-03-04,533.06,538.2799,526.16,530.45,10477435
2025-03-05,530.25,537.7901,526.93,536.4,6221745
2025-03-06,529.2,533.43,524.22,526.67,7228926
2025-03-07,524.9,530.88,520.13,529.51,7308280
2025-03-10,521.9,523.7,510.83,515.51,11176891
2025-03-11,514.33,517.5299,507.53,511.28,11208914
2025-03-12,516.89,517.74,509.1,513.76,8590555
2025-03-13,513.51,514.06,505.42,507.05,21649997
2025-03-14,511.28,518.42,510.84,517.46,7412261
2025-03-17,517.45,523.84,517.08,521.41,6269843
2025-03-18,519.32,519.52,514.0708,515.91,6010598
2025-03-19,517.54,524.96,516.4191,521.33,5373949
2025-03-20,517.96,524.615,517.32,520.13,6029737
2025-03-21,515.79,520.95,514.655,520.26,5059011
2025-03-24,526.467,530.39,525.88,529.39,22376267
2025-03-25,530.59,531.6,529.11,530.65,6260199
2025-03-26,530.56,531.41,523.1,524.46,4429626
2025-03-27,521.29,524.678,519.23,521.21,5534928
2025-03-28,519.76,520.46,510.16,510.8,5831793
2025-03-31,505.31,515.33,502.64,513.91,8196668
2025-04-01,512.36,517.35,508.88,515.8,7697017
2025-04-02,510.14,521.49,509.9298,518.91,6308643
2025-04-03,501,503.66,493.5,494.16,16226023
2025-04-04,481.28,483.3,464.24,465.52,30966508
2025-04-07,449.54,480.76,442.8,463.56,31285267
2025-04-08,479.68,482.49,449.6,456.74,19002684
2025-04-09,453.49,502.0612,453.16,499.1,29286594
2025-04-10,489.305,490.3,468.33,482.06,16651303
2025-04-11,480.69,493,478,490.55,11541195
2025-04-14,500.05,500.26,490.69,495.48,7701488
2025-04-15,496.03,499.27,493.42,494.09,8200583
2025-04-16,488.65,491.765,478.23,483.23,6374869
2025-04-17,484.79,488.16,481.5,483.9,5638939
2025-04-21,479.02,479.49,467.33,472.37,7762501
2025-04-22,478.07,486.48,477.19,484.29,6236319
2025-04-23,496.69,501.18,490.7,492.07,8047601
2025-04-24,493.26,503,492.2231,502.41,6184333
2025-04-25,502.44,506.52,499.75,506.11,6933423
2025-04-28,506.81,508.74,500.96,506.42,4210016
2025-04-29,504.54,510.5497,504.26,509.49,6525457
2025-04-30,503.26,511.5,497.76,509.74,7873686
2025-05-01,515.13,518.44,512.77,513.35,5784483
2025-05-02,519.12,522.41,516.89,520.71,6285390
2025-05-05,517.08,520.85,516.27,517.99,4793497
2025-05-06,512.86,517.825,511.94,513.58,4694270
2025-05-07,514.92,518.18,511.1,515.9,5467344
2025-05-08,519.54,524.23,516.345,519.34,5088200
2025-05-09,520.69,521.6306,517.36,518.65,4739506
2025-05-12,534.5,535.92,530.39,535.92,7793576
2025-05-13,536.33,541.48,535.78,539.44,7356804
2025-05-14,540.37,541.42,538.24,540.11,5031301
2025-05-15,538.26,543.2489,537.84,542.76,7362193
2025-05-16,543.47,546.47,541.7,546.26,7255342
2025-05-19,540.63,547.45,540.58,546.82,7766058
2025-05-20,545.22,546.06,541.99,544.88,7158205
2025-05-21,540.91,544.6905,534.82,535.77,6339491
2025-05-22,535.6,539.225,534.44,536.02,5816572
2025-05-23,529.43,534.8099,529.11,532.4,6455875
2025-05-27,538.72,543.52,537.18,543.34,6118091
2025-05-28,543.79,544.9,539.61,540.24,4910507
2025-05-29,545.15,545.28,538.74,542.32,4668939
2025-05-30,541.35,543.39,536.16,541.76,6171491
2025-06-02,540.25,544.91,537.8,544.91,5933526
2025-06-03,544.53,548.87,544.09,548,4993615
2025-06-04,548.75,549.65,547.4426,547.65,4543355
2025-06-05,549.48,550.63,543.3375,545.09,6387510
2025-06-06,550.3,552.32,548.6999,550.66,4735972
2025-06-09,551.3,552.7,550.2,551.25,4516381
2025-06-10,551.78,554.74,550.74,554.39,5984087
2025-06-11,555.41,556.225,550.91,552.86,20800557
2025-06-12,551.6,555,551.1322,554.95,8422943
2025-06-13,550.24,553.245,547.41,548.77,7100626
2025-06-16,551.94,555.69,551.87,554.07,7421327
2025-06-17,551.79,553.16,548.635,549.35,4753344
2025-06-18,550.16,552.71,548.39,549.24,4602329
2025-06-20,551.72,552.72,546.62,547.72,9978477
2025-06-23,548.66,553.7,545.75,553.36,9820188
2025-06-24,557.18,560.43,556.37,559.44,6770036
2025-06-25,560.52,561.02,558.34,559.72,16472305
2025-06-26,561.52,564.55,560.96,564.15,6081444
2025-06-27,565.11,568.33,563.21,566.95,6056524
2025-06-30,567.5,569.15,565.375,568.03,5750571
2025-07-01,566.56,568.8,565.8,567.77,7412742
2025-07-02,567.37,570.34,566.81,570.29,6164018
2025-07-03,572.18,575.67,572.13,575.22,4836962
2025-07-07,573,573.59,567.98,570.61,6417829
2025-07-08,571.15,571.83,569.48,570.23,6944624
2025-07-09,572.46,574.26,570.76,573.61,7156477
2025-07-10,573.78,576.26,572.7,575.29,4961691
2025-07-11,572.45,574.3757,571.37,573.22,4428852
2025-07-14,572.85,574.679,571.58,574.35,4747041
2025-07-15,576.85,577.16,571.85,571.86,5398956
2025-07-16,573.4,574.26,568.17,573.74,6141184
2025-07-17,574.02,577.65,573.8,577.18,6495346
2025-07-18,578.47,578.5,575.84,576.92,4262378
2025-07-21,577.98,580.53,577.59,577.95,5913837
2025-07-22,578.28,578.84,575.64,577.95,4767703
2025-07-23,580.57,582.96,578.87,582.86,4257345
2025-07-24,583.34,584.75,582.72,583.26,3840901
2025-07-25,583.81,586.04,583.59,585.58,4210090
2025-07-28,586.04,586.5,584.24,585.44,4193101
2025-07-29,586.82,587.08,583.12,583.92,5053447
2025-07-30,584.66,586.15,580.55,583.21,6974729
2025-07-31,587.83,588.16144,579.84,581.02,7046843
2025-08-01,575.73,575.74,569.29,571.45,8781254
2025-08-04,575.17,580.21,575.08,580.14,6640089
2025-08-05,580.79,581.5,576.4,577.35,4647381
2025-08-06,578.25,582.27,577.41,581.64,4545015
2025-08-07,584.87,585.52,578.3127,581.29,4594260
2025-08-08,582.93,586.17,582.6,585.74,4342341
2025-08-11,586.03,587.36,583.44,584.54,5373949
2025-08-12,586.75,590.96,585.435,590.78,5874245
2025-08-13,592.86,594.03,590.81,592.84,5392973
2025-08-14,590.92,593.51,590.5,592.85,6236666
2025-08-15,593.86,593.95,590.66,591.57,7196315
