Date,Adj Close,Close,High,Low,Open,Volume
2016-01-04,154.62962341308594,184.30999755859375,184.32000732421875,182.0800018310547,183.77000427246094,4193500
2016-01-05,154.9064483642578,184.63999938964844,185.1199951171875,183.42999267578125,184.57000732421875,2882500
2016-01-06,152.94326782226562,182.3000030517578,183.3800048828125,181.19000244140625,181.92999267578125,2755100
2016-01-07,149.21829223632812,177.86000061035156,181.0,177.5,179.14999389648438,4952500
2016-01-08,147.63262939453125,175.97000122070312,179.52999877929688,175.64999389648438,178.97000122070312,7357300
2016-01-11,147.64944458007812,175.99000549316406,177.32000732421875,174.05999755859375,177.0399932861328,4493300
2016-01-12,148.87428283691406,177.4499969482422,178.36000061035156,175.25999450683594,177.75,2998800
2016-01-13,145.233154296875,173.11000061035156,178.63999938964844,172.72000122070312,178.42999267578125,4125700
2016-01-14,147.5906524658203,175.9199981689453,177.17999267578125,172.05999755859375,173.7899932861328,5081400
2016-01-15,144.42776489257812,172.14999389648438,173.05999755859375,170.10000610351562,171.1999969482422,8087300
2016-01-19,144.58718872070312,172.33999633789062,174.2899932861328,170.72000122070312,174.1999969482422,5863300
2016-01-20,142.8924560546875,170.32000732421875,171.8800048828125,165.9600067138672,169.58999633789062,8577600
2016-01-21,143.5888214111328,171.14999389648438,173.13999938964844,169.3300018310547,170.7899932861328,3004600
2016-01-22,146.53359985351562,174.66000366210938,174.86000061035156,173.17999267578125,174.02999877929688,2611700
2016-01-25,144.36073303222656,172.07000732421875,174.3300018310547,171.8300018310547,174.10000610351562,2756400
2016-01-26,146.31546020507812,174.39999389648438,174.66000366210938,172.38999938964844,172.85000610351562,2263700
2016-01-27,144.654296875,172.4199981689453,175.6199951171875,171.5,173.88999938964844,3543000
2016-01-28,145.44290161132812,173.36000061035156,174.35000610351562,171.64999389648438,174.1300048828125,2616400
2016-01-29,149.12596130371094,177.75,177.75,174.0800018310547,174.33999633789062,4453100
2016-02-01,148.99176025390625,177.58999633789062,178.38999938964844,175.91000366210938,176.61000061035156,3923200
2016-02-02,146.29026794433594,174.3699951171875,176.08999633789062,173.8000030517578,175.86000061035156,5101200
2016-02-03,147.14608764648438,175.38999938964844,175.80999755859375,171.57000732421875,175.47000122070312,3871000
2016-02-04,147.3306427001953,175.61000061035156,176.6999969482422,174.22999572753906,174.9499969482422,3562200
2016-02-05,144.56202697753906,172.30999755859375,175.19000244140625,171.64999389648438,175.0399932861328,2371900
2016-02-08,142.5736846923828,169.94000244140625,170.6199951171875,167.6199951171875,170.2899932861328,3402000
2016-02-09,142.61561584472656,169.99000549316406,171.3699951171875,167.97000122070312,168.17999267578125,2360700
2016-02-10,142.52337646484375,169.8800048828125,172.64999389648438,169.72000122070312,170.92999267578125,1953600
2016-02-11,140.69439697265625,167.6999969482422,168.72000122070312,166.0500030517578,167.25999450683594,3439200
2016-02-12,143.58045959472656,171.13999938964844,171.13999938964844,168.6999969482422,169.5399932861328,1800300
2016-02-16,145.98825073242188,174.00999450683594,174.00999450683594,172.0500030517578,173.1999969482422,2361000
2016-02-17,148.37925720214844,176.86000061035156,177.25,175.1199951171875,175.32000732421875,2265400
2016-02-18,147.75010681152344,176.11000061035156,177.22000122070312,175.8000030517578,177.1999969482422,1646000
2016-02-19,147.7165069580078,176.07000732421875,176.1999969482422,174.64999389648438,175.27999877929688,1136900
2016-02-22,149.83074951171875,178.58999633789062,178.75,177.7100067138672,177.77999877929688,2603100
2016-02-23,147.95147705078125,176.35000610351562,178.19000244140625,176.22000122070312,177.9199981689453,2076000
2016-02-24,148.64779663085938,177.17999267578125,177.4499969482422,173.60000610351562,174.7899932861328,2599800
2016-02-25,150.43479919433594,179.30999755859375,179.30999755859375,176.8300018310547,177.6999969482422,2546000
2016-02-26,150.1578826904297,178.97999572753906,180.36000061035156,178.74000549316406,180.1999969482422,2560800
2016-02-29,148.81553649902344,177.3800048828125,179.9499969482422,177.3800048828125,178.94000244140625,3128400
2016-03-01,152.4818572998047,181.75,181.75,178.3300018310547,178.83999633789062,3041400
2016-03-02,153.1278533935547,182.52000427246094,182.5399932861328,180.91000366210938,181.36000061035156,3839200
2016-03-03,153.69000244140625,183.19000244140625,183.22999572753906,181.6999969482422,182.27000427246094,3150400
2016-03-04,154.18496704101562,183.77999877929688,184.66000366210938,182.5500030517578,183.4499969482422,2821000
2016-03-07,154.352783203125,183.97999572753906,184.38999938964844,182.75,182.85000610351562,3449900
2016-03-08,152.61607360839844,181.91000366210938,183.3300018310547,181.77999877929688,182.8300018310547,3385400
2016-03-09,153.45501708984375,182.91000366210938,183.22000122070312,182.00999450683594,182.85000610351562,1641600
2016-03-10,153.53892517089844,183.00999450683594,184.38999938964844,181.02999877929688,183.3800048828125,2090500
2016-03-11,156.03067016601562,185.97999572753906,186.00999450683594,184.4600067138672,184.57000732421875,2231000
2016-03-14,155.79571533203125,185.6999969482422,186.1999969482422,185.07000732421875,185.39999389648438,1412800
2016-03-15,155.5944061279297,185.4600067138672,185.4600067138672,184.4199981689453,184.6999969482422,1325300
2016-03-16,156.5256805419922,186.57000732421875,186.92999267578125,184.86000061035156,184.8800048828125,2700700
2016-03-17,157.51560974121094,187.75,188.24000549316406,186.0,186.4199981689453,1937300
2016-03-18,158.10289001464844,188.4499969482422,188.7899932861328,187.91000366210938,188.35000610351562,2623400
2016-03-21,158.34410095214844,187.72999572753906,187.94000244140625,186.91000366210938,187.17999267578125,1535400
2016-03-22,158.25982666015625,187.6300048828125,188.2100067138672,186.7100067138672,186.88999938964844,1521600
2016-03-23,157.24761962890625,186.42999267578125,187.36000061035156,186.17999267578125,187.17999267578125,1633300
2016-03-24,157.13796997070312,186.3000030517578,186.32000732421875,185.00999450683594,185.25,1874800
2016-03-28,157.24761962890625,186.42999267578125,186.94000244140625,185.9199981689453,186.75999450683594,1271200
2016-03-29,158.7574005126953,188.22000122070312,188.22000122070312,185.6300048828125,185.99000549316406,1604900
2016-03-30,159.42376708984375,189.00999450683594,189.72000122070312,188.5800018310547,189.1699981689453,1908400
2016-03-31,159.04420471191406,188.55999755859375,189.2899932861328,188.32000732421875,188.85000610351562,3007800
2016-04-01,160.06483459472656,189.77000427246094,189.9600067138672,187.10000610351562,187.39999389648438,2971800
2016-04-04,159.55874633789062,189.1699981689453,189.89999389648438,188.8300018310547,189.74000549316406,1259500
2016-04-05,157.93922424316406,187.25,188.2100067138672,187.0,187.74000549316406,1737500
2016-04-06,159.65992736816406,189.2899932861328,189.3800048828125,187.08999633789062,187.38999938964844,1860800
2016-04-07,157.77903747558594,187.05999755859375,188.5,186.25999450683594,188.1699981689453,2635300
2016-04-08,158.2091522216797,187.57000732421875,188.77000427246094,186.99000549316406,188.30999755859375,2043800
2016-04-11,157.7958984375,187.0800018310547,188.99000549316406,187.02999877929688,188.25999450683594,1355300
2016-04-12,159.3309783935547,188.89999389648438,189.17999267578125,186.8300018310547,187.2899932861328,1590700
2016-04-13,160.9251708984375,190.7899932861328,190.85000610351562,189.7100067138672,189.8800048828125,1972900
2016-04-14,160.90829467773438,190.77000427246094,191.30999755859375,190.41000366210938,190.83999633789062,3214800
2016-04-15,160.73117065429688,190.55999755859375,190.85000610351562,190.22000122070312,190.8000030517578,2059700
2016-04-18,161.8951416015625,191.94000244140625,191.94000244140625,189.85000610351562,189.99000549316406,2345300
2016-04-19,162.3843231201172,192.52000427246094,192.77999877929688,191.63999938964844,192.36000061035156,1633300
2016-04-20,162.51930236816406,192.67999267578125,193.42999267578125,192.0500030517578,192.60000610351562,1636800
2016-04-21,161.6168212890625,191.61000061035156,192.82000732421875,191.3699951171875,192.6999969482422,1814700
2016-04-22,161.6590118408203,191.66000366210938,191.94000244140625,190.69000244140625,191.3000030517578,1863900
2016-04-25,161.39749145507812,191.35000610351562,191.36000061035156,190.35000610351562,191.07000732421875,2368000
2016-04-26,161.63363647460938,191.6300048828125,192.16000366210938,191.13999938964844,191.72000122070312,1715300
2016-04-27,161.97103881835938,192.02999877929688,192.44000244140625,190.8000030517578,191.2100067138672,1971700
2016-04-28,160.51187133789062,190.3000030517578,192.39999389648438,189.85000610351562,191.22000122070312,1578800
2016-04-29,159.60096740722656,189.22000122070312,189.97999572753906,188.0500030517578,189.6199951171875,2785500
2016-05-02,160.87451171875,190.72999572753906,190.9499969482422,189.33999633789062,189.80999755859375,1638900
2016-05-03,159.4997100830078,189.10000610351562,189.66000366210938,188.27999877929688,189.44000244140625,2351900
2016-05-04,158.56350708007812,187.99000549316406,188.77999877929688,187.47000122070312,187.99000549316406,2079600
2016-05-05,158.5465545654297,187.97000122070312,188.89999389648438,187.57000732421875,188.57000732421875,1611600
2016-05-06,159.12014770507812,188.64999389648438,188.72000122070312,187.0,187.2100067138672,1551400
2016-05-09,159.2888641357422,188.85000610351562,189.27000427246094,188.36000061035156,188.5500030517578,1569000
2016-05-10,161.26255798339844,191.19000244140625,191.2100067138672,189.5399932861328,189.61000061035156,1021100
2016-05-11,159.75274658203125,189.39999389648438,191.07000732421875,189.38999938964844,190.7100067138672,2725500
2016-05-12,159.84552001953125,189.50999450683594,190.2899932861328,188.36000061035156,190.13999938964844,1783200
2016-05-13,158.36949157714844,187.75999450683594,189.7100067138672,187.4600067138672,189.10000610351562,1658700
2016-05-16,159.9467315673828,189.6300048828125,190.16000366210938,187.92999267578125,187.97999572753906,1075000
2016-05-17,158.5381317138672,187.9600067138672,189.64999389648438,187.3300018310547,189.35000610351562,3327100
2016-05-18,158.5128173828125,187.92999267578125,189.1999969482422,186.77999877929688,187.5,1942000
2016-05-19,157.99835205078125,187.32000732421875,187.58999633789062,185.97000122070312,187.14999389648438,1796000
2016-05-20,158.98519897460938,188.49000549316406,189.0500030517578,187.89999389648438,187.97000122070312,1588700
2016-05-23,158.77432250976562,188.24000549316406,188.77999877929688,188.02000427246094,188.47999572753906,1415400
2016-05-24,160.79019165039062,190.6300048828125,191.00999450683594,189.0800018310547,189.1300048828125,1985400
2016-05-25,161.8866424560547,191.92999267578125,192.4199981689453,191.36000061035156,191.3800048828125,2006700
2016-05-26,161.962646484375,192.02000427246094,192.36000061035156,191.67999267578125,192.13999938964844,1225300
2016-05-27,162.59521484375,192.77000427246094,192.8300018310547,192.16000366210938,192.19000244140625,988600
2016-05-31,162.40122985839844,192.5399932861328,193.27000427246094,191.8800048828125,193.16000366210938,2821900
2016-06-01,162.704833984375,192.89999389648438,193.05999755859375,191.6300048828125,191.8800048828125,2375500
2016-06-02,163.194091796875,193.47999572753906,193.47999572753906,191.9199981689453,192.4499969482422,1601700
2016-06-03,162.72174072265625,192.9199981689453,193.25999450683594,191.58999633789062,192.85000610351562,1897100
2016-06-06,163.50616455078125,193.85000610351562,194.24000549316406,193.1199951171875,193.2899932861328,1177600
2016-06-07,163.80137634277344,194.1999969482422,194.77999877929688,194.02000427246094,194.0500030517578,1551200
2016-06-08,164.34120178222656,194.83999633789062,194.9499969482422,194.2100067138672,194.33999633789062,1041100
2016-06-09,164.08816528320312,194.5399932861328,194.69000244140625,193.75,194.02000427246094,1521600
2016-06-10,162.51089477539062,192.6699981689453,193.42999267578125,192.1199951171875,193.07000732421875,1932900
2016-06-13,161.28787231445312,191.22000122070312,192.97000122070312,191.1199951171875,192.02999877929688,2318200
2016-06-14,160.93359375,190.8000030517578,191.4499969482422,189.8000030517578,190.8300018310547,2051200
2016-06-15,160.6973876953125,190.52000427246094,191.9600067138672,190.36000061035156,191.25999450683594,1590700
2016-06-16,161.22036743164062,191.13999938964844,191.3300018310547,188.57000732421875,189.60000610351562,2744400
2016-06-17,160.62147521972656,190.42999267578125,191.10000610351562,189.72999572753906,191.10000610351562,1701000
2016-06-20,161.6505584716797,191.64999389648438,193.25999450683594,191.55999755859375,192.55999755859375,1192800
2016-06-21,162.11083984375,191.24000549316406,191.64999389648438,190.64999389648438,191.14999389648438,1826500
2016-06-22,161.83958435058594,190.9199981689453,192.2100067138672,190.77999877929688,191.4499969482422,2245900
2016-06-23,163.93333435058594,193.38999938964844,193.44000244140625,192.0,192.52000427246094,2582200
2016-06-24,157.95713806152344,186.33999633789062,189.82000732421875,186.0,187.0,10310500
2016-06-27,155.16835021972656,183.0500030517578,185.05999755859375,182.27000427246094,185.05999755859375,7717000
2016-06-28,158.033447265625,186.42999267578125,186.44000244140625,184.52999877929688,184.8699951171875,4475900
2016-06-29,160.75450134277344,189.63999938964844,189.86000061035156,187.86000061035156,187.9499969482422,4147800
2016-06-30,162.924560546875,192.1999969482422,192.24000549316406,189.52999877929688,190.1300048828125,3822200
2016-07-01,163.26364135742188,192.60000610351562,193.1199951171875,192.07000732421875,192.08999633789062,2170900
2016-07-05,162.1193084716797,191.25,191.82000732421875,190.57000732421875,191.72999572753906,2233000
2016-07-06,163.0772247314453,192.3800048828125,192.49000549316406,189.97000122070312,190.7100067138672,2197800
2016-07-07,162.96697998046875,192.25,193.25999450683594,191.44000244140625,192.55999755859375,1704900
2016-07-08,165.44219970703125,195.1699981689453,195.36000061035156,193.41000366210938,193.6300048828125,2048200
2016-07-11,166.01866149902344,195.85000610351562,196.41000366210938,195.41000366210938,195.6199951171875,3590400
2016-07-12,167.1884307861328,197.22999572753906,197.5399932861328,196.58999633789062,196.83999633789062,2356700
2016-07-13,167.1291046142578,197.16000366210938,197.69000244140625,196.69000244140625,197.69000244140625,2767300
2016-07-14,168.1039581298828,198.30999755859375,198.8000030517578,197.88999938964844,198.5800018310547,3691100
2016-07-15,167.84962463378906,198.00999450683594,198.92999267578125,197.55999755859375,198.92999267578125,2346500
2016-07-18,168.33282470703125,198.5800018310547,198.74000549316406,197.89999389648438,198.14999389648438,1155700
2016-07-19,168.14634704589844,198.36000061035156,198.38999938964844,197.8800048828125,198.1300048828125,1003200
2016-07-20,168.82447814941406,199.16000366210938,199.44000244140625,198.41000366210938,198.9199981689453,1096900
2016-07-21,168.188720703125,198.41000366210938,199.32000732421875,197.97000122070312,199.07000732421875,4509800
2016-07-22,168.9685516357422,199.3300018310547,199.3800048828125,198.3000030517578,198.6199951171875,1678900
2016-07-25,168.56173706054688,198.85000610351562,199.1699981689453,198.1699981689453,199.10000610351562,1172600
2016-07-26,168.55325317382812,198.83999633789062,199.25,197.97000122070312,198.6999969482422,1405300
2016-07-27,168.44302368164062,198.7100067138672,199.33999633789062,197.85000610351562,199.2899932861328,2120100
2016-07-28,168.62950134277344,198.92999267578125,199.2100067138672,197.97999572753906,198.49000549316406,937200
2016-07-29,168.92620849609375,199.27999877929688,199.60000610351562,198.32000732421875,198.6300048828125,1758600
2016-08-01,168.73123168945312,199.0500030517578,199.7100067138672,198.5800018310547,199.3300018310547,2111500
2016-08-02,167.6800994873047,197.80999755859375,198.94000244140625,196.8800048828125,198.7899932861328,4085800
2016-08-03,168.16329956054688,198.3800048828125,198.4199981689453,197.39999389648438,197.74000549316406,2057500
2016-08-04,168.3243865966797,198.57000732421875,198.89999389648438,198.0500030517578,198.5,1384700
2016-08-05,169.6806182861328,200.1699981689453,200.22000122070312,199.19000244140625,199.33999633789062,1818600
2016-08-08,169.59588623046875,200.07000732421875,200.50999450683594,199.7899932861328,200.41000366210938,1441900
2016-08-09,169.7060546875,200.1999969482422,200.72999572753906,199.86000061035156,200.19000244140625,1821100
2016-08-10,169.27377319335938,199.69000244140625,200.39999389648438,199.3300018310547,200.33999633789062,1222300
2016-08-11,170.10446166992188,200.6699981689453,200.88999938964844,200.0,200.30999755859375,1644700
2016-08-12,169.93495178222656,200.47000122070312,200.6999969482422,200.0399932861328,200.32000732421875,1718400
2016-08-15,170.42662048339844,201.0500030517578,201.41000366210938,200.85000610351562,200.88999938964844,1051100
2016-08-16,169.54501342773438,200.00999450683594,200.66000366210938,200.0,200.61000061035156,1731200
2016-08-17,169.82473754882812,200.33999633789062,200.52999877929688,199.13999938964844,200.0500030517578,3157700
2016-08-18,170.23165893554688,200.82000732421875,200.86000061035156,200.25,200.3699951171875,5211200
2016-08-19,169.9942626953125,200.5399932861328,200.72000122070312,199.80999755859375,200.33999633789062,1190800
2016-08-22,169.97732543945312,200.52000427246094,200.75,199.8800048828125,200.3000030517578,880300
2016-08-23,170.29092407226562,200.88999938964844,201.50999450683594,200.86000061035156,201.17999267578125,1214400
2016-08-24,169.46871948242188,199.9199981689453,200.8699951171875,199.4600067138672,200.77999877929688,1161300
2016-08-25,169.3330535888672,199.75999450683594,200.2100067138672,199.3300018310547,199.47999572753906,1262600
2016-08-26,169.01097106933594,199.3800048828125,201.0500030517578,198.44000244140625,199.9600067138672,2890600
2016-08-29,169.86712646484375,200.38999938964844,200.64999389648438,199.49000549316406,199.52999877929688,1140700
2016-08-30,169.54501342773438,200.00999450683594,200.57000732421875,199.4499969482422,200.27999877929688,1407400
2016-08-31,169.12962341308594,199.52000427246094,199.82000732421875,198.64999389648438,199.6999969482422,2343900
2016-09-01,169.0957489013672,199.47999572753906,199.7899932861328,198.24000549316406,199.5,2196100
2016-09-02,169.8501739501953,200.3699951171875,200.8300018310547,199.77999877929688,200.41000366210938,1555800
2016-09-06,170.3842315673828,201.0,201.0399932861328,199.9199981689453,200.69000244140625,1589600
2016-09-07,170.37567138671875,200.99000549316406,201.14999389648438,200.32000732421875,200.82000732421875,1455400
2016-09-08,169.97732543945312,200.52000427246094,200.9199981689453,200.19000244140625,200.6199951171875,2180400
2016-09-09,165.87451171875,195.67999267578125,199.17999267578125,195.6699981689453,199.0800018310547,3435600
2016-09-12,168.24803161621094,198.47999572753906,198.9499969482422,194.8000030517578,194.8800048828125,2799900
2016-09-13,165.84945678710938,194.77999877929688,196.50999450683594,194.1199951171875,196.25,3365300
2016-09-14,165.7472381591797,194.66000366210938,196.1199951171875,194.1199951171875,194.8300018310547,2967100
2016-09-15,167.45022583007812,196.66000366210938,197.07000732421875,194.3699951171875,194.50999450683594,1874400
2016-09-16,166.7946014404297,195.88999938964844,196.19000244140625,195.1699981689453,196.02000427246094,1774100
2016-09-19,166.84564208984375,195.9499969482422,197.27999877929688,195.63999938964844,196.6300048828125,2061400
2016-09-20,166.8627471923828,195.97000122070312,197.02999877929688,195.92999267578125,196.86000061035156,1294100
2016-09-21,168.73597717285156,198.1699981689453,198.33999633789062,195.97999572753906,196.69000244140625,2238800
2016-09-22,169.74923706054688,199.36000061035156,199.7100067138672,198.97999572753906,199.25999450683594,2215200
2016-09-23,168.83811950683594,198.2899932861328,199.11000061035156,198.22000122070312,198.97999572753906,1413400
2016-09-26,167.4927978515625,196.7100067138672,197.60000610351562,196.5,197.47000122070312,2451600
2016-09-27,168.51458740234375,197.91000366210938,198.00999450683594,196.16000366210938,196.52999877929688,1468000
2016-09-28,169.42564392089844,198.97999572753906,199.07000732421875,197.1300048828125,198.17999267578125,1419900
2016-09-29,167.8334197998047,197.11000061035156,199.11000061035156,196.5399932861328,198.7100067138672,2074600
2016-09-30,169.17872619628906,198.69000244140625,199.33999633789062,197.75,198.00999450683594,3147400
2016-10-03,168.6422576904297,198.05999755859375,198.35000610351562,197.4499969482422,198.17999267578125,2136000
2016-10-04,167.85890197753906,197.13999938964844,198.47000122070312,196.47999572753906,198.25,2846600
2016-10-05,168.5571746826172,197.9600067138672,198.44000244140625,197.72000122070312,197.77000427246094,1126700
2016-10-06,168.75294494628906,198.19000244140625,198.33999633789062,197.16000366210938,197.74000549316406,1117400
2016-10-07,168.13136291503906,197.4600067138672,198.60000610351562,196.64999389648438,198.4199981689453,1795100
2016-10-10,168.90623474121094,198.3699951171875,198.9499969482422,197.4600067138672,197.4600067138672,1297400
2016-10-11,166.85418701171875,195.9600067138672,198.07000732421875,195.19000244140625,198.0,2643500
2016-10-12,167.06707763671875,196.2100067138672,196.74000549316406,195.58999633789062,196.1199951171875,1458700
2016-10-13,166.53062438964844,195.5800018310547,196.11000061035156,193.9199981689453,194.8300018310547,2407100
2016-10-14,166.57325744628906,195.6300048828125,197.1199951171875,195.61000061035156,196.64999389648438,1218800
2016-10-17,166.0793914794922,195.0500030517578,195.92999267578125,194.80999755859375,195.63999938964844,1323200
2016-10-18,167.0585479736328,196.1999969482422,196.75999450683594,195.82000732421875,196.6999969482422,1263300
2016-10-19,167.51837158203125,196.74000549316406,197.0800018310547,196.1300048828125,196.49000549316406,1041300
2016-10-20,167.24586486816406,196.4199981689453,196.97000122070312,195.6999969482422,196.3699951171875,1309600
2016-10-21,167.2884521484375,196.47000122070312,196.57000732421875,195.3800048828125,195.5399932861328,1376300
2016-10-24,167.96958923339844,197.27000427246094,197.64999389648438,196.9499969482422,197.3699951171875,817000
2016-10-25,167.4927978515625,196.7100067138672,197.38999938964844,196.47999572753906,197.1300048828125,1465300
2016-10-26,167.11814880371094,196.27000427246094,196.86000061035156,195.52999877929688,195.75999450683594,1202300
2016-10-27,166.67535400390625,195.75,197.07000732421875,195.64999389648438,197.0399932861328,1635500
2016-10-28,166.14747619628906,195.1300048828125,196.39999389648438,194.39999389648438,195.7100067138672,2632000
2016-10-31,166.14747619628906,195.1300048828125,195.74000549316406,194.97999572753906,195.49000549316406,1816300
2016-11-01,164.9895477294922,193.77000427246094,195.5399932861328,192.4499969482422,195.52000427246094,2456600
2016-11-02,163.89959716796875,192.49000549316406,193.80999755859375,192.10000610351562,193.4199981689453,3395900
2016-11-03,163.26095581054688,191.74000549316406,193.0,191.38999938964844,192.7899932861328,1512200
2016-11-04,163.0396270751953,191.47999572753906,192.7100067138672,191.32000732421875,191.8000030517578,2221300
2016-11-07,166.6157989501953,195.67999267578125,195.74000549316406,194.00999450683594,194.1699981689453,2699100
2016-11-08,167.38211059570312,196.5800018310547,197.17999267578125,195.02000427246094,195.30999755859375,3055900
2016-11-09,169.17018127441406,198.67999267578125,199.33999633789062,194.9199981689453,194.94000244140625,6119100
2016-11-10,169.56185913085938,199.13999938964844,200.44000244140625,197.61000061035156,199.52999877929688,5126400
2016-11-11,169.24685668945312,198.77000427246094,198.9600067138672,197.6999969482422,198.4199981689453,1954200
2016-11-14,169.2723846435547,198.8000030517578,199.49000549316406,198.05999755859375,199.3000030517578,2651000
2016-11-15,170.64324951171875,200.41000366210938,200.4199981689453,199.07000732421875,199.2899932861328,2532400
2016-11-16,170.35374450683594,200.07000732421875,200.2899932861328,199.64999389648438,199.77999877929688,1195000
2016-11-17,171.16261291503906,201.02000427246094,201.1300048828125,200.1199951171875,200.2100067138672,1178200
2016-11-18,170.85609436035156,200.66000366210938,201.32000732421875,200.44000244140625,201.16000366210938,1668300
2016-11-21,172.1162872314453,202.13999938964844,202.17999267578125,201.11000061035156,201.25,2641300
2016-11-22,172.43130493164062,202.50999450683594,202.72999572753906,201.77000427246094,202.5800018310547,2773400
2016-11-23,172.5845947265625,202.69000244140625,202.7100067138672,201.77000427246094,202.13999938964844,1466300
2016-11-25,173.2742919921875,203.5,203.5,202.9600067138672,203.0800018310547,1843100
2016-11-28,172.4568328857422,202.5399932861328,203.3699951171875,202.35000610351562,203.07000732421875,2193000
2016-11-29,172.7292938232422,202.86000061035156,203.35000610351562,202.1699981689453,202.50999450683594,1689600
2016-11-30,172.33766174316406,202.39999389648438,203.69000244140625,202.30999755859375,203.52999877929688,2360100
2016-12-01,171.6649627685547,201.61000061035156,202.7100067138672,201.24000549316406,202.67999267578125,3284100
2016-12-02,171.7842254638672,201.75,202.22999572753906,201.35000610351562,201.6999969482422,2118900
2016-12-05,172.77191162109375,202.91000366210938,203.3000030517578,202.4199981689453,202.63999938964844,2070500
2016-12-06,173.37646484375,203.6199951171875,203.6300048828125,202.63999938964844,203.1699981689453,2413300
2016-12-07,175.57325744628906,206.1999969482422,206.32000732421875,203.3000030517578,203.4499969482422,2253900
2016-12-08,176.03305053710938,206.74000549316406,207.27000427246094,205.9499969482422,206.25,2983000
2016-12-09,177.10589599609375,208.0,208.02999877929688,206.97999572753906,207.02000427246094,1972000
2016-12-12,176.91009521484375,207.77000427246094,208.4199981689453,207.33999633789062,207.9199981689453,2419600
2016-12-13,178.11915588378906,209.19000244140625,209.6999969482422,208.47000122070312,208.52999877929688,2670200
2016-12-14,176.64613342285156,207.4600067138672,209.58999633789062,206.97999572753906,208.83999633789062,4232900
2016-12-15,177.30172729492188,208.22999572753906,209.22999572753906,207.5800018310547,207.72000122070312,2812500
2016-12-16,176.99526977539062,207.8699951171875,208.83999633789062,207.5500030517578,208.82000732421875,3074000
2016-12-19,177.3953857421875,208.33999633789062,208.8000030517578,207.92999267578125,208.10000610351562,2042000
2016-12-20,178.07659912109375,209.13999938964844,209.30999755859375,208.67999267578125,208.9199981689453,3195300
2016-12-21,177.5912628173828,208.57000732421875,209.1999969482422,208.57000732421875,209.05999755859375,1546600
2016-12-22,177.3650665283203,207.00999450683594,207.24000549316406,206.5,207.16000366210938,1863700
2016-12-23,177.519287109375,207.19000244140625,207.22000122070312,206.77000427246094,206.97999572753906,1278900
2016-12-27,177.95623779296875,207.6999969482422,208.14999389648438,207.47999572753906,207.47999572753906,1818500
2016-12-28,176.5510711669922,206.05999755859375,208.07000732421875,205.91000366210938,208.0,2228000
2016-12-29,176.51683044433594,206.02000427246094,206.47000122070312,205.50999450683594,206.10000610351562,1772700
2016-12-30,175.90847778320312,205.30999755859375,206.42999267578125,204.50999450683594,206.3699951171875,4251000
2017-01-03,177.13369750976562,206.74000549316406,207.3300018310547,205.55999755859375,206.67999267578125,4750200
2017-01-04,178.1790313720703,207.9600067138672,208.17999267578125,207.1199951171875,207.1999969482422,4622400
2017-01-05,178.0419158935547,207.8000030517578,208.0399932861328,207.00999450683594,207.75,2772100
2017-01-06,178.7358856201172,208.61000061035156,209.08999633789062,207.39999389648438,207.99000549316406,2194600
2017-01-09,178.17044067382812,207.9499969482422,208.47999572753906,207.88999938964844,208.33999633789062,1705200
2017-01-10,178.14471435546875,207.9199981689453,208.82000732421875,207.50999450683594,207.89999389648438,2189400
2017-01-11,178.6502227783203,208.50999450683594,208.50999450683594,207.1199951171875,207.83999633789062,5677600
2017-01-12,178.2561492919922,208.0500030517578,208.19000244140625,206.5399932861328,207.97000122070312,3244600
2017-01-13,178.60739135742188,208.4600067138672,208.77999877929688,208.1300048828125,208.17999267578125,2822700
2017-01-17,177.97335815429688,207.72000122070312,208.2100067138672,207.3300018310547,207.7899932861328,1690000
2017-01-18,178.3503875732422,208.16000366210938,208.22000122070312,207.4199981689453,208.00999450683594,1980500
2017-01-19,177.75057983398438,207.4600067138672,208.42999267578125,206.97000122070312,208.27000427246094,1666900
2017-01-20,178.3246307373047,208.1300048828125,208.6999969482422,207.55999755859375,208.13999938964844,2082500
2017-01-23,177.91339111328125,207.64999389648438,208.2100067138672,206.8300018310547,207.83999633789062,4586600
2017-01-24,179.04437255859375,208.97000122070312,209.39999389648438,207.75,207.86000061035156,1940100
2017-01-25,180.5352020263672,210.7100067138672,210.77000427246094,209.7899932861328,209.97999572753906,2873000
2017-01-26,180.39813232421875,210.5500030517578,210.89999389648438,210.25,210.64999389648438,2485100
2017-01-27,180.14105224609375,210.25,210.75999450683594,210.02999877929688,210.64999389648438,1428200
2017-01-30,179.05296325683594,208.97999572753906,209.52000427246094,207.8800048828125,209.47999572753906,2782300
2017-01-31,179.04437255859375,208.97000122070312,208.97000122070312,207.7899932861328,208.33999633789062,3787100
2017-02-01,179.07008361816406,209.0,209.86000061035156,208.3699951171875,209.6199951171875,2698800
2017-02-02,179.147216796875,209.08999633789062,209.39999389648438,208.22999572753906,208.58999633789062,1661300
2017-02-03,180.47520446777344,210.63999938964844,210.72999572753906,209.77000427246094,210.0800018310547,4264400
2017-02-06,180.09820556640625,210.1999969482422,210.5399932861328,209.83999633789062,210.1199951171875,1345500
2017-02-07,180.14105224609375,210.25,210.83999633789062,209.99000549316406,210.64999389648438,1194600
2017-02-08,180.37240600585938,210.52000427246094,210.61000061035156,209.6300048828125,210.25,1096100
2017-02-09,181.4005584716797,211.72000122070312,212.0399932861328,210.52000427246094,210.52000427246094,1237100
2017-02-10,182.1288299560547,212.57000732421875,212.8000030517578,212.00999450683594,212.1300048828125,1412400
2017-02-13,183.09703063964844,213.6999969482422,214.0,213.07000732421875,213.11000061035156,1756300
2017-02-14,183.85951232910156,214.58999633789062,214.58999633789062,213.16000366210938,213.5500030517578,2528100
2017-02-15,184.79345703125,215.67999267578125,215.88999938964844,214.30999755859375,214.33999633789062,2050200
2017-02-16,184.64779663085938,215.50999450683594,215.89999389648438,214.72999572753906,215.74000549316406,1920100
2017-02-17,184.93055725097656,215.83999633789062,215.83999633789062,214.7899932861328,214.83999633789062,1452600
2017-02-21,186.01869201660156,217.11000061035156,217.32000732421875,216.25,216.32000732421875,1893000
2017-02-22,185.9330291748047,217.00999450683594,217.19000244140625,216.5500030517578,216.72000122070312,1471400
2017-02-23,186.03579711914062,217.1300048828125,217.5399932861328,216.3000030517578,217.5399932861328,1717200
2017-02-24,186.25857543945312,217.38999938964844,217.4199981689453,216.16000366210938,216.22000122070312,1637700
2017-02-27,186.5327606201172,217.7100067138672,217.89999389648438,217.02000427246094,217.32000732421875,1942200
2017-02-28,185.9844207763672,217.07000732421875,217.5800018310547,216.72000122070312,217.33999633789062,2181000
2017-03-01,188.6233367919922,220.14999389648438,220.66000366210938,218.8699951171875,218.89999389648438,3325500
2017-03-02,187.51803588867188,218.86000061035156,220.02000427246094,218.75,219.99000549316406,1657100
2017-03-03,187.62091064453125,218.97999572753906,219.08999633789062,218.30999755859375,218.6999969482422,1765900
2017-03-06,187.03823852539062,218.3000030517578,218.64999389648438,217.6300048828125,218.07000732421875,1530600
2017-03-07,186.47276306152344,217.63999938964844,218.3300018310547,217.4199981689453,217.97999572753906,1743200
2017-03-08,186.07864379882812,217.17999267578125,218.1999969482422,217.07000732421875,217.9499969482422,1784400
2017-03-09,186.27574157714844,217.41000366210938,217.83999633789062,216.4600067138672,217.3300018310547,1636200
2017-03-10,186.9268798828125,218.1699981689453,218.55999755859375,217.25999450683594,218.5500030517578,1819900
2017-03-13,187.03823852539062,218.3000030517578,218.41000366210938,217.86000061035156,218.17999267578125,1388100
2017-03-14,186.4042205810547,217.55999755859375,217.80999755859375,216.88999938964844,217.77000427246094,1428400
2017-03-15,187.95504760742188,219.3699951171875,219.85000610351562,217.8699951171875,218.1300048828125,3358800
2017-03-16,187.63803100585938,219.0,219.64999389648438,218.64999389648438,219.61000061035156,1710900
2017-03-17,187.26101684570312,218.55999755859375,219.44000244140625,218.55999755859375,219.3000030517578,1588500
2017-03-20,187.0982666015625,218.3699951171875,218.88999938964844,217.97999572753906,218.58999633789062,1035900
2017-03-21,184.70777893066406,215.5800018310547,219.1300048828125,215.41000366210938,219.0,3468700
2017-03-22,185.0847930908203,215.02000427246094,215.33999633789062,213.9499969482422,214.5800018310547,2600300
2017-03-23,184.8954620361328,214.8000030517578,216.02000427246094,214.44000244140625,214.8000030517578,2436700
2017-03-24,184.83511352539062,214.72999572753906,215.77000427246094,213.8800048828125,215.13999938964844,2647600
2017-03-27,184.5338897705078,214.3800048828125,214.72000122070312,212.6199951171875,212.8699951171875,2082900
2017-03-28,185.9025421142578,215.97000122070312,216.4600067138672,214.0500030517578,214.16000366210938,3057200
2017-03-29,186.177978515625,216.2899932861328,216.47000122070312,215.47999572753906,215.72000122070312,1748500
2017-03-30,186.67727661132812,216.8699951171875,217.1300048828125,215.97999572753906,216.1699981689453,2494800
2017-03-31,186.22964477539062,216.35000610351562,217.11000061035156,216.35000610351562,216.55999755859375,1331400
2017-04-03,185.9972381591797,216.0800018310547,216.69000244140625,214.74000549316406,216.50999450683594,2843700
2017-04-04,186.10055541992188,216.1999969482422,216.25,215.3300018310547,215.7100067138672,2481600
2017-04-05,185.53236389160156,215.5399932861328,217.92999267578125,215.33999633789062,216.88999938964844,2311800
2017-04-06,186.01441955566406,216.10000610351562,216.67999267578125,215.22000122070312,215.7100067138672,1635500
2017-04-07,185.85092163085938,215.91000366210938,216.63999938964844,215.39999389648438,215.86000061035156,1835900
2017-04-10,185.98001098632812,216.05999755859375,216.8800048828125,215.5,216.05999755859375,1311900
2017-04-11,185.7476348876953,215.7899932861328,215.8800048828125,214.25,215.6300048828125,1787300
2017-04-12,184.98146057128906,214.89999389648438,215.69000244140625,214.6199951171875,215.49000549316406,2002700
2017-04-13,183.7505645751953,213.47000122070312,215.24000549316406,213.47000122070312,214.5,1806800
2017-04-17,185.3602294921875,215.33999633789062,215.35000610351562,213.8000030517578,214.0,1746900
2017-04-18,184.85238647460938,214.75,215.24000549316406,213.97999572753906,214.5500030517578,2695900
2017-04-19,184.44784545898438,214.27999877929688,215.6999969482422,214.05999755859375,215.30999755859375,2032400
2017-04-20,185.9541473388672,216.02999877929688,216.5,214.6199951171875,214.97999572753906,2734000
2017-04-21,185.4119415283203,215.39999389648438,216.02000427246094,214.92999267578125,215.97000122070312,2594400
2017-04-24,187.3916778564453,217.6999969482422,217.9499969482422,217.22999572753906,217.75,2366400
2017-04-25,188.51931762695312,219.00999450683594,219.36000061035156,218.2899932861328,218.41000366210938,1745100
2017-04-26,188.3816375732422,218.85000610351562,219.89999389648438,218.80999755859375,218.9600067138672,2824500
2017-04-27,188.5279083251953,219.02000427246094,219.36000061035156,218.47000122070312,219.1999969482422,1154200
2017-04-28,188.16641235351562,218.60000610351562,219.33999633789062,218.42999267578125,219.3300018310547,1257600
2017-05-01,188.62255859375,219.1300048828125,219.57000732421875,218.64999389648438,219.16000366210938,1506700
2017-05-02,188.6828155517578,219.1999969482422,219.3800048828125,218.77000427246094,219.2899932861328,2573000
2017-05-03,188.49349975585938,218.97999572753906,219.1699981689453,218.24000549316406,218.77999877929688,1654600
2017-05-04,188.66566467285156,219.17999267578125,219.35000610351562,218.30999755859375,219.27000427246094,1439100
2017-05-05,189.42312622070312,220.05999755859375,220.05999755859375,219.1199951171875,219.55999755859375,1729700
2017-05-08,189.43173217773438,220.07000732421875,220.25,219.57000732421875,220.1300048828125,2225000
2017-05-09,189.19070434570312,219.7899932861328,220.49000549316406,219.44000244140625,220.2899932861328,1636900
2017-05-10,189.5436553955078,220.1999969482422,220.22000122070312,219.5500030517578,219.75999450683594,1066900
2017-05-11,189.1562957763672,219.75,219.92999267578125,218.6199951171875,219.74000549316406,1855700
2017-05-12,188.86363220214844,219.41000366210938,219.60000610351562,219.1199951171875,219.5,1056500
2017-05-15,189.819091796875,220.52000427246094,220.72000122070312,219.8300018310547,219.8800048828125,1440600
2017-05-16,189.7846221923828,220.47999572753906,220.94000244140625,220.0,220.8800048828125,2452500
2017-05-17,186.4190216064453,216.57000732421875,219.07000732421875,216.4199981689453,218.61000061035156,3507700
2017-05-18,187.0990753173828,217.36000061035156,218.24000549316406,216.1300048828125,216.3300018310547,2894500
2017-05-19,188.26107788085938,218.7100067138672,219.47000122070312,217.8300018310547,217.8800048828125,2436500
2017-05-22,189.31126403808594,219.92999267578125,220.0500030517578,219.22999572753906,219.25999450683594,1865000
2017-05-23,189.6813507080078,220.36000061035156,220.5399932861328,219.89999389648438,220.30999755859375,1259000
2017-05-24,190.13755798339844,220.88999938964844,221.0,220.27999877929688,220.63999938964844,1453900
2017-05-25,191.02420043945312,221.9199981689453,222.24000549316406,221.2100067138672,221.42999267578125,1564600
2017-05-26,191.03277587890625,221.92999267578125,222.07000732421875,221.6699981689453,221.75999450683594,1196000
2017-05-30,190.85203552246094,221.72000122070312,221.97000122070312,221.4199981689453,221.55999755859375,1511700
2017-05-31,190.80899047851562,221.6699981689453,222.0800018310547,220.9199981689453,222.0399932861328,2326200
2017-06-01,192.29811096191406,223.39999389648438,223.4499969482422,221.86000061035156,222.13999938964844,2112900
2017-06-02,192.900634765625,224.10000610351562,224.32000732421875,223.1699981689453,223.47999572753906,1857600
2017-06-05,192.77157592773438,223.9499969482422,224.27999877929688,223.80999755859375,223.99000549316406,1831200
2017-06-06,192.2206268310547,223.30999755859375,223.9499969482422,223.1999969482422,223.3699951171875,1449400
2017-06-07,192.5391845703125,223.67999267578125,223.92999267578125,222.92999267578125,223.69000244140625,1328800
2017-06-08,192.60801696777344,223.75999450683594,224.30999755859375,223.24000549316406,223.82000732421875,1116100
2017-06-09,192.38421630859375,223.5,224.92999267578125,222.10000610351562,224.1199951171875,2117600
2017-06-12,192.30673217773438,223.41000366210938,223.47999572753906,222.50999450683594,223.2100067138672,1812100
2017-06-13,193.24496459960938,224.5,224.57000732421875,223.63999938964844,223.99000549316406,2170700
2017-06-14,193.0383758544922,224.25999450683594,224.83999633789062,223.3800048828125,224.82000732421875,1886000
2017-06-15,192.65101623535156,223.80999755859375,223.92999267578125,222.50999450683594,222.86000061035156,2170900
2017-06-16,192.7026824951172,223.8699951171875,224.05999755859375,222.94000244140625,224.0,1603600
2017-06-19,194.27789306640625,225.6999969482422,225.77000427246094,224.6199951171875,224.72999572753906,1433100
2017-06-20,193.0039825439453,224.22000122070312,225.36000061035156,224.17999267578125,225.36000061035156,1366000
2017-06-21,192.92652893066406,224.1300048828125,224.6999969482422,223.63999938964844,224.57000732421875,1422000
2017-06-22,192.8145751953125,224.0,224.66000366210938,223.8699951171875,224.1699981689453,1344400
2017-06-23,193.14315795898438,223.3699951171875,223.64999389648438,222.72000122070312,223.1199951171875,1257400
2017-06-26,193.20372009277344,223.44000244140625,224.4499969482422,223.24000549316406,224.0,1321700
2017-06-27,191.66455078125,221.66000366210938,223.52000427246094,221.6300048828125,223.2100067138672,3476700
2017-06-28,193.35931396484375,223.6199951171875,223.83999633789062,222.5,222.72999572753906,2875800
2017-06-29,191.69046020507812,221.69000244140625,223.9199981689453,220.4199981689453,223.80999755859375,4613000
2017-06-30,192.0104217529297,222.05999755859375,222.91000366210938,221.86000061035156,222.57000732421875,2982300
2017-07-03,192.4341278076172,222.5500030517578,223.52999877929688,222.47000122070312,223.08999633789062,1762500
2017-07-05,192.77137756347656,222.94000244140625,223.1699981689453,222.0,222.83999633789062,2043800
2017-07-06,191.0420379638672,220.94000244140625,222.25,220.72000122070312,222.16000366210938,2540700
2017-07-07,192.25259399414062,222.33999633789062,222.52000427246094,221.3800048828125,221.52000427246094,2148000
2017-07-10,192.45143127441406,222.57000732421875,222.99000549316406,222.0399932861328,222.1999969482422,1800100
2017-07-11,192.304443359375,222.39999389648438,222.75999450683594,221.22000122070312,222.4199981689453,1638700
2017-07-12,193.7484893798828,224.07000732421875,224.27999877929688,223.47000122070312,223.47000122070312,1492100
2017-07-13,194.07701110839844,224.4499969482422,224.61000061035156,223.88999938964844,224.16000366210938,1485500
2017-07-14,194.9590301513672,225.47000122070312,225.89999389648438,224.38999938964844,224.52000427246094,1642400
2017-07-17,194.98492431640625,225.5,225.86000061035156,225.33999633789062,225.4499969482422,1176200
2017-07-18,195.1319580078125,225.6699981689453,225.69000244140625,224.72999572753906,225.1300048828125,3146500
2017-07-19,196.160888671875,226.86000061035156,226.86000061035156,225.9600067138672,225.97999572753906,1255300
2017-07-20,196.22142028808594,226.92999267578125,227.25,226.39999389648438,227.1300048828125,1698100
2017-07-21,196.0830535888672,226.77000427246094,226.77999877929688,226.11000061035156,226.36000061035156,2461700
2017-07-24,196.013916015625,226.69000244140625,226.8300018310547,226.22000122070312,226.6699981689453,1278200
2017-07-25,196.48085021972656,227.22999572753906,227.58999633789062,227.02000427246094,227.50999450683594,1349500
2017-07-26,196.54136657714844,227.3000030517578,227.58999633789062,226.97999572753906,227.57000732421875,1574100
2017-07-27,196.30787658691406,227.02999877929688,227.77999877929688,225.64999389648438,227.75,1834500
2017-07-28,196.0830535888672,226.77000427246094,226.9199981689453,226.08999633789062,226.5399932861328,2364100
2017-07-31,195.9706268310547,226.63999938964844,227.3000030517578,226.44000244140625,227.22999572753906,3020000
2017-08-01,196.41172790527344,227.14999389648438,227.32000732421875,226.67999267578125,227.3000030517578,1674500
2017-08-02,196.5240478515625,227.27999877929688,227.4199981689453,226.2899932861328,227.30999755859375,1889300
2017-08-03,196.1781768798828,226.8800048828125,227.17999267578125,226.5500030517578,227.17999267578125,1266400
2017-08-04,196.50677490234375,227.25999450683594,227.58999633789062,226.83999633789062,227.36000061035156,1039800
2017-08-07,196.82672119140625,227.6300048828125,227.66000366210938,227.1999969482422,227.3300018310547,848500
2017-08-08,196.43759155273438,227.17999267578125,228.6199951171875,226.72999572753906,227.33999633789062,1064700
2017-08-09,196.32521057128906,227.0500030517578,227.14999389648438,226.0,226.35000610351562,1536600
2017-08-10,193.62738037109375,223.92999267578125,226.35000610351562,223.85000610351562,226.24000549316406,3043300
2017-08-11,193.8867950439453,224.22999572753906,224.82000732421875,223.8699951171875,224.1300048828125,1584300
2017-08-14,195.78909301757812,226.42999267578125,226.6699981689453,225.55999755859375,225.55999755859375,2201900
2017-08-15,195.806396484375,226.4499969482422,226.8699951171875,226.10000610351562,226.83999633789062,1309700
2017-08-16,196.11766052246094,226.80999755859375,227.38999938964844,226.3699951171875,226.9499969482422,1531400
2017-08-17,193.0653533935547,223.27999877929688,226.5,223.27999877929688,226.19000244140625,3396200
2017-08-18,192.71083068847656,222.8699951171875,224.27000427246094,222.4499969482422,223.08999633789062,2691100
2017-08-21,192.94427490234375,223.13999938964844,223.36000061035156,222.1199951171875,222.85000610351562,1281300
2017-08-22,194.89849853515625,225.39999389648438,225.60000610351562,223.69000244140625,223.72000122070312,1455700
2017-08-23,194.232666015625,224.6300048828125,225.05999755859375,224.25999450683594,224.4600067138672,1462900
2017-08-24,193.78306579589844,224.11000061035156,225.1699981689453,223.8800048828125,225.0399932861328,1345100
2017-08-25,194.2067413330078,224.60000610351562,225.5800018310547,224.47000122070312,224.9499969482422,1220800
2017-08-28,194.2759246826172,224.67999267578125,225.2100067138672,224.19000244140625,225.16000366210938,801000
2017-08-29,194.4229278564453,224.85000610351562,225.16000366210938,223.14999389648438,223.25,1397400
2017-08-30,195.39132690429688,225.97000122070312,226.24000549316406,224.69000244140625,224.86000061035156,1377800
2017-08-31,196.54136657714844,227.3000030517578,227.5800018310547,226.5500030517578,226.6300048828125,2202700
2017-09-01,196.8785858154297,227.69000244140625,228.11000061035156,227.50999450683594,227.75999450683594,1393700
2017-09-05,195.4259490966797,226.00999450683594,227.35000610351562,224.97999572753906,227.10000610351562,2222300
2017-09-06,196.10903930664062,226.8000030517578,227.13999938964844,226.19000244140625,226.75999450683594,1523300
2017-09-07,196.06573486328125,226.75,227.1300048828125,226.33999633789062,227.1300048828125,1620300
2017-09-08,195.76312255859375,226.39999389648438,226.97999572753906,226.25,226.4499969482422,1896900
2017-09-11,197.8988800048828,228.8699951171875,229.00999450683594,227.83999633789062,227.85000610351562,2007200
2017-09-12,198.62521362304688,229.7100067138672,229.72000122070312,229.1300048828125,229.32000732421875,1535000
2017-09-13,198.746337890625,229.85000610351562,229.85000610351562,229.27999877929688,229.3699951171875,1155800
2017-09-14,198.6771240234375,229.77000427246094,229.94000244140625,229.30999755859375,229.47000122070312,1857300
2017-09-15,198.95379638671875,230.08999633789062,230.1300048828125,229.49000549316406,229.6199951171875,1419700
2017-09-18,199.29966735839844,230.49000549316406,230.89999389648438,230.1199951171875,230.4600067138672,1325200
2017-09-19,199.541748046875,230.77000427246094,230.85000610351562,230.44000244140625,230.7899932861328,1302400
2017-09-20,199.65130615234375,229.72000122070312,229.77999877929688,228.6300048828125,229.67999267578125,1850500
2017-09-21,199.0863494873047,229.07000732421875,229.5800018310547,228.8699951171875,229.5399932861328,1899900
2017-09-22,199.06028747558594,229.0399932861328,229.25999450683594,228.72000122070312,228.75,1599200
2017-09-25,198.76478576660156,228.6999969482422,229.1999969482422,227.86000061035156,228.82000732421875,1523300
2017-09-26,198.83436584472656,228.77999877929688,229.32000732421875,228.52999877929688,229.08999633789062,2335000
2017-09-27,199.60784912109375,229.6699981689453,230.05999755859375,228.60000610351562,229.52999877929688,2103600
2017-09-28,199.84251403808594,229.94000244140625,230.00999450683594,229.2899932861328,229.36000061035156,1084700
2017-09-29,200.55514526367188,230.75999450683594,230.8300018310547,229.74000549316406,229.91000366210938,1726200
2017-10-02,201.39817810058594,231.72999572753906,231.72999572753906,230.91000366210938,231.0,1960600
2017-10-03,201.806640625,232.1999969482422,232.25,231.6699981689453,231.89999389648438,1316400
2017-10-04,202.0847625732422,232.52000427246094,232.77999877929688,231.97999572753906,232.1199951171875,1006700
2017-10-05,203.28414916992188,233.89999389648438,233.92999267578125,232.75999450683594,232.86000061035156,1471800
2017-10-06,203.09292602539062,233.67999267578125,233.6999969482422,233.17999267578125,233.4600067138672,1101500
2017-10-09,202.73663330078125,233.27000427246094,233.92999267578125,232.97999572753906,233.9199981689453,768300
2017-10-10,203.2493896484375,233.86000061035156,234.25,233.2899932861328,233.83999633789062,1027600
2017-10-11,203.57965087890625,234.24000549316406,234.24000549316406,233.60000610351562,233.74000549316406,1036400
2017-10-12,203.26678466796875,233.8800048828125,234.27000427246094,233.63999938964844,233.8699951171875,1079400
2017-10-13,203.49278259277344,234.13999938964844,234.47000122070312,234.02000427246094,234.3699951171875,1067900
2017-10-16,203.81430053710938,234.50999450683594,234.69000244140625,234.0399932861328,234.41000366210938,1767300
2017-10-17,203.94467163085938,234.66000366210938,234.69000244140625,234.22000122070312,234.47000122070312,1332100
2017-10-18,204.127197265625,234.8699951171875,235.08999633789062,234.67999267578125,235.05999755859375,1527800
2017-10-19,204.2315216064453,234.99000549316406,234.99000549316406,233.6199951171875,234.02999877929688,1653600
2017-10-20,205.24835205078125,236.16000366210938,236.19000244140625,235.52999877929688,235.8000030517578,1296300
2017-10-23,204.50096130371094,235.3000030517578,236.49000549316406,235.14999389648438,236.49000549316406,1101000
2017-10-24,204.7877197265625,235.6300048828125,235.88999938964844,235.27000427246094,235.67999267578125,1818400
2017-10-25,203.8056182861328,234.5,235.41000366210938,233.2899932861328,235.3000030517578,1943400
2017-10-26,203.99681091308594,234.72000122070312,235.41000366210938,234.6699981689453,235.10000610351562,3298200
2017-10-27,205.7350311279297,236.72000122070312,236.8800048828125,235.3000030517578,235.6300048828125,2825000
2017-10-30,204.98765563964844,235.86000061035156,236.6199951171875,235.52999877929688,235.6300048828125,1292500
2017-10-31,205.2222900390625,236.1300048828125,236.47000122070312,235.89999389648438,236.25999450683594,1357600
2017-11-01,205.57852172851562,236.5399932861328,237.38999938964844,236.1300048828125,237.02999877929688,2078300
2017-11-02,205.66555786132812,236.63999938964844,236.77000427246094,235.32000732421875,236.4499969482422,1908100
2017-11-03,206.3520965576172,237.42999267578125,237.44000244140625,236.33999633789062,236.8300018310547,1934200
2017-11-06,206.6649932861328,237.7899932861328,237.88999938964844,237.2100067138672,237.24000549316406,1688600
2017-11-07,206.57806396484375,237.69000244140625,238.22000122070312,237.11000061035156,237.88999938964844,1502700
2017-11-08,206.8822479248047,238.0399932861328,238.1199951171875,237.14999389648438,237.41000366210938,4711000
2017-11-09,206.1348419189453,237.17999267578125,237.33999633789062,235.47999572753906,236.72999572753906,1644100
2017-11-10,206.01315307617188,237.0399932861328,237.17999267578125,236.39999389648438,236.72000122070312,1019000
2017-11-13,206.2565155029297,237.32000732421875,237.52000427246094,236.30999755859375,236.3300018310547,900000
2017-11-14,205.75245666503906,236.74000549316406,236.85000610351562,235.63999938964844,236.44000244140625,2763300
2017-11-15,204.70079040527344,235.52999877929688,236.24000549316406,234.82000732421875,235.74000549316406,2436200
2017-11-16,206.44772338867188,237.5399932861328,237.92999267578125,236.5,236.52000427246094,1072300
2017-11-17,205.89149475097656,236.89999389648438,237.38999938964844,236.7899932861328,237.1699981689453,1370500
2017-11-20,206.16090393066406,237.2100067138672,237.47000122070312,236.86000061035156,237.1199951171875,1420400
2017-11-21,207.53411865234375,238.7899932861328,239.0,238.0,238.05999755859375,1151500
2017-11-22,207.38633728027344,238.6199951171875,238.9499969482422,238.44000244140625,238.86000061035156,2143500
2017-11-24,207.82089233398438,239.1199951171875,239.27999877929688,238.99000549316406,239.1199951171875,1219300
2017-11-27,207.76004028320312,239.0500030517578,239.52999877929688,238.8300018310547,239.19000244140625,2654000
2017-11-28,209.81985473632812,241.4199981689453,241.47999572753906,239.44000244140625,239.58999633789062,1800500
2017-11-29,209.7416229248047,241.3300018310547,242.17999267578125,240.83999633789062,241.60000610351562,2442100
2017-11-30,211.4972381591797,243.35000610351562,244.39999389648438,242.22999572753906,242.3000030517578,5451700
2017-12-01,211.1061553955078,242.89999389648438,243.7100067138672,239.52000427246094,243.25,3775600
2017-12-04,210.880126953125,242.63999938964844,245.07000732421875,242.58999633789062,244.6999969482422,2162000
2017-12-05,210.1326904296875,241.77999877929688,243.5800018310547,241.6300048828125,242.91000366210938,1886300
2017-12-06,210.12400817871094,241.77000427246094,242.25999450683594,241.3300018310547,241.72999572753906,1204800
2017-12-07,210.81932067871094,242.57000732421875,242.91000366210938,241.5500030517578,241.69000244140625,2670000
2017-12-08,211.9665985107422,243.88999938964844,243.9199981689453,243.1999969482422,243.4499969482422,1685700
2017-12-11,212.6531219482422,244.67999267578125,244.7100067138672,243.89999389648438,244.02000427246094,2513300
2017-12-12,213.0181884765625,245.10000610351562,245.5800018310547,244.69000244140625,244.94000244140625,1855000
2017-12-13,212.96595764160156,245.0399932861328,245.8000030517578,244.97000122070312,245.36000061035156,1808300
2017-12-14,212.12298583984375,244.07000732421875,245.47999572753906,244.0,245.39999389648438,1932900
2017-12-15,213.90464782714844,246.1199951171875,246.5500030517578,245.07000732421875,245.14999389648438,3170800
2017-12-18,215.23440551757812,247.64999389648438,248.00999450683594,247.4499969482422,247.52000427246094,2089600
2017-12-19,214.45217895507812,246.75,247.9499969482422,246.6300048828125,247.9199981689453,3170300
2017-12-20,214.28701782226562,246.55999755859375,247.77000427246094,246.27000427246094,247.72000122070312,2570000
2017-12-21,214.7216033935547,247.05999755859375,247.80999755859375,246.82000732421875,247.22000122070312,2262400
2017-12-22,214.67811584472656,247.00999450683594,247.1300048828125,246.44000244140625,247.08999633789062,1888500
2017-12-26,214.42837524414062,245.5399932861328,245.7100067138672,245.25999450683594,245.66000366210938,1492300
2017-12-27,214.55064392089844,245.67999267578125,246.02000427246094,245.3800048828125,245.7100067138672,1379100
2017-12-28,214.95237731933594,246.13999938964844,246.2100067138672,245.77000427246094,246.1300048828125,2346700
2017-12-29,214.21011352539062,245.2899932861328,246.77000427246094,245.02999877929688,246.75999450683594,2326700
2018-01-02,215.781982421875,247.08999633789062,247.08999633789062,245.74000549316406,246.14999389648438,2784300
2018-01-03,217.06576538085938,248.55999755859375,248.6999969482422,247.17999267578125,247.24000549316406,2917700
2018-01-04,218.01760864257812,249.64999389648438,250.1199951171875,249.1699981689453,249.27000427246094,2918000
2018-01-05,219.41493225097656,251.25,251.39999389648438,249.9499969482422,250.4600067138672,2190200
2018-01-08,219.86900329589844,251.77000427246094,251.8800048828125,250.8699951171875,251.16000366210938,2476200
2018-01-09,220.33184814453125,252.3000030517578,252.94000244140625,251.91000366210938,252.17999267578125,2129800
2018-01-10,219.95632934570312,251.8699951171875,252.1699981689453,250.82000732421875,251.50999450683594,1953600
2018-01-11,221.58070373535156,253.72999572753906,253.72999572753906,252.3300018310547,252.47000122070312,2280300
2018-01-12,223.04776000976562,255.41000366210938,255.55999755859375,253.89999389648438,254.02999877929688,2054900
2018-01-16,222.2356719970703,254.47999572753906,257.3999938964844,253.8000030517578,256.7900085449219,3719600
2018-01-17,224.38392639160156,256.94000244140625,257.3500061035156,254.74000549316406,255.5,1867700
2018-01-18,224.0782928466797,256.5899963378906,257.2699890136719,256.0199890136719,256.8399963378906,3154200
2018-01-19,225.03018188476562,257.67999267578125,257.69000244140625,256.5299987792969,257.1499938964844,2541200
2018-01-22,226.837890625,259.75,259.7799987792969,257.45001220703125,257.45001220703125,1607800
2018-01-23,227.35313415527344,260.3399963378906,260.6300048828125,259.510009765625,259.8399963378906,2161100
2018-01-24,227.2396240234375,260.2099914550781,261.6300048828125,259.0199890136719,261.0299987792969,2935500
2018-01-25,227.34437561035156,260.3299865722656,261.2200012207031,259.5299987792969,261.1700134277344,3585600
2018-01-26,229.99044799804688,263.3599853515625,263.3699951171875,260.9700012207031,261.3299865722656,2857300
2018-01-29,228.40113830566406,261.5400085449219,263.25,261.4800109863281,262.8299865722656,5145000
2018-01-30,225.9645538330078,258.75,260.3500061035156,258.4599914550781,259.6700134277344,6678900
2018-01-31,226.17422485351562,258.989990234375,260.3800048828125,257.95001220703125,259.8299865722656,5585800
2018-02-01,225.94717407226562,258.7300109863281,260.1199951171875,257.95001220703125,258.2900085449219,3125700
2018-02-02,221.10910034179688,253.19000244140625,257.5,253.08999633789062,257.3699951171875,5532200
2018-02-05,212.0268096923828,242.7899932861328,253.47000122070312,241.9199981689453,251.25999450683594,8559200
2018-02-06,215.94789123535156,247.27999877929688,247.80999755859375,237.6699981689453,238.8000030517578,11701700
2018-02-07,214.76893615722656,245.92999267578125,250.27999877929688,245.9199981689453,246.7100067138672,6240200
2018-02-08,206.7870635986328,236.7899932861328,246.42999267578125,236.6999969482422,246.25,6985700
2018-02-09,209.9745635986328,240.44000244140625,242.1999969482422,232.4199981689453,239.60000610351562,9713100
2018-02-12,212.85646057128906,243.74000549316406,245.32000732421875,240.66000366210938,242.5,4236200
2018-02-13,213.57257080078125,244.55999755859375,245.0,241.97000122070312,242.6300048828125,3077700
2018-02-14,216.3671417236328,247.75999450683594,248.1199951171875,242.83999633789062,243.0,3650800
2018-02-15,219.17044067382812,250.97000122070312,250.97000122070312,246.97999572753906,249.60000610351562,2923800
2018-02-16,219.14419555664062,250.94000244140625,253.0,250.1699981689453,250.27000427246094,3007500
2018-02-20,217.81675720214844,249.4199981689453,251.50999450683594,248.60000610351562,250.0,3454400
2018-02-21,216.67276000976562,248.11000061035156,252.44000244140625,248.11000061035156,249.86000061035156,2798000
2018-02-22,216.93475341796875,248.41000366210938,250.89999389648438,247.80999755859375,249.1699981689453,3177700
2018-02-23,220.49777221679688,252.49000549316406,252.49000549316406,249.3000030517578,249.82000732421875,2923100
2018-02-26,223.03907775878906,255.39999389648438,255.5,252.99000549316406,253.55999755859375,1892000
2018-02-27,220.1920623779297,252.13999938964844,256.3399963378906,252.13999938964844,255.6300048828125,2947100
2018-02-28,217.7469482421875,249.33999633789062,253.82000732421875,249.33999633789062,253.3699951171875,2716600
2018-03-01,214.8737335205078,246.0500030517578,251.02999877929688,244.4499969482422,249.52999877929688,5182300
2018-03-02,216.0177764892578,247.36000061035156,247.86000061035156,243.3300018310547,244.24000549316406,3276500
2018-03-05,218.49790954589844,250.1999969482422,250.7899932861328,245.9499969482422,246.02000427246094,3024600
2018-03-06,219.04812622070312,250.8300018310547,251.25,249.22999572753906,251.22000122070312,1932000
2018-03-07,218.95208740234375,250.72000122070312,251.07000732421875,248.36000061035156,248.5399932861328,2730200
2018-03-08,219.9738311767578,251.88999938964844,252.02000427246094,250.36000061035156,251.39999389648438,3021600
2018-03-09,223.78134155273438,256.25,256.260009765625,253.0500030517578,253.39999389648438,2450800
2018-03-12,223.5630645751953,256.0,257.25,255.5800018310547,256.6400146484375,2029200
2018-03-13,222.0872039794922,254.30999755859375,257.7099914550781,253.7100067138672,257.20001220703125,3080600
2018-03-14,220.9169464111328,252.97000122070312,255.50999450683594,252.4600067138672,255.3300018310547,2352700
2018-03-15,220.70738220214844,252.72999572753906,254.2100067138672,252.22000122070312,253.5500030517578,2161500
2018-03-16,220.93443298339844,252.99000549316406,254.0800018310547,252.97000122070312,253.22999572753906,1554600
2018-03-19,217.98268127441406,249.61000061035156,252.25999450683594,247.8699951171875,252.25,2715800
2018-03-20,218.366943359375,250.0500030517578,250.66000366210938,249.3300018310547,249.99000549316406,1991400
2018-03-21,217.86044311523438,249.47000122070312,252.1199951171875,249.30999755859375,249.94000244140625,2777300
2018-03-22,212.44602966308594,243.27000427246094,248.0800018310547,243.02999877929688,247.11000061035156,3589400
2018-03-23,207.92234802246094,238.08999633789062,244.08999633789062,237.9199981689453,243.74000549316406,3815500
2018-03-26,213.645751953125,243.52999877929688,243.80999755859375,238.32000732421875,240.82000732421875,5529000
2018-03-27,209.94361877441406,239.30999755859375,245.0399932861328,237.77000427246094,244.47000122070312,3363600
2018-03-28,209.35586547851562,238.63999938964844,241.22000122070312,237.52999877929688,239.4600067138672,4384100
2018-03-29,212.3737335205078,242.0800018310547,243.61000061035156,239.0800018310547,239.85000610351562,2910800
2018-04-02,207.4608612060547,236.47999572753906,241.6999969482422,233.9199981689453,241.19000244140625,4696400
2018-04-03,210.09280395507812,239.47999572753906,240.0,235.92999267578125,237.80999755859375,3287900
2018-04-04,212.51406860351562,242.24000549316406,242.80999755859375,235.6999969482422,235.8699951171875,4598000
2018-04-05,214.04933166503906,243.99000549316406,244.88999938964844,242.8000030517578,243.89999389648438,3436600
2018-04-06,209.33831787109375,238.6199951171875,243.50999450683594,236.97999572753906,241.94000244140625,4931600
2018-04-09,210.1892852783203,239.58999633789062,243.25,239.32000732421875,240.14999389648438,2956000
2018-04-10,213.65451049804688,243.5399932861328,244.3800048828125,241.57000732421875,242.75,2903800
2018-04-11,212.52288818359375,242.25,243.99000549316406,241.9499969482422,242.0,2068300
2018-04-12,214.30374145507812,244.27999877929688,245.25,243.47000122070312,243.7100067138672,1723600
2018-04-13,213.7072296142578,243.60000610351562,245.83999633789062,242.5,245.83999633789062,2887700
2018-04-16,215.44424438476562,245.5800018310547,246.35000610351562,244.41000366210938,245.27000427246094,2149200
2018-04-17,217.76026916503906,248.22000122070312,248.80999755859375,246.8800048828125,247.4199981689453,2301800
2018-04-18,217.88307189941406,248.36000061035156,249.22000122070312,247.94000244140625,248.66000366210938,1365100
2018-04-19,216.68994140625,247.0,247.88999938964844,245.9600067138672,247.6199951171875,1997100
2018-04-20,214.9353485107422,245.0,247.1300048828125,243.97000122070312,246.9499969482422,2103900
2018-04-23,214.83889770507812,244.88999938964844,246.0800018310547,243.75,245.5500030517578,1472600
2018-04-24,211.9087677001953,241.5500030517578,246.1199951171875,240.00999450683594,245.97000122070312,3653500
2018-04-25,212.4526824951172,242.1699981689453,242.6300048828125,239.60000610351562,241.50999450683594,2354800
2018-04-26,214.6370849609375,244.66000366210938,245.47000122070312,242.77000427246094,243.22000122070312,2106800
2018-04-27,214.8651885986328,244.9199981689453,245.57000732421875,243.88999938964844,245.22999572753906,2178600
2018-04-30,213.1106719970703,242.9199981689453,246.0500030517578,242.85000610351562,245.50999450683594,2146100
2018-05-01,213.56680297851562,243.44000244140625,243.52000427246094,240.75999450683594,242.4499969482422,2323100
2018-05-02,212.1105194091797,241.77999877929688,244.02000427246094,241.36000061035156,243.2100067138672,1636400
2018-05-03,211.61048889160156,241.2100067138672,241.89999389648438,237.9199981689453,240.8800048828125,2666500
2018-05-04,214.41778564453125,244.41000366210938,245.05999755859375,239.88999938964844,240.25,1785200
2018-05-07,215.0845184326172,245.1699981689453,246.19000244140625,244.4600067138672,245.19000244140625,3127200
2018-05-08,215.0757293701172,245.16000366210938,245.52999877929688,243.57000732421875,244.8300018310547,1924500
2018-05-09,217.16371154785156,247.5399932861328,247.89999389648438,245.36000061035156,245.86000061035156,1506200
2018-05-10,219.19900512695312,249.86000061035156,250.1999969482422,248.25,248.36000061035156,1537600
2018-05-11,219.73414611816406,250.47000122070312,250.9199981689453,249.47999572753906,250.0399932861328,1703500
2018-05-14,219.9797821044922,250.75,251.75999450683594,250.2100067138672,251.1199951171875,1478200
2018-05-15,218.47088623046875,249.02999877929688,249.52000427246094,248.05999755859375,249.5,2600600
2018-05-16,219.40078735351562,250.08999633789062,250.5399932861328,249.07000732421875,249.0800018310547,2588700
2018-05-17,219.21658325195312,249.8800048828125,250.99000549316406,249.0800018310547,249.7899932861328,1714200
2018-05-18,218.6726531982422,249.25999450683594,249.85000610351562,248.88999938964844,249.52999877929688,1702800
2018-05-21,220.27806091308594,251.08999633789062,251.67999267578125,250.42999267578125,250.77000427246094,1262900
2018-05-22,219.64642333984375,250.3699951171875,251.94000244140625,250.10000610351562,251.6699981689453,1055400
2018-05-23,220.33070373535156,251.14999389648438,251.14999389648438,248.9499969482422,249.1199951171875,1484100
2018-05-24,219.90960693359375,250.6699981689453,251.0,248.75999450683594,250.74000549316406,2025300
2018-05-25,219.35694885253906,250.0399932861328,250.63999938964844,249.49000549316406,250.0399932861328,1654700
2018-05-29,216.82159423828125,247.14999389648438,249.0800018310547,245.97000122070312,248.27999877929688,4465800
2018-05-30,219.68154907226562,250.41000366210938,250.8800048828125,248.42999267578125,248.52999877929688,1359700
2018-05-31,218.26028442382812,248.7899932861328,250.3000030517578,248.27999877929688,249.99000549316406,2378800
2018-06-01,220.5587921142578,251.41000366210938,251.64999389648438,250.1699981689453,250.22999572753906,1953900
2018-06-04,221.53257751464844,252.52000427246094,252.8000030517578,251.9600067138672,252.1699981689453,2031500
2018-06-05,221.83963012695312,252.8699951171875,253.1300048828125,251.8699951171875,252.66000366210938,1491200
2018-06-06,223.61175537109375,254.88999938964844,254.9600067138672,252.72000122070312,253.3699951171875,2763200
2018-06-07,223.50648498535156,254.77000427246094,255.6999969482422,253.8800048828125,255.3699951171875,2615900
2018-06-08,224.2083282470703,255.57000732421875,255.6199951171875,254.19000244140625,254.36000061035156,1517500
2018-06-11,224.497802734375,255.89999389648438,256.6700134277344,255.6999969482422,255.7899932861328,2648000
2018-06-12,224.8750457763672,256.3299865722656,256.6300048828125,255.60000610351562,256.3900146484375,1182200
2018-06-13,223.9802703857422,255.30999755859375,256.7699890136719,255.22999572753906,256.5299987792969,2507800
2018-06-14,224.62942504882812,256.04998779296875,256.6199951171875,255.4600067138672,256.30999755859375,1913800
2018-06-15,224.43646240234375,255.8300018310547,256.07000732421875,254.1300048828125,255.27000427246094,2000100
2018-06-18,223.90126037597656,255.22000122070312,255.36000061035156,253.7100067138672,254.17999267578125,2015800
2018-06-19,223.05030822753906,254.25,254.4600067138672,252.4199981689453,252.8300018310547,1863300
2018-06-20,223.45391845703125,254.7100067138672,255.3699951171875,254.32000732421875,254.97000122070312,1578200
2018-06-21,222.05897521972656,253.1199951171875,254.6699981689453,252.5800018310547,254.66000366210938,4037600
2018-06-22,222.4537811279297,253.57000732421875,254.52000427246094,253.32000732421875,254.39999389648438,3092000
2018-06-25,219.3744659423828,250.05999755859375,252.50999450683594,248.35000610351562,252.3699951171875,6690000
2018-06-26,219.85694885253906,250.61000061035156,251.52999877929688,249.91000366210938,250.66000366210938,2968600
2018-06-27,218.03224182128906,248.52999877929688,252.72999572753906,248.42999267578125,251.27000427246094,3433800
2018-06-28,219.36048889160156,248.8800048828125,249.60000610351562,246.6300048828125,247.3000030517578,2638400
2018-06-29,219.91575622558594,249.50999450683594,251.36000061035156,249.10000610351562,249.97999572753906,3711600
2018-07-02,220.17137145996094,249.8000030517578,249.88999938964844,247.32000732421875,247.55999755859375,1943100
2018-07-03,219.28115844726562,248.7899932861328,250.75999450683594,248.44000244140625,250.67999267578125,1157900
2018-07-05,221.15847778320312,250.9199981689453,250.94000244140625,248.91000366210938,250.07000732421875,1948100
2018-07-06,223.00062561035156,253.00999450683594,253.38999938964844,250.52000427246094,250.91000366210938,2622200
2018-07-09,224.97491455078125,255.25,255.32000732421875,254.00999450683594,254.0500030517578,3979500
2018-07-10,225.75936889648438,256.1400146484375,256.29998779296875,255.4499969482422,255.75,1314500
2018-07-11,224.21693420410156,254.38999938964844,255.41000366210938,254.02999877929688,254.60000610351562,2335100
2018-07-12,226.13832092285156,256.57000732421875,256.6600036621094,255.00999450683594,255.66000366210938,2874000
2018-07-13,226.33230590820312,256.7900085449219,257.1600036621094,255.99000549316406,256.489990234375,1814500
2018-07-16,226.1912384033203,256.6300048828125,257.010009765625,256.1600036621094,256.8900146484375,993500
2018-07-17,227.1607666015625,257.7300109863281,258.05999755859375,255.8000030517578,255.85000610351562,1825900
2018-07-18,227.5750274658203,258.20001220703125,258.32000732421875,257.2799987792969,257.760009765625,2606800
2018-07-19,226.71127319335938,257.2200012207031,257.8999938964844,256.75,257.5,2050500
2018-07-20,226.49974060058594,256.9800109863281,257.6499938964844,256.7799987792969,257.0,2710700
2018-07-23,226.931640625,257.4700012207031,257.6099853515625,256.3999938964844,256.7300109863281,1447000
2018-07-24,227.99806213378906,258.67999267578125,259.57000732421875,257.82000732421875,258.8399963378906,2916000
2018-07-25,230.0869903564453,261.04998779296875,261.25,258.42999267578125,258.5400085449219,2608700
2018-07-26,229.40834045410156,260.2799987792969,261.010009765625,260.1000061035156,260.1400146484375,2166500
2018-07-27,227.9187469482422,258.5899963378906,260.739990234375,257.5799865722656,260.7300109863281,2666200
2018-07-30,226.60549926757812,257.1000061035156,258.7799987792969,256.6400146484375,258.6000061035156,1601400
2018-07-31,227.7512969970703,258.3999938964844,259.0899963378906,257.6000061035156,258.0199890136719,1992500
2018-08-01,227.46923828125,258.0799865722656,259.19000244140625,257.3500061035156,258.6400146484375,1651700
2018-08-02,228.62384033203125,259.3900146484375,259.6000061035156,256.4800109863281,256.7300109863281,1767300
2018-08-03,229.7432861328125,260.6600036621094,260.6600036621094,259.3900146484375,259.6000061035156,2017600
2018-08-06,230.60704040527344,261.6400146484375,261.8299865722656,260.20001220703125,260.55999755859375,1843000
2018-08-07,231.25042724609375,262.3699951171875,262.7799987792969,262.0799865722656,262.20001220703125,2619200
2018-08-08,231.12704467773438,262.2300109863281,262.6700134277344,261.7900085449219,262.2300109863281,1560400
2018-08-09,230.836181640625,261.8999938964844,262.739990234375,261.760009765625,262.3299865722656,1084400
2018-08-10,229.26731872558594,260.1199951171875,260.9599914550781,259.42999267578125,260.3599853515625,2395500
2018-08-13,228.40354919433594,259.1400146484375,261.07000732421875,258.8999938964844,260.4100036621094,3684700
2018-08-14,229.87548828125,260.80999755859375,261.07000732421875,259.54998779296875,259.94000244140625,1531800
2018-08-15,228.18324279785156,258.8900146484375,259.54998779296875,257.3900146484375,259.42999267578125,2587800
2018-08-16,230.0341339111328,260.989990234375,261.8900146484375,260.3500061035156,260.3599853515625,1693100
2018-08-17,230.80093383789062,261.8599853515625,262.3800048828125,260.3500061035156,260.7099914550781,2278800
2018-08-20,231.3121337890625,262.44000244140625,262.739990234375,261.8999938964844,262.3999938964844,1245500
2018-08-21,231.81454467773438,263.010009765625,263.9700012207031,262.8599853515625,263.010009765625,1937900
2018-08-22,231.7439422607422,262.92999267578125,263.45001220703125,262.3900146484375,262.6400146484375,1708100
2018-08-23,231.40904235839844,262.54998779296875,263.6300048828125,262.2099914550781,262.67999267578125,2308100
2018-08-24,232.8634490966797,264.20001220703125,264.2900085449219,263.1099853515625,263.1600036621094,2328900
2018-08-27,234.61740112304688,266.19000244140625,266.3500061035156,265.260009765625,265.3800048828125,2371000
2018-08-28,234.74954223632812,266.3399963378906,266.8299865722656,265.8900146484375,266.760009765625,3026900
2018-08-29,236.03640747070312,267.79998779296875,268.04998779296875,266.3399963378906,266.5899963378906,2116100
2018-08-30,235.07571411132812,266.7099914550781,267.7099914550781,266.1199951171875,267.30999755859375,2625500
2018-08-31,235.08450317382812,266.7200012207031,267.2200012207031,265.8299865722656,266.3299865722656,3172400
2018-09-04,234.75839233398438,266.3500061035156,266.6600036621094,265.260009765625,266.3500061035156,3623300
2018-09-05,234.09732055664062,265.6000061035156,266.1300048828125,264.5199890136719,265.9100036621094,4595500
2018-09-06,233.4098663330078,264.82000732421875,265.989990234375,263.70001220703125,265.69000244140625,1687900
2018-09-07,232.845703125,264.17999267578125,265.260009765625,263.45001220703125,263.6300048828125,2634100
2018-09-10,233.2864227294922,264.67999267578125,265.57000732421875,264.510009765625,265.2799987792969,2832700
2018-09-11,234.16781616210938,265.67999267578125,266.04998779296875,263.67999267578125,264.0299987792969,3420400
2018-09-12,234.1942596435547,265.7099914550781,266.260009765625,264.8299865722656,265.6099853515625,3019800
2018-09-13,235.52516174316406,267.2200012207031,267.4200134277344,266.4700012207031,266.7799987792969,2087500
2018-09-14,235.6485595703125,267.3599853515625,267.6199951171875,266.4700012207031,267.4700012207031,1861000
2018-09-17,234.31764221191406,265.8500061035156,267.260009765625,265.5899963378906,267.2200012207031,2515300
2018-09-18,235.595703125,267.29998779296875,267.9200134277344,266.0899963378906,266.1000061035156,1823600
2018-09-19,235.86009216308594,267.6000061035156,268.0299987792969,267.2300109863281,267.3500061035156,2077500
2018-09-20,237.75511169433594,269.75,270.1000061035156,268.7900085449219,268.8900146484375,3349700
2018-09-21,237.58758544921875,269.55999755859375,270.6700134277344,269.3699951171875,270.54998779296875,1352500
2018-09-24,236.7943572998047,268.6600036621094,269.07000732421875,268.0199890136719,268.92999267578125,2070900
2018-09-25,236.50347900390625,268.3299865722656,269.1700134277344,268.1499938964844,269.1000061035156,2360400
2018-09-26,235.81028747558594,266.3399963378906,268.5400085449219,265.95001220703125,267.32000732421875,2568400
2018-09-27,236.46546936035156,267.0799865722656,268.239990234375,266.6000061035156,266.8800048828125,3077500
2018-09-28,236.4388427734375,267.04998779296875,267.6499938964844,266.42999267578125,266.5,1774300
2018-10-01,237.31541442871094,268.0400085449219,269.17999267578125,267.3900146484375,268.4599914550781,1968800
2018-10-02,237.28878784179688,268.010009765625,268.6700134277344,267.54998779296875,267.9700012207031,3034100
2018-10-03,237.492431640625,268.239990234375,269.4700012207031,267.7200012207031,269.0199890136719,2505800
2018-10-04,235.544677734375,266.0400085449219,267.6600036621094,264.3699951171875,267.57000732421875,5004400
2018-10-05,234.2165985107422,264.5400085449219,266.7699890136719,263.0199890136719,266.19000244140625,2564700
2018-10-08,234.15457153320312,264.4700012207031,264.8500061035156,262.3800048828125,263.7699890136719,3219600
2018-10-09,233.85357666015625,264.1300048828125,265.45001220703125,263.54998779296875,264.1000061035156,2078000
2018-10-10,226.30137634277344,255.60000610351562,263.6199951171875,255.3699951171875,263.6199951171875,5803900
2018-10-11,221.53807067871094,250.22000122070312,256.2900085449219,248.4499969482422,254.80999755859375,9037000
2018-10-12,224.5305938720703,253.60000610351562,254.63999938964844,250.3000030517578,254.38999938964844,7116700
2018-10-15,223.29995727539062,252.2100067138672,254.55999755859375,252.0399932861328,253.19000244140625,3306200
2018-10-16,228.0543670654297,257.5799865722656,258.1000061035156,253.6999969482422,254.13999938964844,3308500
2018-10-17,228.1341094970703,257.6700134277344,258.3399963378906,255.07000732421875,257.75,2845800
2018-10-18,224.9290313720703,254.0500030517578,257.3500061035156,252.69000244140625,256.75,3046800
2018-10-19,224.751953125,253.85000610351562,256.6199951171875,253.14999389648438,254.6699981689453,2684200
2018-10-22,223.82232666015625,252.8000030517578,254.86000061035156,252.1699981689453,254.5500030517578,2102000
2018-10-23,222.47650146484375,251.27999877929688,252.5800018310547,246.83999633789062,249.0,5206500
2018-10-24,215.83627319335938,243.77999877929688,251.5500030517578,243.25,251.19000244140625,4065700
2018-10-25,219.70530700683594,248.14999389648438,249.7899932861328,244.6699981689453,245.7100067138672,4443800
2018-10-26,215.81854248046875,243.75999450683594,246.97999572753906,241.0399932861328,244.33999633789062,5278700
2018-10-29,214.70297241210938,242.5,248.35000610351562,238.7899932861328,247.02999877929688,5126200
2018-10-30,217.9877471923828,246.2100067138672,246.3800048828125,241.8000030517578,242.30999755859375,3619100
2018-10-31,220.27197265625,248.7899932861328,251.0800018310547,248.27000427246094,248.72000122070312,4073400
2018-11-01,222.5562286376953,251.3699951171875,251.5399932861328,248.4600067138672,249.6300048828125,2870700
2018-11-02,221.17503356933594,249.80999755859375,252.89999389648438,247.75,252.44000244140625,3184500
2018-11-05,222.4322509765625,251.22999572753906,251.7899932861328,249.38999938964844,250.32000732421875,1912100
2018-11-06,223.8400115966797,252.82000732421875,252.97999572753906,251.1199951171875,251.17999267578125,2255200
2018-11-07,228.56797790527344,258.1600036621094,258.32000732421875,254.64999389648438,255.07000732421875,3090800
2018-11-08,228.17831420898438,257.7200012207031,258.44000244140625,256.6499938964844,257.489990234375,2466900
2018-11-09,226.07115173339844,255.33999633789062,256.6400146484375,253.80999755859375,256.5,3078700
2018-11-12,221.70631408691406,250.41000366210938,254.9600067138672,249.9499969482422,254.69000244140625,2710200
2018-11-13,221.3344268798828,249.99000549316406,253.00999450683594,249.27999877929688,250.9600067138672,3097000
2018-11-14,219.8204345703125,248.27999877929688,252.33999633789062,246.66000366210938,251.9600067138672,3619900
2018-11-15,222.09585571289062,250.85000610351562,251.38999938964844,245.42999267578125,247.02000427246094,3911900
2018-11-16,222.66244506835938,251.49000549316406,252.47000122070312,249.25999450683594,249.77000427246094,2342800
2018-11-19,218.9705047607422,247.32000732421875,251.2100067138672,246.35000610351562,250.94000244140625,2973700
2018-11-20,214.9420166015625,242.77000427246094,245.32000732421875,241.8300018310547,243.83999633789062,5000900
2018-11-21,215.65921020507812,243.5800018310547,245.44000244140625,243.52000427246094,244.24000549316406,2425500
2018-11-23,214.2691192626953,242.00999450683594,243.35000610351562,241.72999572753906,241.8000030517578,830900
2018-11-26,217.6247100830078,245.8000030517578,245.83999633789062,243.85000610351562,244.22999572753906,2498500
2018-11-27,218.30645751953125,246.57000732421875,246.60000610351562,244.1199951171875,244.72999572753906,2849700
2018-11-28,223.4062042236328,252.3300018310547,252.3300018310547,246.75,247.72000122070312,3723300
2018-11-29,222.94580078125,251.80999755859375,253.25,250.36000061035156,251.5399932861328,3279400
2018-11-30,224.4243621826172,253.47999572753906,253.94000244140625,251.35000610351562,251.63999938964844,2992800
2018-12-03,227.1956329345703,256.6099853515625,257.739990234375,255.05999755859375,257.6499938964844,3943500
2018-12-04,220.1480255126953,248.64999389648438,256.2699890136719,248.05999755859375,255.85000610351562,3837400
2018-12-06,219.59024047851562,248.02000427246094,248.08999633789062,241.1300048828125,244.4199981689453,7712700
2018-12-07,214.490478515625,242.25999450683594,249.24000549316406,241.3699951171875,247.6300048828125,3928400
2018-12-10,214.74725341796875,242.5500030517578,243.6199951171875,237.6199951171875,242.0,5983700
2018-12-11,214.8092498779297,242.6199951171875,246.1199951171875,241.19000244140625,245.9499969482422,4543200
2018-12-12,215.99560546875,243.9600067138672,247.16000366210938,243.85000610351562,245.8000030517578,4117000
2018-12-13,215.9248046875,243.8800048828125,245.75999450683594,242.6999969482422,244.86000061035156,2610800
2018-12-14,211.9405975341797,239.3800048828125,242.6300048828125,238.77000427246094,241.64999389648438,5088500
2018-12-17,207.61349487304688,233.22999572753906,238.22000122070312,231.67999267578125,237.05999755859375,6127200
2018-12-18,207.53341674804688,233.13999938964844,235.67999267578125,231.47999572753906,235.0,4691400
2018-12-19,204.2219696044922,229.4199981689453,237.0,227.77999877929688,233.2100067138672,8215600
2018-12-20,200.8660125732422,225.64999389648438,229.89999389648438,223.5399932861328,228.35000610351562,12141900
2018-12-21,196.86927795410156,221.16000366210938,229.4600067138672,220.57000732421875,226.74000549316406,11811600
2018-12-24,191.44810485839844,215.07000732421875,220.8000030517578,215.07000732421875,219.74000549316406,8493500
2018-12-26,201.13311767578125,225.9499969482422,226.10000610351562,214.8300018310547,216.8800048828125,11598000
2018-12-27,203.00245666503906,228.0500030517578,228.1199951171875,219.60000610351562,222.9600067138672,9578400
2018-12-28,202.74429321289062,227.75999450683594,231.07000732421875,226.52000427246094,229.32000732421875,7436100
2018-12-31,204.5691680908203,229.80999755859375,229.97000122070312,227.4499969482422,229.30999755859375,6683900
2019-01-02,204.72938537597656,229.99000549316406,230.85000610351562,226.02000427246094,226.17999267578125,4891300
2019-01-03,199.8423614501953,224.5,228.4199981689453,223.97000122070312,228.10000610351562,3329600
2019-01-04,206.4385223388672,231.91000366210938,232.6199951171875,227.14999389648438,227.5399932861328,5100100
2019-01-07,207.98739624023438,233.64999389648438,235.22999572753906,231.32000732421875,232.2899932861328,3706000
2019-01-08,210.00804138183594,235.9199981689453,236.4600067138672,233.42999267578125,236.0500030517578,3546600
2019-01-09,210.97833251953125,237.00999450683594,237.94000244140625,235.4600067138672,236.7100067138672,4565000
2019-01-10,211.85958862304688,238.0,238.1699981689453,234.85000610351562,235.64999389648438,2813500
2019-01-11,211.7616424560547,237.88999938964844,238.0,236.24000549316406,236.85000610351562,2551000
2019-01-14,210.59555053710938,236.5800018310547,237.38999938964844,235.69000244140625,236.10000610351562,2653400
2019-01-15,213.0613250732422,239.35000610351562,239.58999633789062,236.97000122070312,236.97000122070312,5103700
2019-01-16,213.5331268310547,239.8800048828125,240.77000427246094,239.52000427246094,239.72000122070312,4066700
2019-01-17,215.1265106201172,241.6699981689453,242.5500030517578,238.9499969482422,239.0,3059000
2019-01-18,218.01959228515625,244.9199981689453,245.3699951171875,242.75999450683594,243.55999755859375,4943300
2019-01-22,215.1176300048828,241.66000366210938,243.5800018310547,239.97000122070312,243.38999938964844,5786300
2019-01-23,215.43807983398438,242.02000427246094,243.33999633789062,239.5800018310547,242.67999267578125,3076400
2019-01-24,215.65171813964844,242.25999450683594,242.82000732421875,240.91000366210938,241.89999389648438,2197100
2019-01-25,217.48548889160156,244.32000732421875,245.11000061035156,243.6699981689453,244.11000061035156,3677500
2019-01-28,215.8030242919922,242.42999267578125,242.49000549316406,240.6300048828125,242.08999633789062,2407800
2019-01-29,215.5360107421875,242.1300048828125,243.1199951171875,241.27000427246094,242.5500030517578,2436900
2019-01-30,218.94529724121094,245.9600067138672,246.77999877929688,242.8800048828125,243.66000366210938,6028400
2019-01-31,220.77017211914062,248.00999450683594,248.52999877929688,245.67999267578125,245.86000061035156,5308100
2019-02-01,220.95712280273438,248.22000122070312,249.2899932861328,247.4600067138672,248.30999755859375,3718500
2019-02-04,222.53271484375,249.99000549316406,250.02000427246094,247.58999633789062,248.3000030517578,2541700
2019-02-05,223.52084350585938,251.10000610351562,251.3300018310547,249.9199981689453,250.44000244140625,3613300
2019-02-06,223.24485778808594,250.7899932861328,251.22000122070312,249.9499969482422,250.75,2052200
2019-02-07,221.0550079345703,248.3300018310547,249.5800018310547,246.6199951171875,249.0399932861328,3907800
2019-02-08,221.3398895263672,248.64999389648438,248.7100067138672,246.1999969482422,247.00999450683594,2512600
2019-02-11,221.45558166503906,248.77999877929688,249.50999450683594,248.22000122070312,249.27999877929688,2986600
2019-02-12,224.32192993164062,252.0,252.36000061035156,250.33999633789062,250.3800048828125,5980500
2019-02-13,224.99847412109375,252.75999450683594,253.66000366210938,252.38999938964844,252.82000732421875,3569100
2019-02-14,224.5,252.1999969482422,253.36000061035156,250.8300018310547,251.64999389648438,3247800
2019-02-15,226.974609375,254.97999572753906,255.0,253.80999755859375,254.02999877929688,2806600
2019-02-19,227.36630249023438,255.4199981689453,256.0899963378906,254.14999389648438,254.14999389648438,2509300
2019-02-20,227.8915252685547,256.010009765625,256.3800048828125,254.88999938964844,255.41000366210938,2156300
2019-02-21,227.0636444091797,255.0800018310547,255.63999938964844,254.0399932861328,255.3300018310547,2020000
2019-02-22,228.42564392089844,256.6099853515625,256.80999755859375,255.4499969482422,255.69000244140625,2119400
2019-02-25,228.76388549804688,256.989990234375,258.6099853515625,256.8800048828125,258.0899963378906,2941300
2019-02-26,228.5947265625,256.79998779296875,257.6400146484375,256.4100036621094,256.54998779296875,4629600
2019-02-27,228.47901916503906,256.6700134277344,257.0199890136719,255.10000610351562,256.05999755859375,2136400
2019-02-28,227.94491577148438,256.07000732421875,256.8800048828125,255.85000610351562,256.4200134277344,2207000
2019-03-01,229.5116424560547,257.8299865722656,258.2099914550781,256.3299865722656,257.80999755859375,2867000
2019-03-04,228.63040161132812,256.8399963378906,259.1000061035156,254.49000549316406,258.8699951171875,3384200
2019-03-05,228.3633270263672,256.5400085449219,257.1700134277344,255.9600067138672,256.989990234375,2475900
2019-03-06,226.9033966064453,254.89999389648438,256.6199951171875,254.60000610351562,256.6199951171875,2514900
2019-03-07,225.0785675048828,252.85000610351562,254.60000610351562,251.9499969482422,254.47999572753906,6441200
2019-03-08,224.6246337890625,252.33999633789062,252.4499969482422,250.33999633789062,250.8800048828125,4522300
2019-03-11,227.90037536621094,256.0199890136719,256.1199951171875,253.02000427246094,253.0399932861328,1884200
2019-03-12,228.71046447753906,256.92999267578125,257.4599914550781,256.3699951171875,256.5199890136719,2271900
2019-03-13,230.26821899414062,258.67999267578125,259.5899963378906,257.69000244140625,257.8399963378906,1974300
2019-03-14,230.1881103515625,258.5899963378906,259.1199951171875,258.0400085449219,258.67999267578125,1557500
2019-03-15,231.3097686767578,259.8500061035156,260.57000732421875,258.8699951171875,259.0199890136719,3151200
2019-03-18,232.13758850097656,260.7799987792969,260.989990234375,259.7699890136719,260.0,1830000
2019-03-19,232.20880126953125,260.8599853515625,262.5899963378906,259.8800048828125,261.80999755859375,4061800
2019-03-20,231.38096618652344,259.92999267578125,261.7699890136719,258.8399963378906,260.5400085449219,3415200
2019-03-21,234.02621459960938,261.42999267578125,261.8599853515625,257.67999267578125,257.67999267578125,2968300
2019-03-22,229.5771484375,256.4599914550781,260.6099853515625,256.3699951171875,260.07000732421875,4317400
2019-03-25,229.3712921142578,256.2300109863281,257.2799987792969,254.9499969482422,256.0899963378906,2893600
2019-03-26,231.02735900878906,258.0799865722656,259.1199951171875,256.7300109863281,258.010009765625,3177600
2019-03-27,229.95314025878906,256.8800048828125,258.7300109863281,255.22999572753906,258.1499938964844,2714300
2019-03-28,230.84832763671875,257.8800048828125,258.2200012207031,256.2699890136719,257.45001220703125,1716700
2019-03-29,232.3343048095703,259.5400085449219,259.7200012207031,258.17999267578125,259.3399963378906,2831100
2019-04-01,235.0109405517578,262.5299987792969,262.7799987792969,261.19000244140625,261.4599914550781,3303900
2019-04-02,235.09146118164062,262.6199951171875,262.8500061035156,261.80999755859375,262.6700134277344,1512600
2019-04-03,235.5301055908203,263.1099853515625,264.25,262.3999938964844,263.8699951171875,1933900
2019-04-04,236.0940704345703,263.739990234375,263.9599914550781,262.6700134277344,263.3699951171875,1738500
2019-04-05,237.23098754882812,265.010009765625,265.05999755859375,264.1199951171875,264.4200134277344,1505000
2019-04-08,237.43679809570312,265.239990234375,265.30999755859375,263.9100036621094,264.57000732421875,1720100
2019-04-09,236.17465209960938,263.8299865722656,264.5400085449219,263.2900085449219,264.2200012207031,2016900
2019-04-10,236.98922729492188,264.739990234375,264.8399963378906,263.8500061035156,264.25,2990600
2019-04-11,236.94447326660156,264.69000244140625,265.239990234375,264.0899963378906,265.239990234375,1567700
2019-04-12,238.5469207763672,266.4800109863281,266.7699890136719,265.6300048828125,266.3299865722656,1903400
2019-04-15,238.38571166992188,266.29998779296875,266.6400146484375,265.4700012207031,266.57000732421875,1584500
2019-04-16,238.55577087402344,266.489990234375,267.239990234375,265.8599853515625,267.20001220703125,2447700
2019-04-17,237.97390747070312,265.8399963378906,267.6099853515625,265.3999938964844,267.5899963378906,1872400
2019-04-18,238.4215087890625,266.3399963378906,266.6000061035156,265.0799865722656,266.44000244140625,2788900
2019-04-22,238.6542510986328,266.6000061035156,266.7099914550781,265.4700012207031,265.55999755859375,1126500
2019-04-23,240.7132110595703,268.8999938964844,269.19000244140625,266.7099914550781,266.9599914550781,2618300
2019-04-24,240.23870849609375,268.3699951171875,269.2099914550781,268.2300109863281,268.8900146484375,1393400
2019-04-25,240.14918518066406,268.2699890136719,268.8800048828125,266.9800109863281,268.2799987792969,1237400
2019-04-26,241.2502899169922,269.5,269.5400085449219,267.4599914550781,268.2799987792969,2172600
2019-04-29,241.55467224121094,269.8399963378906,270.4100036621094,269.4599914550781,269.55999755859375,1892500
2019-04-30,241.70677185058594,270.010009765625,270.30999755859375,268.1099853515625,269.55999755859375,2024600
2019-05-01,239.943359375,268.0400085449219,270.8699951171875,268.0,270.67999267578125,2669400
2019-05-02,239.4689178466797,267.510009765625,268.79998779296875,265.92999267578125,267.8800048828125,3009000
2019-05-03,241.7425994873047,270.04998779296875,270.32000732421875,268.70001220703125,268.9200134277344,1969000
2019-05-06,240.78480529785156,268.9800109863281,269.3599853515625,265.30999755859375,265.6499938964844,3966900
2019-05-07,236.88177490234375,264.6199951171875,267.0799865722656,262.4800109863281,266.4800109863281,4752500
2019-05-08,236.41629028320312,264.1000061035156,265.82000732421875,263.4700012207031,264.1400146484375,2662500
2019-05-09,235.69119262695312,263.2900085449219,263.8399963378906,260.20001220703125,261.94000244140625,3094800
2019-05-10,236.79232788085938,264.5199890136719,265.3800048828125,259.2699890136719,262.3699951171875,3131900
2019-05-13,230.98260498046875,258.0299987792969,260.3399963378906,257.07000732421875,259.3699951171875,5548200
2019-05-14,232.98779296875,260.2699890136719,261.82000732421875,258.8399963378906,258.989990234375,4702600
2019-05-15,234.36634826660156,261.80999755859375,262.45001220703125,258.3999938964844,258.6300048828125,2444100
2019-05-16,236.51478576660156,264.2099914550781,265.6000061035156,262.45001220703125,262.4700012207031,3221500
2019-05-17,235.08251953125,262.6099853515625,265.0199890136719,261.8599853515625,261.8900146484375,2719500
2019-05-20,233.4801483154297,260.82000732421875,262.1099853515625,260.0199890136719,260.8999938964844,2762600
2019-05-21,235.45848083496094,263.0299987792969,263.510009765625,262.25,262.5,2760500
2019-05-22,234.81396484375,262.30999755859375,263.2900085449219,261.8699951171875,262.1199951171875,3421500
2019-05-23,232.06576538085938,259.239990234375,260.1000061035156,257.67999267578125,260.0799865722656,3813200
2019-05-24,232.4685821533203,259.69000244140625,260.989990234375,259.05999755859375,260.6000061035156,1833100
2019-05-28,230.3828125,257.3599853515625,260.9599914550781,257.2900085449219,259.9599914550781,2565900
2019-05-29,228.79832458496094,255.58999633789062,256.5199890136719,254.10000610351562,256.1300048828125,4593500
2019-05-30,229.43389892578125,256.29998779296875,257.17999267578125,255.13999938964844,256.2799987792969,2977200
2019-05-31,226.3634796142578,252.8699951171875,254.49000549316406,252.77000427246094,253.6300048828125,3698600
2019-06-03,225.69210815429688,252.1199951171875,253.9600067138672,250.77000427246094,252.8300018310547,3825600
2019-06-04,230.66038513183594,257.6700134277344,257.760009765625,254.02999877929688,254.47999572753906,3536300
2019-06-05,232.61180114746094,259.8500061035156,259.8800048828125,257.4200134277344,259.239990234375,2646500
2019-06-06,234.12472534179688,261.5400085449219,262.260009765625,259.510009765625,260.1700134277344,2277500
2019-06-07,236.4610595703125,264.1499938964844,265.2900085449219,262.45001220703125,262.6199951171875,1877400
2019-06-10,237.5710906982422,265.3900146484375,267.1000061035156,265.29998779296875,265.760009765625,2845900
2019-06-11,237.5263214111328,265.3399963378906,267.6499938964844,264.69000244140625,267.25,1894500
2019-06-12,237.07876586914062,264.8399963378906,265.70001220703125,264.3599853515625,265.1199951171875,1711900
2019-06-13,238.1350555419922,266.0199890136719,266.3599853515625,265.1099853515625,265.82000732421875,1813700
2019-06-14,237.77699279785156,265.6199951171875,266.2900085449219,264.9100036621094,265.7099914550781,1203300
2019-06-17,237.99183654785156,265.8599853515625,266.55999755859375,265.6199951171875,265.94000244140625,1782500
2019-06-18,240.36404418945312,268.510009765625,269.6600036621094,267.29998779296875,267.6499938964844,2340700
2019-06-19,240.99961853027344,269.2200012207031,269.7200012207031,267.760009765625,268.739990234375,1684500
2019-06-20,243.2465057373047,271.7300109863281,272.19000244140625,269.7300109863281,271.94000244140625,3288100
2019-06-21,242.9601287841797,271.4100036621094,272.7900085449219,271.1700134277344,271.5299987792969,2226000
2019-06-24,242.6468048095703,271.05999755859375,271.9200134277344,270.8999938964844,271.5899963378906,3518400
2019-06-25,240.2477264404297,268.3800048828125,271.1300048828125,268.2699890136719,271.1000061035156,2287100
2019-06-26,240.014892578125,268.1199951171875,269.82000732421875,268.0199890136719,269.29998779296875,2988700
2019-06-27,240.857177734375,267.6700134277344,268.19000244140625,267.1700134277344,267.489990234375,2054600
2019-06-28,242.1889190673828,269.1499938964844,269.54998779296875,268.17999267578125,268.70001220703125,2883300
2019-07-01,244.24954223632812,271.44000244140625,272.6499938964844,270.29998779296875,272.4599914550781,4497900
2019-07-02,244.96041870117188,272.2300109863281,272.25,270.6199951171875,271.4700012207031,3040700
2019-07-03,246.84104919433594,274.32000732421875,274.3699951171875,272.760009765625,272.9100036621094,2335800
2019-07-05,246.52610778808594,273.9700012207031,274.25,271.8599853515625,273.1400146484375,3362500
2019-07-08,245.2933807373047,272.6000061035156,273.05999755859375,272.0299987792969,272.7900085449219,3131800
2019-07-09,245.5992889404297,272.94000244140625,273.2200012207031,271.3399963378906,271.3999938964844,2532900
2019-07-10,246.74203491210938,274.2099914550781,275.19000244140625,273.4599914550781,274.0199890136719,2853200
2019-07-11,247.23695373535156,274.760009765625,275.1099853515625,273.8500061035156,274.8699951171875,2249400
2019-07-12,248.4517822265625,276.1099853515625,276.19000244140625,275.05999755859375,275.3900146484375,2932300
2019-07-15,248.51480102539062,276.17999267578125,276.54998779296875,275.7099914550781,276.5299987792969,1466200
2019-07-16,247.7048797607422,275.2799987792969,276.2699890136719,274.989990234375,276.1199951171875,1564000
2019-07-17,246.0312042236328,273.4200134277344,275.3999938964844,273.4200134277344,275.2799987792969,1758100
2019-07-18,246.93101501464844,274.4200134277344,274.7900085449219,272.4700012207031,272.9100036621094,3461100
2019-07-19,245.6083221435547,272.95001220703125,275.5400085449219,272.70001220703125,275.5199890136719,2319400
2019-07-22,246.2020721435547,273.6099853515625,274.1099853515625,272.7900085449219,273.32000732421875,1304100
2019-07-23,247.89382934570312,275.489990234375,275.5,273.8900146484375,274.7099914550781,1753000
2019-07-24,249.03662109375,276.760009765625,276.7900085449219,274.6700134277344,274.7799987792969,1669900
2019-07-25,247.8218994140625,275.4100036621094,276.4100036621094,274.67999267578125,276.4100036621094,1874200
2019-07-26,249.59454345703125,277.3800048828125,277.54998779296875,276.1000061035156,276.20001220703125,1796900
2019-07-29,249.14456176757812,276.8800048828125,277.2699890136719,276.260009765625,277.2300109863281,2925900
2019-07-30,248.54168701171875,276.2099914550781,276.55999755859375,275.0400085449219,275.45001220703125,1751100
2019-07-31,245.7252197265625,273.0799865722656,276.6099853515625,271.07000732421875,276.3900146484375,4910000
2019-08-01,243.6647186279297,270.7900085449219,276.2799987792969,269.94000244140625,273.2799987792969,6921000
2019-08-02,241.88296508789062,268.80999755859375,270.0799865722656,267.1499938964844,269.8900146484375,5310400
2019-08-05,234.7473602294922,260.8800048828125,264.67999267578125,258.70001220703125,264.57000732421875,7354000
2019-08-06,237.7706756591797,264.239990234375,264.4700012207031,261.05999755859375,262.5299987792969,4366800
2019-08-07,237.9327392578125,264.4200134277344,265.2300109863281,258.989990234375,261.1600036621094,4261200
2019-08-08,242.57577514648438,269.5799865722656,269.5899963378906,265.3999938964844,266.0,3618800
2019-08-09,240.88414001464844,267.70001220703125,269.2900085449219,266.0,268.7200012207031,2616300
2019-08-12,238.05873107910156,264.55999755859375,266.7900085449219,263.57000732421875,266.239990234375,2104500
2019-08-13,241.748046875,268.6600036621094,270.1000061035156,263.9100036621094,264.2200012207031,3402300
2019-08-14,234.46844482421875,260.57000732421875,265.1499938964844,260.57000732421875,264.55999755859375,4354800
2019-08-15,235.206298828125,261.3900146484375,262.2699890136719,259.3399963378906,261.6199951171875,2775200
2019-08-16,238.65255737304688,265.2200012207031,265.67999267578125,263.0199890136719,263.07000732421875,2432700
2019-08-19,241.58604431152344,268.4800109863281,269.1400146484375,267.6400146484375,268.3599853515625,1430800
2019-08-20,239.71437072753906,266.3999938964844,268.489990234375,266.2900085449219,267.9800109863281,1865000
2019-08-21,241.65794372558594,268.55999755859375,268.92999267578125,267.9200134277344,268.5799865722656,2007400
2019-08-22,241.5680694580078,268.4599914550781,269.9100036621094,266.70001220703125,269.2799987792969,1883700
2019-08-23,235.36827087402344,261.57000732421875,268.8399963378906,260.3299865722656,267.19000244140625,4184200
2019-08-26,237.9776611328125,264.4700012207031,264.4700012207031,262.2699890136719,263.80999755859375,2260000
2019-08-27,237.0419158935547,263.42999267578125,266.260009765625,262.7099914550781,265.9200134277344,2490400
2019-08-28,238.68856811523438,265.260009765625,265.45001220703125,262.0,262.7300109863281,3124000
2019-08-29,241.79293823242188,268.7099914550781,269.2300109863281,266.8999938964844,267.9100036621094,3128700
2019-08-30,241.69403076171875,268.6000061035156,270.2099914550781,267.6600036621094,270.1499938964844,4209200
2019-09-03,240.35324096679688,267.1099853515625,267.79998779296875,265.67999267578125,266.8299865722656,3368500
2019-09-04,242.92686462402344,269.9700012207031,270.05999755859375,268.4800109863281,269.25,1486100
2019-09-05,246.13914489746094,273.5400085449219,274.44000244140625,272.4599914550781,272.57000732421875,1755800
2019-09-06,246.319091796875,273.739990234375,274.3900146484375,273.19000244140625,273.92999267578125,1890800
2019-09-09,246.38217163085938,273.80999755859375,274.8299865722656,272.9599914550781,274.79998779296875,2158500
2019-09-10,246.4361114501953,273.8699951171875,273.8800048828125,271.8699951171875,273.1099853515625,1870400
2019-09-11,248.20883178710938,275.8399963378906,275.8399963378906,273.5,274.1499938964844,2080300
2019-09-12,248.9375762939453,276.6499938964844,277.79998779296875,275.94000244140625,276.7099914550781,2433700
2019-09-13,248.87460327148438,276.5799865722656,277.5400085449219,276.1499938964844,277.2099914550781,2292000
2019-09-16,248.05580139160156,275.6700134277344,276.1000061035156,275.0400085449219,275.3800048828125,1432400
2019-09-17,248.7305908203125,276.4200134277344,276.4800109863281,275.3399963378906,275.4599914550781,1789200
2019-09-18,248.8836669921875,276.5899963378906,276.67999267578125,273.95001220703125,276.0,2028700
2019-09-19,248.8296661376953,276.5299987792969,277.9800109863281,276.2300109863281,277.0,2267900
2019-09-20,247.49794006347656,275.04998779296875,277.4100036621094,274.5,277.17999267578125,2052700
2019-09-23,247.66888427734375,275.239990234375,275.8999938964844,274.3299865722656,274.5899963378906,1286400
2019-09-24,245.6173095703125,272.9599914550781,276.67999267578125,272.05999755859375,276.30999755859375,5124900
2019-09-25,247.1199951171875,274.6300048828125,275.0799865722656,271.6000061035156,273.0799865722656,2649200
2019-09-26,246.63262939453125,272.7900085449219,273.54998779296875,271.3500061035156,273.3399963378906,2355000
2019-09-27,245.2493438720703,271.260009765625,273.5899963378906,269.7200012207031,273.55999755859375,2836500
2019-09-30,246.46090698242188,272.6000061035156,273.2699890136719,271.7900085449219,271.82000732421875,2735200
2019-10-01,243.49539184570312,269.32000732421875,274.0799865722656,269.0899963378906,273.44000244140625,3696000
2019-10-02,239.200927734375,264.57000732421875,267.7300109863281,263.25,267.7300109863281,4463500
2019-10-03,241.09945678710938,266.6700134277344,266.7300109863281,261.5899963378906,264.3500061035156,2988800
2019-10-04,244.44471740722656,270.3699951171875,270.55999755859375,267.3599853515625,267.45001220703125,1907800
2019-10-07,243.39590454101562,269.2099914550781,271.1600036621094,268.8999938964844,269.55999755859375,1821900
2019-10-08,239.61676025390625,265.0299987792969,268.0199890136719,264.9599914550781,267.2799987792969,2153100
2019-10-09,241.84986877441406,267.5,268.44000244140625,266.3900146484375,267.0400085449219,1921200
2019-10-10,243.49539184570312,269.32000732421875,270.20001220703125,267.25,267.4200134277344,1559300
2019-10-11,246.0359649658203,272.1300048828125,274.3500061035156,271.94000244140625,272.1000061035156,2806500
2019-10-14,245.8099365234375,271.8800048828125,272.45001220703125,271.4800109863281,271.7900085449219,1215500
2019-10-15,248.1876983642578,274.510009765625,275.25,272.7699890136719,272.8699951171875,1783800
2019-10-16,247.79901123046875,274.0799865722656,274.7300109863281,273.6199951171875,274.07000732421875,1150800
2019-10-17,248.46804809570312,274.82000732421875,275.7200012207031,274.19000244140625,275.239990234375,3100600
2019-10-18,247.44642639160156,273.69000244140625,274.9700012207031,272.80999755859375,274.3599853515625,1152200
2019-10-21,249.1732177734375,275.6000061035156,275.7200012207031,274.57000732421875,275.04998779296875,3017500
2019-10-22,248.29620361328125,274.6300048828125,276.3299865722656,274.5199890136719,276.0899963378906,1601500
2019-10-23,249.02854919433594,275.44000244140625,275.4800109863281,274.17999267578125,274.4100036621094,1296500
2019-10-24,249.4353790283203,275.8900146484375,276.510009765625,275.04998779296875,276.3800048828125,2220600
2019-10-25,250.47515869140625,277.0400085449219,277.5400085449219,275.2799987792969,275.3299865722656,5500900
2019-10-28,251.93075561523438,278.6499938964844,279.07000732421875,278.2200012207031,278.2200012207031,1795900
2019-10-29,251.76803588867188,278.4700012207031,279.42999267578125,278.17999267578125,278.32000732421875,1599200
2019-10-30,252.65402221679688,279.45001220703125,279.69000244140625,277.3800048828125,278.69000244140625,1811300
2019-10-31,251.84030151367188,278.54998779296875,279.3500061035156,277.1499938964844,279.3500061035156,2312100
2019-11-01,254.23626708984375,281.20001220703125,281.2099914550781,279.9100036621094,280.04998779296875,2361900
2019-11-04,255.24893188476562,282.32000732421875,282.8999938964844,281.9599914550781,282.7900085449219,3797500
2019-11-05,254.9233856201172,281.9599914550781,282.82000732421875,281.7099914550781,282.5799865722656,2995600
2019-11-06,255.0590057373047,282.1099853515625,282.3399963378906,281.1199951171875,282.0400085449219,1457200
2019-11-07,255.96316528320312,283.1099853515625,284.2300109863281,282.5799865722656,283.4599914550781,2689600
2019-11-08,256.5869445800781,283.79998779296875,283.79998779296875,282.0,282.739990234375,2328700
2019-11-11,256.08966064453125,283.25,283.3699951171875,282.239990234375,282.42999267578125,1123700
2019-11-12,256.5960388183594,283.80999755859375,284.7200012207031,283.0299987792969,283.5799865722656,1737600
2019-11-13,256.70440673828125,283.92999267578125,284.32000732421875,282.5899963378906,282.8299865722656,1721400
2019-11-14,257.0480041503906,284.30999755859375,284.3999938964844,282.989990234375,283.6400146484375,2244000
2019-11-15,258.9646911621094,286.42999267578125,286.42999267578125,285.0,285.6400146484375,1892400
2019-11-18,259.12744140625,286.6099853515625,286.8500061035156,285.7099914550781,286.17999267578125,2278500
2019-11-19,259.0009460449219,286.4700012207031,287.239990234375,285.8800048828125,287.239990234375,3212500
2019-11-20,258.0877685546875,285.4599914550781,286.4200134277344,283.8900146484375,285.9100036621094,2816300
2019-11-21,257.68988037109375,285.0199890136719,285.6400146484375,284.1700134277344,285.5199890136719,2307200
2019-11-22,258.25958251953125,285.6499938964844,285.8599853515625,284.6000061035156,285.75,1266500
2019-11-25,260.2214050292969,287.82000732421875,287.8399963378906,286.57000732421875,286.6000061035156,2040300
2019-11-26,260.74578857421875,288.3999938964844,288.67999267578125,287.57000732421875,287.9100036621094,1795700
2019-11-27,261.9753723144531,289.760009765625,289.7799987792969,288.760009765625,289.05999755859375,1631500
2019-11-29,260.9718322753906,288.6499938964844,289.4800109863281,288.4800109863281,289.25,1988500
2019-12-02,258.8471374511719,286.29998779296875,289.0299987792969,285.8399963378906,289.0299987792969,4416100
2019-12-03,257.02984619140625,284.2900085449219,284.42999267578125,282.1000061035156,283.5199890136719,3236000
2019-12-04,258.6754455566406,286.1099853515625,286.70001220703125,285.07000732421875,285.4100036621094,3188800
2019-12-05,259.1546630859375,286.6400146484375,286.8299865722656,285.2900085449219,286.8299865722656,1597200
2019-12-06,261.4600524902344,289.19000244140625,289.6499938964844,288.54998779296875,288.5799865722656,1609400
2019-12-09,260.6645202636719,288.30999755859375,289.5199890136719,288.2699890136719,288.8699951171875,1478900
2019-12-10,260.42047119140625,288.0400085449219,288.94000244140625,287.3500061035156,288.30999755859375,1822700
2019-12-11,261.09844970703125,288.7900085449219,289.0799865722656,288.0799865722656,288.45001220703125,1835400
2019-12-12,263.3948974609375,291.3299865722656,292.1000061035156,288.6099853515625,288.8500061035156,3276600
2019-12-13,263.4943542480469,291.44000244140625,292.760009765625,290.29998779296875,291.0899963378906,3519600
2019-12-16,265.35687255859375,293.5,294.1099853515625,293.2200012207031,293.260009765625,3141900
2019-12-17,265.41107177734375,293.55999755859375,294.19000244140625,293.5,293.989990234375,3658200
2019-12-18,265.4291076660156,293.5799865722656,294.2200012207031,293.57000732421875,294.0199890136719,3294400
2019-12-19,266.5321044921875,294.79998779296875,294.8800048828125,293.75,293.7799987792969,2331600
2019-12-20,267.8883361816406,296.29998779296875,296.760009765625,295.7799987792969,295.8900146484375,4985600
2019-12-23,268.15087890625,295.1600036621094,295.5299987792969,294.989990234375,295.489990234375,2325200
2019-12-24,268.15087890625,295.1600036621094,295.3999938964844,294.8500061035156,295.3599853515625,1305900
2019-12-26,269.52276611328125,296.6700134277344,296.69000244140625,295.5199890136719,295.55999755859375,2390300
2019-12-27,269.52276611328125,296.6700134277344,297.510009765625,296.1499938964844,297.510009765625,2225400
2019-12-30,268.0418395996094,295.0400085449219,296.8399963378906,294.510009765625,296.75,2345400
2019-12-31,268.7322998046875,295.79998779296875,295.989990234375,294.1700134277344,294.5299987792969,2512700
2020-01-02,271.1126403808594,298.4200134277344,298.45001220703125,296.3399963378906,297.2900085449219,3142400
2020-01-03,269.1319885253906,296.239990234375,297.3599853515625,295.0400085449219,295.2200012207031,3247900
2020-01-06,270.14056396484375,297.3500061035156,297.4200134277344,294.3500061035156,294.4200134277344,2777100
2020-01-07,269.3955383300781,296.5299987792969,297.2699890136719,296.05999755859375,296.82000732421875,2251800
2020-01-08,270.7854919433594,298.05999755859375,299.30999755859375,296.4700012207031,296.7099914550781,3719500
2020-01-09,272.65704345703125,300.1199951171875,300.19000244140625,299.0899963378906,299.7300109863281,2168500
2020-01-10,271.8757019042969,299.260009765625,300.8599853515625,298.7900085449219,300.739990234375,3666800
2020-01-13,273.6744689941406,301.239990234375,301.32000732421875,299.4800109863281,299.9100036621094,2728000
2020-01-14,273.3111572265625,300.8399963378906,301.9100036621094,300.32000732421875,300.8900146484375,2620100
2020-01-15,273.9198913574219,301.510009765625,302.29998779296875,300.69000244140625,300.80999755859375,2822300
2020-01-16,276.2092590332031,304.0299987792969,304.0400085449219,302.7099914550781,302.94000244140625,2582600
2020-01-17,277.1449890136719,305.05999755859375,305.20001220703125,304.20001220703125,304.7699890136719,2218000
2020-01-21,276.57257080078125,304.42999267578125,305.2200012207031,304.0,304.0799865722656,2757900
2020-01-22,276.6453552246094,304.510009765625,305.9200134277344,304.32000732421875,305.30999755859375,2765300
2020-01-23,276.9178466796875,304.80999755859375,304.9700012207031,302.6600036621094,303.8399963378906,2673100
2020-01-24,274.3922119140625,302.0299987792969,305.5199890136719,300.80999755859375,305.4200134277344,3448200
2020-01-27,270.0315246582031,297.2300109863281,298.7300109863281,296.45001220703125,296.8399963378906,4302000
2020-01-28,272.95684814453125,300.45001220703125,301.2200012207031,298.2200012207031,298.70001220703125,3562500
2020-01-29,272.684326171875,300.1499938964844,301.94000244140625,299.9200134277344,301.7799987792969,2739400
2020-01-30,273.5382385253906,301.0899963378906,301.2900085449219,297.29998779296875,298.0400085449219,4432700
2020-01-31,268.63238525390625,295.69000244140625,300.6000061035156,294.7200012207031,300.44000244140625,6184700
2020-02-03,270.58563232421875,297.8399963378906,299.6700134277344,297.0299987792969,297.1199951171875,3205200
2020-02-04,274.755615234375,302.42999267578125,303.2300109863281,301.1600036621094,301.5,2292800
2020-02-05,277.8627624511719,305.8500061035156,306.0799865722656,303.8699951171875,305.3999938964844,3049900
2020-02-06,278.8074951171875,306.8900146484375,307.0799865722656,305.80999755859375,306.79998779296875,1925500
2020-02-07,277.3902587890625,305.3299865722656,306.5899963378906,304.739990234375,305.8299865722656,2249000
2020-02-10,279.3798828125,307.5199890136719,307.55999755859375,304.3500061035156,304.3900146484375,2246900
2020-02-11,279.8886413574219,308.0799865722656,309.69000244140625,307.6099853515625,308.92999267578125,2438800
2020-02-12,281.6874694824219,310.05999755859375,310.2699890136719,309.1700134277344,309.55999755859375,2115800
2020-02-13,281.4148864746094,309.760009765625,310.7200012207031,308.3599853515625,308.6000061035156,2043400
2020-02-14,281.8872985839844,310.2799987792969,310.3299865722656,309.0,310.1099853515625,1637000
2020-02-18,281.1150817871094,309.42999267578125,309.82000732421875,308.0299987792969,309.239990234375,3000300
2020-02-19,282.4687805175781,310.9200134277344,311.5899963378906,310.1199951171875,310.4200134277344,2257500
2020-02-20,281.3603515625,309.70001220703125,311.19000244140625,306.6700134277344,310.3500061035156,4617300
2020-02-21,278.444091796875,306.489990234375,308.5799865722656,305.6199951171875,308.29998779296875,2678000
2020-02-24,269.1319885253906,296.239990234375,299.3800048828125,295.1700134277344,296.9599914550781,7097000
2020-02-25,261.04644775390625,287.3399963378906,298.2300109863281,286.3599853515625,297.7300109863281,8465800
2020-02-26,259.89263916015625,286.07000732421875,292.2799987792969,285.4800109863281,288.6099853515625,10233700
2020-02-27,248.3730010986328,273.3900146484375,284.4800109863281,273.3599853515625,280.57000732421875,14897000
2020-02-28,246.8739471435547,271.739990234375,272.9200134277344,262.25,265.32000732421875,23179600
2020-03-02,257.89398193359375,283.8699951171875,284.0400085449219,270.489990234375,274.0,12428600
2020-03-03,250.78045654296875,276.0400085449219,288.32000732421875,273.3599853515625,284.3399963378906,9805900
2020-03-04,261.1737060546875,287.4800109863281,287.6499938964844,278.70001220703125,281.2300109863281,5253900
2020-03-05,252.42486572265625,277.8500061035156,283.4100036621094,275.6099853515625,280.29998779296875,6220000
2020-03-06,248.19129943847656,273.19000244140625,274.4599914550781,266.6000061035156,269.32000732421875,6669100
2020-03-09,229.04029846191406,252.11000061035156,260.989990234375,251.14999389648438,253.88999938964844,16425900
2020-03-10,240.79473876953125,263.80999755859375,263.80999755859375,250.0,260.4800109863281,10879100
2020-03-11,228.85589599609375,250.72999572753906,257.7200012207031,247.6199951171875,256.6600036621094,11480100
2020-03-12,206.7214813232422,226.47999572753906,243.67999267578125,225.80999755859375,234.94000244140625,24669300
2020-03-13,226.03546142578125,247.63999938964844,247.77999877929688,228.10000610351562,240.66000366210938,19533600
2020-03-16,199.50160217285156,218.57000732421875,234.77000427246094,218.13999938964844,222.85000610351562,17271500
2020-03-17,212.56314086914062,232.8800048828125,233.9499969482422,216.60000610351562,223.75,15115500
2020-03-18,200.94374084472656,220.14999389648438,224.74000549316406,208.30999755859375,216.0800018310547,20177500
2020-03-19,201.11712646484375,220.33999633789062,226.0,212.11000061035156,218.42999267578125,12441200
2020-03-20,192.35467529296875,210.74000549316406,224.55999755859375,210.0500030517578,222.8000030517578,11533200
2020-03-23,186.44911193847656,204.27000427246094,210.77999877929688,200.5500030517578,209.6300048828125,14128200
2020-03-24,204.22964477539062,223.75,224.3000030517578,214.8300018310547,216.38999938964844,13160800
2020-03-25,206.84930419921875,226.6199951171875,235.50999450683594,220.32000732421875,225.0,11876400
2020-03-26,219.28102111816406,240.24000549316406,241.44000244140625,228.85000610351562,229.27000427246094,12411100
2020-03-27,212.54489135742188,232.86000061035156,239.63999938964844,230.66000366210938,232.6999969482422,11170600
2020-03-30,219.41793823242188,240.38999938964844,241.10000610351562,232.97000122070312,234.9199981689453,8727800
2020-03-31,216.1593780517578,236.82000732421875,241.94000244140625,235.44000244140625,239.4499969482422,10386300
2020-04-01,206.42022705078125,226.14999389648438,231.0500030517578,224.1300048828125,227.9199981689453,13710100
2020-04-02,211.2487335205078,231.44000244140625,232.17999267578125,224.72000122070312,225.3300018310547,6547000
2020-04-03,208.1271209716797,228.02000427246094,232.7100067138672,225.33999633789062,230.42999267578125,5490200
2020-04-06,222.28404235839844,243.52999877929688,245.3000030517578,235.92999267578125,236.9600067138672,7624000
2020-04-07,222.4026641845703,243.66000366210938,252.8000030517578,243.4600067138672,251.9199981689453,12936600
2020-04-08,229.9512176513672,251.92999267578125,253.0500030517578,244.0500030517578,246.24000549316406,6958600
2020-04-09,233.3649139404297,255.6699981689453,258.3900146484375,253.13999938964844,255.1199951171875,8812600
2020-04-13,231.1012725830078,253.19000244140625,254.9499969482422,249.3800048828125,254.63999938964844,7666400
2020-04-14,238.1569061279297,260.9200134277344,261.6300048828125,257.2099914550781,258.239990234375,6631100
2020-04-15,232.97244262695312,255.24000549316406,256.8999938964844,253.11000061035156,255.0800018310547,4888900
2020-04-16,234.1498565673828,256.5299987792969,257.29998779296875,253.39999389648438,256.510009765625,6165700
2020-04-17,240.61221313476562,263.6099853515625,264.0,259.5,262.30999755859375,6738800
2020-04-20,236.27658081054688,258.8599853515625,263.1000061035156,258.5799865722656,259.6499938964844,6498700
2020-04-21,229.0566864013672,250.9499969482422,255.49000549316406,250.0,254.25,6526100
2020-04-22,234.0950927734375,256.4700012207031,258.2300109863281,254.47999572753906,255.8300018310547,5626800
2020-04-23,234.0494842529297,256.4200134277344,260.8999938964844,256.20001220703125,257.75,7665400
2020-04-24,237.44491577148438,260.1400146484375,260.70001220703125,255.94000244140625,258.0,4768200
2020-04-27,240.8769073486328,263.8999938964844,264.9100036621094,261.57000732421875,262.010009765625,3892200
2020-04-28,239.76333618164062,262.67999267578125,267.7900085449219,262.29998779296875,267.4800109863281,5849500
2020-04-29,245.94268798828125,269.45001220703125,271.0,266.9100036621094,267.9800109863281,6773100
2020-04-30,243.79779052734375,267.1000061035156,268.5799865722656,265.2300109863281,268.0799865722656,7386600
2020-05-01,237.1529083251953,259.82000732421875,262.8500061035156,258.739990234375,262.1400146484375,4790700
2020-05-04,237.9012908935547,260.6400146484375,260.8999938964844,256.5299987792969,257.9200134277344,4128900
2020-05-05,240.09194946289062,263.0400085449219,265.80999755859375,262.6000061035156,263.45001220703125,4437200
2020-05-06,238.47628784179688,261.2699890136719,265.1099853515625,261.1400146484375,264.7099914550781,3021400
2020-05-07,241.29672241210938,264.3599853515625,266.29998779296875,263.8999938964844,264.45001220703125,3410200
2020-05-08,245.33120727539062,268.7799987792969,269.1400146484375,266.3800048828125,267.5299987792969,3201100
2020-05-11,245.36758422851562,268.82000732421875,270.20001220703125,266.42999267578125,266.7799987792969,3469300
2020-05-12,240.42962646484375,263.4100036621094,270.3999938964844,263.3299865722656,269.9800109863281,5159900
2020-05-13,236.16700744628906,258.739990234375,263.8999938964844,256.3599853515625,262.8699951171875,5617500
2020-05-14,239.01490783691406,261.8599853515625,262.0,253.97000122070312,256.3299865722656,7737600
2020-05-15,240.09194946289062,263.0400085449219,263.1099853515625,258.55999755859375,259.5400085449219,3385900
2020-05-18,247.4304656982422,271.0799865722656,272.70001220703125,269.05999755859375,269.32000732421875,6759200
2020-05-19,245.0939178466797,268.5199890136719,272.25,268.3399963378906,270.6099853515625,4921100
2020-05-20,249.09169006347656,272.8999938964844,273.7900085449219,271.69000244140625,271.9200134277344,4896200
2020-05-21,247.30271911621094,270.94000244140625,273.5899963378906,269.95001220703125,272.79998779296875,3581300
2020-05-22,247.85948181152344,271.54998779296875,271.7200012207031,269.5,270.760009765625,2296400
2020-05-26,251.0450897216797,275.0400085449219,277.739990234375,274.54998779296875,277.5299987792969,4911800
2020-05-27,254.70518493652344,279.04998779296875,279.04998779296875,272.8599853515625,277.7799987792969,5152400
2020-05-28,254.2031707763672,278.5,282.0400085449219,277.80999755859375,280.0299987792969,4630600
2020-05-29,255.34410095214844,279.75,280.3500061035156,275.3599853515625,278.0299987792969,7049300
2020-06-01,256.45770263671875,280.9700012207031,281.489990234375,278.57000732421875,279.07000732421875,3888200
2020-06-02,258.5661926269531,283.2799987792969,283.2799987792969,280.4599914550781,281.7900085449219,4343900
2020-06-03,261.9798583984375,287.0199890136719,287.92999267578125,284.92999267578125,285.20001220703125,5568100
2020-06-04,261.31353759765625,286.2900085449219,287.75,284.20001220703125,286.0,3818600
2020-06-05,267.9949645996094,293.6099853515625,295.3800048828125,291.6099853515625,291.6300048828125,6015500
2020-06-08,271.24432373046875,297.1700134277344,297.32000732421875,293.8800048828125,294.42999267578125,5559700
2020-06-09,269.31854248046875,295.05999755859375,296.3900146484375,293.6300048828125,294.489990234375,4686400
2020-06-10,267.638916015625,293.2200012207031,296.3900146484375,292.5899963378906,295.5299987792969,5602600
2020-06-11,252.21334838867188,276.32000732421875,286.9200134277344,275.79998779296875,286.3599853515625,7748200
2020-06-12,255.25282287597656,279.6499938964844,284.1499938964844,274.5,283.3500061035156,6232200
2020-06-15,257.5804748535156,282.20001220703125,283.3500061035156,272.7699890136719,273.9100036621094,4431400
2020-06-16,262.6187744140625,287.7200012207031,290.20001220703125,282.8299865722656,290.04998779296875,5295000
2020-06-17,261.4139709472656,286.3999938964844,289.0199890136719,285.8800048828125,288.7300109863281,2662800
2020-06-18,261.6512756347656,286.6600036621094,287.1199951171875,284.54998779296875,284.9700012207031,2756300
2020-06-19,260.1087646484375,284.9700012207031,290.2699890136719,283.6700134277344,290.0400085449219,3479500
2020-06-22,261.83380126953125,286.8599853515625,287.19000244140625,283.260009765625,284.3500061035156,2518000
2020-06-23,263.0204162597656,288.1600036621094,290.42999267578125,287.760009765625,289.510009765625,2503600
2020-06-24,256.2933654785156,280.7900085449219,286.70001220703125,278.9700012207031,286.0799865722656,4532300
2020-06-25,259.0042724609375,283.760009765625,284.1000061035156,278.2200012207031,280.260009765625,3897400
2020-06-26,252.93443298339844,277.1099853515625,282.9200134277344,276.5199890136719,282.7200012207031,4479000
2020-06-29,256.6256103515625,279.70001220703125,279.7200012207031,274.7200012207031,276.8900146484375,3464600
2020-06-30,260.0478515625,283.42999267578125,284.95001220703125,279.1499938964844,279.2900085449219,5215700
2020-07-01,261.82781982421875,285.3699951171875,286.510009765625,283.95001220703125,284.3699951171875,3712600
2020-07-02,263.14898681640625,286.80999755859375,290.04998779296875,286.17999267578125,288.760009765625,3661100
2020-07-06,267.23187255859375,291.260009765625,291.5799865722656,289.8999938964844,290.6700134277344,3573800
2020-07-07,264.4610290527344,288.239990234375,291.67999267578125,287.8900146484375,289.6700134277344,3420300
2020-07-08,266.4244689941406,290.3800048828125,290.54998779296875,287.2900085449219,289.0,2434200
2020-07-09,265.06658935546875,288.8999938964844,291.29998779296875,285.4100036621094,291.0199890136719,3164600
2020-07-10,267.72735595703125,291.79998779296875,292.010009765625,287.3399963378906,288.7200012207031,2712400
2020-07-13,265.30517578125,289.1600036621094,296.45001220703125,288.6099853515625,294.1000061035156,3657900
2020-07-14,268.8558349609375,293.0299987792969,293.32000732421875,286.6300048828125,287.7900085449219,4053100
2020-07-15,271.24139404296875,295.6300048828125,296.75,293.3500061035156,296.19000244140625,6601400
2020-07-16,270.4522705078125,294.7699890136719,295.1099853515625,293.1499938964844,293.79998779296875,3082900
2020-07-17,271.16802978515625,295.54998779296875,296.3500061035156,293.75,295.7200012207031,2246000
2020-07-20,273.425048828125,298.010009765625,298.67999267578125,294.6000061035156,295.3299865722656,2539900
2020-07-21,273.993896484375,298.6300048828125,300.3500061035156,297.6600036621094,299.8599853515625,3305500
2020-07-22,275.5535888671875,300.3299865722656,300.55999755859375,298.1099853515625,298.2200012207031,4121100
2020-07-23,272.2598571777344,296.739990234375,300.6199951171875,295.3800048828125,299.92999267578125,3487100
2020-07-24,270.4981994628906,294.82000732421875,295.80999755859375,293.29998779296875,294.8599853515625,2851000
2020-07-27,272.4709167480469,296.9700012207031,297.1199951171875,294.739990234375,295.4800109863281,2253300
2020-07-28,270.7825622558594,295.1300048828125,297.3299865722656,294.7900085449219,296.17999267578125,3135600
2020-07-29,274.0581359863281,298.70001220703125,299.260009765625,295.8999938964844,296.0,2370800
2020-07-30,273.0580139160156,297.6099853515625,298.05999755859375,293.6700134277344,295.739990234375,2951700
2020-07-31,275.3426513671875,300.1000061035156,300.1000061035156,295.239990234375,299.45001220703125,4460300
2020-08-03,277.07672119140625,301.989990234375,302.82000732421875,301.1300048828125,301.6499938964844,3767700
2020-08-04,278.2419738769531,303.260009765625,303.260009765625,301.2200012207031,301.2200012207031,2129200
2020-08-05,279.9759826660156,305.1499938964844,305.3999938964844,304.30999755859375,304.6099853515625,2615100
2020-08-06,281.85687255859375,307.20001220703125,307.2900085449219,304.25,304.5799865722656,4088200
2020-08-07,282.0036315917969,307.3599853515625,307.6000061035156,305.32000732421875,306.2300109863281,3319600
2020-08-10,282.90283203125,308.3399963378906,308.5,305.9200134277344,307.8800048828125,2118200
2020-08-11,280.6183166503906,305.8500061035156,310.1199951171875,305.07000732421875,309.5199890136719,3571200
2020-08-12,284.462646484375,310.0400085449219,310.80999755859375,308.20001220703125,308.25,2947400
2020-08-13,283.97637939453125,309.510009765625,310.7799987792969,308.55999755859375,309.29998779296875,4074200
2020-08-14,283.97637939453125,309.510009765625,310.0199890136719,308.3399963378906,309.1499938964844,2097600
2020-08-17,284.8938903808594,310.510009765625,310.8699951171875,310.0899963378906,310.44000244140625,2183400
2020-08-18,285.4902038574219,311.1600036621094,311.54998779296875,309.2799987792969,310.92999267578125,2415800
2020-08-19,284.2790222167969,309.8399963378906,312.2799987792969,309.30999755859375,311.54998779296875,2498300
2020-08-20,285.1781311035156,310.82000732421875,311.2699890136719,308.0199890136719,308.1099853515625,2409300
2020-08-21,286.1966857910156,311.92999267578125,312.1000061035156,310.1700134277344,310.4800109863281,2316200
2020-08-24,289.10516357421875,315.1000061035156,315.1700134277344,313.3699951171875,314.3599853515625,2349600
2020-08-25,290.11444091796875,316.20001220703125,316.260009765625,314.5,315.69000244140625,2890800
2020-08-26,293.0779113769531,319.42999267578125,319.6300048828125,316.25,316.75,2606000
2020-08-27,293.66510009765625,320.07000732421875,321.5,318.4700012207031,320.2200012207031,2295900
2020-08-28,295.57354736328125,322.1499938964844,322.2799987792969,319.95001220703125,321.1400146484375,3538700
2020-08-31,294.5368347167969,321.0199890136719,322.8299865722656,320.79998779296875,321.9800109863281,5068000
2020-09-01,297.289306640625,324.0199890136719,324.1000061035156,320.94000244140625,321.80999755859375,3008000
2020-09-02,301.6198425292969,328.739990234375,329.6700134277344,324.7799987792969,325.94000244140625,5273100
2020-09-03,291.17864990234375,317.3599853515625,327.510009765625,314.80999755859375,327.010009765625,6892000
2020-09-04,288.8482971191406,314.82000732421875,319.6000061035156,306.8999938964844,317.7699890136719,5133900
2020-09-08,280.911865234375,306.1700134277344,310.5899963378906,305.8500061035156,309.3500061035156,4278300
2020-09-09,286.45355224609375,312.2099914550781,314.6600036621094,309.2900085449219,310.1499938964844,3339800
2020-09-10,281.4440002441406,306.75,314.7099914550781,305.82000732421875,314.04998779296875,3589000
2020-09-11,281.6549987792969,306.9800109863281,309.5899963378906,304.1700134277344,308.54998779296875,3690100
2020-09-14,285.31585693359375,310.9700012207031,312.75,309.6099853515625,310.0799865722656,3056100
2020-09-15,286.7838439941406,312.57000732421875,314.260009765625,311.5199890136719,313.4700012207031,2570900
2020-09-16,285.6278076171875,311.30999755859375,315.17999267578125,311.0400085449219,313.80999755859375,2313400
2020-09-17,283.1322021484375,308.5899963378906,310.2699890136719,305.9599914550781,306.4800109863281,2848300
2020-09-18,279.8384704589844,305.0,309.4800109863281,302.54998779296875,309.44000244140625,3420800
2020-09-21,276.8013916015625,301.69000244140625,301.75,296.8299865722656,300.4700012207031,4536800
2020-09-22,279.5998229980469,304.739990234375,305.239990234375,300.6700134277344,303.1099853515625,2741500
2020-09-23,273.1222839355469,297.67999267578125,305.54998779296875,297.1700134277344,305.2799987792969,2755800
2020-09-24,273.8745422363281,298.5,301.4599914550781,295.0400085449219,296.30999755859375,3130700
2020-09-25,278.26025390625,303.2799987792969,304.0400085449219,296.7200012207031,297.5799865722656,2683800
2020-09-28,282.92108154296875,308.3599853515625,309.0199890136719,306.42999267578125,307.4200134277344,2437900
2020-09-29,281.30780029296875,305.29998779296875,307.510009765625,304.6499938964844,306.8399963378906,2303900
2020-09-30,283.47308349609375,307.6499938964844,310.75,305.8500061035156,306.0400085449219,4304500
2020-10-01,285.2698974609375,309.6000061035156,311.1099853515625,307.760009765625,310.1600036621094,3005700
2020-10-02,282.6161804199219,306.7200012207031,308.5799865722656,304.2099914550781,304.7200012207031,3125100
2020-10-05,287.5549621582031,312.0799865722656,312.2900085449219,308.69000244140625,308.69000244140625,2364500
2020-10-06,283.53759765625,307.7200012207031,314.32000732421875,307.17999267578125,312.25,3389800
2020-10-07,288.4026794433594,313.0,313.80999755859375,310.6000061035156,310.6099853515625,1707800
2020-10-08,290.9549255371094,315.7699890136719,315.8500061035156,314.04998779296875,314.9599914550781,1731700
2020-10-09,293.5440979003906,318.5799865722656,319.1000061035156,316.8500061035156,317.4700012207031,2794100
2020-10-12,298.2801818847656,323.7200012207031,325.2200012207031,320.6600036621094,321.1400146484375,2194300
2020-10-13,296.3728942871094,321.6499938964844,323.7300109863281,320.7099914550781,323.6400146484375,2229700
2020-10-14,294.5209045410156,319.6400146484375,323.29998779296875,318.92999267578125,322.2200012207031,1902100
2020-10-15,294.1706848144531,319.260009765625,319.70001220703125,315.2300109863281,315.7099914550781,2481700
2020-10-16,293.92193603515625,318.989990234375,322.2099914550781,318.8999938964844,320.6499938964844,1669600
2020-10-19,289.4808044433594,314.1700134277344,320.8900146484375,313.3299865722656,320.29998779296875,2229600
2020-10-20,290.6232604980469,315.4100036621094,318.6700134277344,314.7799987792969,315.4800109863281,3066600
2020-10-21,290.0980224609375,314.8399963378906,317.5199890136719,314.5899963378906,315.4100036621094,2607700
2020-10-22,291.69219970703125,316.57000732421875,317.1600036621094,312.989990234375,315.05999755859375,2362400
2020-10-23,292.68731689453125,317.6499938964844,317.8399963378906,315.239990234375,317.8399963378906,1429300
2020-10-26,287.2969970703125,311.79998779296875,315.0799865722656,308.3599853515625,314.30999755859375,3335800
2020-10-27,286.34796142578125,310.7699890136719,312.4700012207031,310.55999755859375,312.17999267578125,2196100
2020-10-28,276.48883056640625,300.07000732421875,305.739990234375,299.6199951171875,305.1300048828125,5650500
2020-10-29,279.40045166015625,303.2300109863281,306.25,298.69000244140625,300.32000732421875,5365200
2020-10-30,276.2584228515625,299.82000732421875,302.8599853515625,296.3699951171875,301.55999755859375,5892100
2020-11-02,279.4741516113281,303.30999755859375,305.30999755859375,300.6300048828125,303.3699951171875,4080400
2020-11-03,284.4037170410156,308.6600036621094,310.739990234375,306.0899963378906,306.57000732421875,3378300
2020-11-04,290.80755615234375,315.6099853515625,319.6499938964844,312.0,313.19000244140625,5750200
2020-11-05,296.5019226074219,321.7900085449219,323.54998779296875,320.5199890136719,320.94000244140625,3950300
2020-11-06,296.4650573730469,321.75,322.9200134277344,319.42999267578125,321.44000244140625,3640600
2020-11-09,300.15997314453125,325.760009765625,335.20001220703125,325.2799987792969,334.3599853515625,8097300
2020-11-10,299.7729187011719,325.3399963378906,326.29998779296875,322.05999755859375,324.7699890136719,4120800
2020-11-11,301.8829650878906,327.6300048828125,328.5,326.1700134277344,327.4200134277344,2773500
2020-11-12,299.0910949707031,324.6000061035156,327.44000244140625,322.7300109863281,326.739990234375,2532700
2020-11-13,303.1545104980469,329.010009765625,329.7300109863281,325.8900146484375,326.45001220703125,1996100
2020-11-16,306.83099365234375,333.0,333.1199951171875,330.4100036621094,331.6499938964844,3018800
2020-11-17,305.3013916015625,331.3399963378906,332.5,329.25,330.7300109863281,3052100
2020-11-18,301.59735107421875,327.32000732421875,332.1400146484375,327.2900085449219,331.6300048828125,2647800
2020-11-19,302.8596496582031,328.69000244140625,329.0899963378906,325.4100036621094,326.760009765625,2962200
2020-11-20,300.83251953125,326.489990234375,328.6600036621094,326.3999938964844,328.4100036621094,3516800
2020-11-23,302.61090087890625,328.4200134277344,329.6000061035156,326.05999755859375,328.2799987792969,2222600
2020-11-24,307.51275634765625,333.739990234375,334.25,330.1000061035156,331.0199890136719,2659700
2020-11-25,307.00604248046875,333.19000244140625,333.6700134277344,332.1499938964844,333.6700134277344,2256900
2020-11-27,307.88134765625,334.1400146484375,334.6099853515625,333.17999267578125,334.2900085449219,984700
2020-11-30,306.499267578125,332.6400146484375,333.6300048828125,330.0400085449219,333.3999938964844,4175700
2020-12-01,309.87164306640625,336.29998779296875,337.79998779296875,335.32000732421875,335.9200134277344,3224200
2020-12-02,310.5259094238281,337.010009765625,337.1099853515625,334.6499938964844,335.2200012207031,2270300
2020-12-03,310.4336853027344,336.9100036621094,338.29998779296875,335.8800048828125,336.9100036621094,2851100
2020-12-04,313.105712890625,339.80999755859375,339.8399963378906,337.45001220703125,337.5,2907000
2020-12-07,312.5252990722656,339.17999267578125,339.6300048828125,337.9100036621094,339.07000732421875,1943100
2020-12-08,313.4283142089844,340.1600036621094,340.70001220703125,337.8500061035156,337.8900146484375,1948200
2020-12-09,310.6455993652344,337.1400146484375,340.92999267578125,336.260009765625,340.7900085449219,2545800
2020-12-10,310.4981689453125,336.9800109863281,338.0,334.8399963378906,335.739990234375,2738600
2020-12-11,310.1020202636719,336.54998779296875,336.79998779296875,333.7699890136719,335.30999755859375,2387900
2020-12-14,308.68304443359375,335.010009765625,339.7900085449219,334.8900146484375,338.760009765625,2654600
2020-12-15,312.94921875,339.6400146484375,339.6400146484375,336.239990234375,337.6400146484375,2757400
2020-12-16,313.4283142089844,340.1600036621094,341.0400085449219,338.9599914550781,339.8299865722656,2943200
2020-12-17,315.13287353515625,342.010009765625,342.25,340.9599914550781,341.7699890136719,2627000
2020-12-18,313.87054443359375,340.6400146484375,342.5,338.70001220703125,342.3900146484375,6025700
2020-12-21,312.9030456542969,339.5899963378906,340.3800048828125,334.1099853515625,336.8299865722656,3918100
2020-12-22,312.2860412597656,337.5400085449219,338.54998779296875,336.4700012207031,338.4700012207031,2371900
2020-12-23,312.5357971191406,337.80999755859375,339.75,337.69000244140625,338.5400085449219,3682200
2020-12-24,313.7848205566406,339.1600036621094,339.17999267578125,337.7699890136719,338.3699951171875,1447500
2020-12-28,316.5140380859375,342.1099853515625,342.4599914550781,341.0899963378906,341.739990234375,2798800
2020-12-29,315.84796142578125,341.3900146484375,343.7699890136719,340.8699951171875,343.6300048828125,2555500
2020-12-30,316.27349853515625,341.8500061035156,342.9100036621094,341.57000732421875,342.2799987792969,2009100
2020-12-31,317.9758605957031,343.69000244140625,344.3699951171875,341.2300109863281,341.82000732421875,3507000
2021-01-04,313.6645202636719,339.0299987792969,345.0899963378906,335.3699951171875,345.0199890136719,5402600
2021-01-05,315.7276916503906,341.260009765625,342.3900146484375,338.3900146484375,338.3999938964844,3299700
2021-01-06,317.6427917480469,343.3299865722656,346.5,339.29998779296875,339.7900085449219,4805000
2021-01-07,322.38897705078125,348.4599914550781,349.20001220703125,345.5400085449219,345.739990234375,3638900
2021-01-08,324.2023010253906,350.4200134277344,350.6199951171875,346.6400146484375,349.8800048828125,3758500
2021-01-11,322.0836181640625,348.1300048828125,349.82000732421875,347.20001220703125,347.3599853515625,2975000
2021-01-12,322.1114196777344,348.1600036621094,349.1499938964844,345.9700012207031,348.29998779296875,2298400
2021-01-13,322.9163513183594,349.0299987792969,350.05999755859375,347.32000732421875,348.1099853515625,3039900
2021-01-14,321.8245849609375,347.8500061035156,350.32000732421875,347.54998779296875,349.8500061035156,3497400
2021-01-15,319.5301513671875,345.3699951171875,347.05999755859375,343.5299987792969,346.2699890136719,3622100
2021-01-19,322.0560302734375,348.1000061035156,348.5899963378906,346.3599853515625,347.79998779296875,3433800
2021-01-20,326.43194580078125,352.8299865722656,353.7099914550781,349.9700012207031,350.32000732421875,2920600
2021-01-21,326.7373046875,353.1600036621094,353.8399963378906,352.29998779296875,353.4599914550781,2580800
2021-01-22,325.5716247558594,351.8999938964844,353.0400085449219,350.989990234375,351.3800048828125,1812200
2021-01-25,326.8946533203125,353.3299865722656,353.67999267578125,347.9700012207031,352.7099914550781,3549000
2021-01-26,326.404296875,352.79998779296875,354.6499938964844,352.6000061035156,354.2300109863281,2430200
2021-01-27,318.484619140625,344.239990234375,349.55999755859375,341.989990234375,349.5400085449219,5010400
2021-01-28,321.1584777832031,347.1300048828125,351.07000732421875,345.5799865722656,345.9700012207031,3432200
2021-01-29,314.72845458984375,340.17999267578125,346.2200012207031,338.57000732421875,345.30999755859375,5803600
2021-02-01,319.90020751953125,345.7699890136719,346.8500061035156,341.3999938964844,343.6300048828125,3334000
2021-02-02,324.4983215332031,350.739990234375,352.3399963378906,349.0,349.04998779296875,2955200
2021-02-03,324.82220458984375,351.0899963378906,352.79998779296875,349.8800048828125,351.70001220703125,3392800
2021-02-04,328.4581298828125,355.0199890136719,355.0400085449219,351.9200134277344,352.1199951171875,1988300
2021-02-05,329.77197265625,356.44000244140625,357.1300048828125,355.32000732421875,356.8999938964844,2091800
2021-02-08,332.2052001953125,359.07000732421875,359.07000732421875,357.05999755859375,357.9200134277344,3371100
2021-02-09,331.9369201660156,358.7799987792969,359.3299865722656,357.7699890136719,358.2200012207031,1891200
2021-02-10,331.80731201171875,358.6400146484375,360.6099853515625,356.29998779296875,360.5299987792969,2400000
2021-02-11,332.3439025878906,359.2200012207031,360.1000061035156,356.8399963378906,359.7099914550781,2237200
2021-02-12,334.0370178222656,361.04998779296875,361.19000244140625,358.3599853515625,358.45001220703125,2144500
2021-02-16,333.7224426269531,360.7099914550781,362.3699951171875,359.9800109863281,362.1499938964844,4408500
2021-02-17,333.7964782714844,360.7900085449219,360.9700012207031,357.9200134277344,359.0299987792969,3211800
2021-02-18,332.3716735839844,359.25,359.92999267578125,356.489990234375,358.239990234375,3010500
2021-02-19,331.76104736328125,358.5899963378906,360.7099914550781,358.1400146484375,360.4700012207031,2487100
2021-02-22,329.152099609375,355.7699890136719,358.19000244140625,355.55999755859375,355.8399963378906,3291000
2021-02-23,329.5683898925781,356.2200012207031,357.55999755859375,349.5299987792969,353.69000244140625,5251100
2021-02-24,333.2135925292969,360.1600036621094,360.5799865722656,354.20001220703125,355.1499938964844,3301200
2021-02-25,325.2200012207031,351.5199890136719,360.2699890136719,350.0799865722656,359.0299987792969,7049200
2021-02-26,323.4344787597656,349.5899963378906,354.4700012207031,347.7099914550781,353.4700012207031,7579500
2021-03-01,331.32623291015625,358.1199951171875,359.3900146484375,354.5,354.54998779296875,3721100
2021-03-02,328.7635192871094,355.3500061035156,358.6300048828125,355.1600036621094,358.3800048828125,5462600
2021-03-03,324.42437744140625,350.6600036621094,355.6400146484375,350.55999755859375,354.70001220703125,6317600
2021-03-04,320.4275817871094,346.3399963378906,353.0199890136719,341.9200134277344,350.489990234375,6604500
2021-03-05,326.302490234375,352.69000244140625,353.7300109863281,342.5899963378906,349.7699890136719,8721300
2021-03-08,324.7019348144531,350.9599914550781,356.3999938964844,350.6600036621094,353.6300048828125,5663500
2021-03-09,329.2445983886719,355.8699951171875,358.4599914550781,354.2300109863281,354.75,6075100
2021-03-10,331.27996826171875,358.07000732421875,359.8399963378906,356.8800048828125,358.29998779296875,7231400
2021-03-11,334.7771911621094,361.8500061035156,363.760009765625,360.1600036621094,360.6600036621094,3340700
2021-03-12,335.2489929199219,362.3599853515625,362.45001220703125,359.6700134277344,360.5,4847300
2021-03-15,337.19189453125,364.4599914550781,364.75,360.45001220703125,362.6700134277344,3154800
2021-03-16,336.8125,364.04998779296875,365.7799987792969,363.25,365.1199951171875,3698400
2021-03-17,337.9134826660156,365.239990234375,366.04998779296875,361.6199951171875,362.8299865722656,5011600
2021-03-18,332.94537353515625,359.8699951171875,364.760009765625,359.2799987792969,362.7300109863281,5067500
2021-03-19,332.3532409667969,359.2300109863281,361.1700134277344,357.1400146484375,359.6499938964844,5382800
2021-03-22,334.9806823730469,362.07000732421875,363.5,359.760009765625,359.7900085449219,3417600
2021-03-23,332.51971435546875,359.4100036621094,362.94000244140625,358.510009765625,361.5299987792969,4954600
2021-03-24,330.6786193847656,357.4200134277344,362.2699890136719,357.4200134277344,360.7099914550781,4099000
2021-03-25,332.53826904296875,359.42999267578125,360.239990234375,354.1400146484375,356.0799865722656,5487300
2021-03-26,337.96307373046875,364.010009765625,364.3699951171875,358.75,359.3699951171875,3322600
2021-03-29,337.75885009765625,363.7900085449219,364.67999267578125,361.1099853515625,362.57000732421875,3143300
2021-03-30,336.8954162597656,362.8599853515625,363.4700012207031,361.2699890136719,362.55999755859375,3696200
2021-03-31,338.232421875,364.29998779296875,365.82000732421875,363.3900146484375,363.3900146484375,7470300
2021-04-01,341.8161926269531,368.1600036621094,368.2900085449219,366.0299987792969,366.20001220703125,5132000
2021-04-05,346.7461853027344,373.4700012207031,374.07000732421875,370.80999755859375,370.8900146484375,3764100
2021-04-06,346.55120849609375,373.260009765625,374.3299865722656,372.6700134277344,373.0400085449219,3583500
2021-04-07,346.9875793457031,373.7300109863281,374.0799865722656,372.7200012207031,373.1400146484375,2768900
2021-04-08,348.6773376464844,375.54998779296875,375.55999755859375,374.05999755859375,374.9700012207031,3949400
2021-04-09,351.1842041015625,378.25,378.3999938964844,375.3299865722656,375.4200134277344,2627500
2021-04-12,351.342041015625,378.4200134277344,378.6499938964844,377.0799865722656,377.70001220703125,2747500
2021-04-13,352.2983703613281,379.45001220703125,380.1199951171875,377.9200134277344,378.3699951171875,2985500
2021-04-14,351.16558837890625,378.2300109863281,380.510009765625,377.70001220703125,379.4599914550781,3691100
2021-04-15,354.93511962890625,382.2900085449219,382.5400085449219,380.2799987792969,380.3299865722656,3573800
2021-04-16,356.1792297363281,383.6300048828125,384.1499938964844,382.19000244140625,383.55999755859375,3252500
2021-04-19,354.4244079589844,381.739990234375,383.0899963378906,380.3699951171875,382.6199951171875,3945700
2021-04-20,351.8248291015625,378.94000244140625,381.1600036621094,377.4700012207031,380.489990234375,4106700
2021-04-21,355.1300048828125,382.5,382.6700134277344,378.1400146484375,378.2799987792969,3640100
2021-04-22,351.8712158203125,378.989990234375,383.1199951171875,377.9599914550781,382.32000732421875,3965000
2021-04-23,355.6221923828125,383.0299987792969,384.4599914550781,379.4599914550781,379.57000732421875,3781100
2021-04-26,356.3927307128906,383.8599853515625,384.45001220703125,383.32000732421875,383.7300109863281,3125200
2021-04-27,356.28131103515625,383.739990234375,384.3800048828125,382.7200012207031,384.20001220703125,3370600
2021-04-28,356.1141662597656,383.55999755859375,385.1700134277344,383.239990234375,384.1000061035156,3960400
2021-04-29,358.4909973144531,386.1199951171875,386.739990234375,382.80999755859375,386.3999938964844,4209900
2021-04-30,356.1234436035156,383.57000732421875,384.760009765625,382.7300109863281,383.9100036621094,5219200
2021-05-03,356.9312438964844,384.44000244140625,385.94000244140625,383.9599914550781,385.55999755859375,4180800
2021-05-04,354.7586364746094,382.1000061035156,382.9599914550781,378.45001220703125,382.5199890136719,5485600
2021-05-05,354.82366943359375,382.1700134277344,383.9100036621094,381.44000244140625,383.7200012207031,4410700
2021-05-06,357.711181640625,385.2799987792969,385.3699951171875,380.2699890136719,382.260009765625,4737300
2021-05-07,360.26434326171875,388.0299987792969,388.67999267578125,385.3299865722656,386.0199890136719,3516600
2021-05-10,356.7362365722656,384.2300109863281,388.6600036621094,384.0899963378906,388.4100036621094,5942700
2021-05-11,353.6074523925781,380.8599853515625,381.739990234375,376.95001220703125,379.75,7081500
2021-05-12,346.0591735839844,372.7300109863281,379.2699890136719,372.1300048828125,378.0400085449219,7707400
2021-05-13,350.172119140625,377.1600036621094,379.04998779296875,374.1700134277344,374.2099914550781,7179100
2021-05-14,355.5478515625,382.95001220703125,383.7900085449219,379.80999755859375,379.80999755859375,5167900
2021-05-17,354.6937255859375,382.0299987792969,382.75,380.0,381.8999938964844,3781600
2021-05-18,351.6299133300781,378.7300109863281,382.4700012207031,378.5400085449219,382.25,3128300
2021-05-19,350.7013854980469,377.7300109863281,377.8399963378906,372.6199951171875,374.05999755859375,5086300
2021-05-20,354.4430236816406,381.760009765625,382.989990234375,378.45001220703125,378.57000732421875,4776700
2021-05-21,354.1737060546875,381.4700012207031,384.45001220703125,381.010009765625,383.2300109863281,3567500
2021-05-24,357.748291015625,385.32000732421875,386.3999938964844,383.44000244140625,383.69000244140625,2962500
2021-05-25,356.99627685546875,384.510009765625,386.760009765625,383.94000244140625,386.3999938964844,4031800
2021-05-26,357.6461181640625,385.2099914550781,385.75,384.07000732421875,385.0899963378906,2642700
2021-05-27,357.8040466308594,385.3800048828125,386.7799987792969,385.32000732421875,386.2799987792969,3015900
2021-05-28,358.5003662109375,386.1300048828125,387.2699890136719,385.94000244140625,387.0299987792969,3370100
2021-06-01,358.2217712402344,385.8299865722656,388.6199951171875,385.3800048828125,388.5,4389000
2021-06-02,358.8253173828125,386.4800109863281,387.239990234375,385.4700012207031,386.45001220703125,3209200
2021-06-03,357.4604797363281,385.010009765625,386.1099853515625,382.70001220703125,384.1700134277344,3391000
2021-06-04,360.7007751464844,388.5,388.79998779296875,386.760009765625,386.80999755859375,2628100
2021-06-07,360.3943176269531,388.1700134277344,388.69000244140625,387.25,388.5199890136719,2500600
2021-06-08,360.4500732421875,388.2300109863281,389.0799865722656,386.44000244140625,389.0,2386600
2021-06-09,359.8836364746094,387.6199951171875,389.1300048828125,387.4100036621094,389.0799865722656,2968100
2021-06-10,361.5455627441406,389.4100036621094,390.3599853515625,387.5799865722656,388.8599853515625,2611800
2021-06-11,362.1770324707031,390.0899963378906,390.20001220703125,388.7300109863281,390.0,2241500
2021-06-14,363.08685302734375,391.07000732421875,391.07000732421875,389.0,390.2099914550781,2252200
2021-06-15,362.3254699707031,390.25,391.20001220703125,389.4100036621094,391.1499938964844,2405000
2021-06-16,360.338623046875,388.1099853515625,390.5799865722656,386.0199890136719,390.4200134277344,4194300
2021-06-17,360.20867919921875,387.9700012207031,388.9100036621094,385.5,387.6199951171875,4065300
2021-06-18,355.42718505859375,382.82000732421875,385.3800048828125,382.5199890136719,384.7900085449219,5211100
2021-06-21,360.403564453125,388.17999267578125,388.3800048828125,383.6499938964844,384.5,4389800
2021-06-22,362.31622314453125,390.239990234375,391.0899963378906,387.4700012207031,388.239990234375,2705400
2021-06-23,361.92633056640625,389.82000732421875,391.1400146484375,389.70001220703125,390.3500061035156,2404200
2021-06-24,363.9967041015625,392.04998779296875,392.5199890136719,391.6700134277344,391.8900146484375,2987800
2021-06-25,365.3429260253906,393.5,393.9200134277344,392.5400085449219,392.8999938964844,2862800
2021-06-28,366.1042785644531,394.32000732421875,394.45001220703125,392.8299865722656,394.0299987792969,2418500
2021-06-29,366.26544189453125,393.1600036621094,393.94000244140625,392.6600036621094,393.3500061035156,2927600
2021-06-30,366.600830078125,393.5199890136719,394.1300048828125,392.7200012207031,392.7200012207031,3795900
2021-07-01,368.6689453125,395.739990234375,395.8500061035156,394.2099914550781,394.29998779296875,3414500
2021-07-02,371.4730224609375,398.75,399.04998779296875,396.5299987792969,396.8500061035156,4363100
2021-07-06,370.77423095703125,398.0,398.989990234375,395.29998779296875,398.7699890136719,4331300
2021-07-07,372.0506286621094,399.3699951171875,399.6600036621094,396.67999267578125,398.6700134277344,4747800
2021-07-08,369.0881652832031,396.19000244140625,396.8800048828125,393.0199890136719,394.20001220703125,5817100
2021-07-09,372.982177734375,400.3699951171875,400.6499938964844,397.4200134277344,397.6300048828125,3332200
2021-07-12,374.3329772949219,401.82000732421875,402.0299987792969,399.8699951171875,400.29998779296875,2929200
2021-07-13,373.06610107421875,400.4599914550781,402.5,400.17999267578125,401.0799865722656,4313100
2021-07-14,373.5784606933594,401.010009765625,402.57000732421875,399.82000732421875,402.05999755859375,3332200
2021-07-15,372.3767395019531,399.7200012207031,400.3800048828125,397.80999755859375,399.739990234375,4483900
2021-07-16,369.4793701171875,396.6099853515625,400.8800048828125,396.1400146484375,400.8399963378906,4516600
2021-07-19,363.9549865722656,390.67999267578125,392.260009765625,387.92999267578125,391.7799987792969,12336200
2021-07-20,369.09747314453125,396.20001220703125,397.5,390.010009765625,391.3500061035156,4043100
2021-07-21,372.1996765136719,399.5299987792969,399.6199951171875,397.2699890136719,397.4800109863281,2996600
2021-07-22,372.9915771484375,400.3800048828125,400.55999755859375,398.70001220703125,399.7099914550781,2575700
2021-07-23,376.7179260253906,404.3800048828125,404.75,401.5799865722656,402.1700134277344,3151900
2021-07-26,377.677490234375,405.4100036621094,405.4200134277344,403.82000732421875,403.9200134277344,2374300
2021-07-27,376.0006103515625,403.6099853515625,404.45001220703125,400.79998779296875,404.45001220703125,3626100
2021-07-28,375.795654296875,403.3900146484375,404.760009765625,402.0400085449219,404.1700134277344,3763700
2021-07-29,377.4165954589844,405.1300048828125,406.1300048828125,404.3500061035156,404.3599853515625,2274200
2021-07-30,375.5720520019531,403.1499938964844,404.5299987792969,402.4700012207031,402.5899963378906,5204500
2021-08-02,374.8081359863281,402.3299865722656,405.3599853515625,401.94000244140625,404.7799987792969,5814700
2021-08-03,377.8358154296875,405.5799865722656,405.6600036621094,400.9200134277344,403.0799865722656,4129600
2021-08-04,376.028564453125,403.6400146484375,404.8599853515625,403.3399963378906,404.30999755859375,3880200
2021-08-05,378.37615966796875,406.1600036621094,406.19000244140625,404.3800048828125,404.70001220703125,3052800
2021-08-06,379.0282897949219,406.8599853515625,407.17999267578125,406.1700134277344,406.44000244140625,2486900
2021-08-09,378.6649475097656,406.4700012207031,407.04998779296875,405.69000244140625,406.75,1984400
2021-08-10,379.1401062011719,406.9800109863281,407.6700134277344,406.2300109863281,406.9100036621094,2400700
2021-08-11,380.0531005859375,407.9599914550781,408.07000732421875,406.9100036621094,408.0,3554400
2021-08-12,381.16156005859375,409.1499938964844,409.3299865722656,406.9700012207031,407.82000732421875,2319300
2021-08-13,381.916259765625,409.9599914550781,409.9599914550781,409.17999267578125,409.6400146484375,2253800
2021-08-16,382.82916259765625,410.94000244140625,411.010009765625,407.1499938964844,408.7099914550781,3379100
2021-08-17,380.3045654296875,408.2300109863281,409.04998779296875,405.30999755859375,408.4100036621094,5186300
2021-08-18,376.2148742675781,403.8399963378906,408.75,403.5400085449219,407.2200012207031,4878300
2021-08-19,376.7458801269531,404.4100036621094,405.54998779296875,400.92999267578125,401.0899963378906,5505700
2021-08-20,379.7268981933594,407.6099853515625,407.9200134277344,404.260009765625,404.67999267578125,3263600
2021-08-23,383.09002685546875,411.2200012207031,412.0799865722656,409.2300109863281,409.25,3259400
2021-08-24,383.6955261230469,411.8699951171875,412.3599853515625,411.3500061035156,411.8999938964844,3006500
2021-08-25,384.403564453125,412.6300048828125,413.2099914550781,411.6700134277344,412.05999755859375,3261400
2021-08-26,382.15850830078125,410.2200012207031,412.6600036621094,410.20001220703125,412.4100036621094,4707600
2021-08-27,385.5494384765625,413.8599853515625,414.3299865722656,411.0199890136719,411.0899963378906,3882200
2021-08-30,387.3194580078125,415.760009765625,416.55999755859375,414.3900146484375,414.6600036621094,2811800
2021-08-31,386.6580505371094,415.04998779296875,416.0199890136719,414.5799865722656,415.6600036621094,6062900
2021-09-01,387.06787109375,415.489990234375,416.5899963378906,415.1600036621094,416.04998779296875,3256400
2021-09-02,388.2230529785156,416.7300109863281,417.44000244140625,415.5,416.79998779296875,2835500
2021-09-03,388.0740051269531,416.57000732421875,417.05999755859375,415.1600036621094,415.5799865722656,3740000
2021-09-07,386.639404296875,415.0299987792969,416.2900085449219,414.4200134277344,416.2699890136719,3542500
2021-09-08,386.2667541503906,414.6300048828125,415.260009765625,412.6700134277344,414.5299987792969,4012600
2021-09-09,384.53399658203125,412.7699890136719,416.07000732421875,412.57000732421875,414.3399963378906,3887800
2021-09-10,381.56219482421875,409.5799865722656,415.1000061035156,409.4200134277344,414.69000244140625,4035500
2021-09-13,382.45654296875,410.5400085449219,412.7099914550781,408.30999755859375,412.5199890136719,4738300
2021-09-14,380.4721984863281,408.4100036621094,412.17999267578125,407.489990234375,412.0199890136719,3657700
2021-09-15,383.6490173339844,411.82000732421875,412.260009765625,407.70001220703125,408.7900085449219,3891400
2021-09-16,382.9875183105469,411.1099853515625,412.19000244140625,408.2300109863281,411.2699890136719,3351500
2021-09-17,379.233154296875,407.0799865722656,410.7799987792969,406.7699890136719,410.3500061035156,5396100
2021-09-20,373.0380859375,400.42999267578125,402.6400146484375,395.57000732421875,401.1099853515625,10942700
2021-09-21,372.6747741699219,400.0400085449219,403.8999938964844,399.44000244140625,402.6600036621094,6418100
2021-09-22,376.27069091796875,403.8999938964844,405.8500061035156,401.260009765625,402.1700134277344,6004800
2021-09-23,380.8169250488281,408.7799987792969,410.32000732421875,405.4700012207031,405.7099914550781,4098000
2021-09-24,381.45037841796875,409.4599914550781,410.1300048828125,406.95001220703125,407.1700134277344,3417700
2021-09-27,380.3697509765625,408.29998779296875,409.57000732421875,407.5899963378906,408.4200134277344,3546600
2021-09-28,372.7679138183594,400.1400146484375,405.8699951171875,399.3299865722656,405.54998779296875,8234300
2021-09-29,373.3549499511719,399.4599914550781,401.7900085449219,398.8599853515625,400.1000061035156,4724200
2021-09-30,368.6256103515625,394.3999938964844,401.5199890136719,394.3399963378906,400.8500061035156,9511200
2021-10-01,373.037109375,399.1199951171875,400.8500061035156,392.7699890136719,396.2300109863281,8482200
2021-10-04,368.44805908203125,394.2099914550781,398.94000244140625,391.9599914550781,398.1199951171875,8820400
2021-10-05,372.0276794433594,398.0400085449219,400.3500061035156,394.7900085449219,395.55999755859375,5523200
2021-10-06,373.68206787109375,399.80999755859375,400.0199890136719,393.05999755859375,394.6499938964844,6590000
2021-10-07,376.8971862792969,403.25,406.04998779296875,402.8500061035156,403.07000732421875,4409200
2021-10-08,376.1868591308594,402.489990234375,404.3900146484375,401.94000244140625,404.0400085449219,3960900
2021-10-11,373.4483642578125,399.55999755859375,404.739990234375,399.55999755859375,401.9100036621094,3695700
2021-10-12,372.70074462890625,398.760009765625,400.9200134277344,397.8699951171875,400.54998779296875,6201300
2021-10-13,373.8970031738281,400.0400085449219,400.8800048828125,396.75,399.6400146484375,6492400
2021-10-14,380.17791748046875,406.760009765625,406.95001220703125,403.2200012207031,403.70001220703125,3785200
2021-10-15,383.1407470703125,409.92999267578125,410.260009765625,408.2799987792969,408.9200134277344,3501600
2021-10-18,384.30902099609375,411.17999267578125,411.4599914550781,407.5299987792969,408.20001220703125,3402700
2021-10-19,387.2998046875,414.3800048828125,414.3800048828125,412.1400146484375,412.739990234375,2838300
2021-10-20,388.80462646484375,415.989990234375,416.2200012207031,414.6499938964844,414.739990234375,3208200
2021-10-21,389.7580261230469,417.010009765625,417.239990234375,414.94000244140625,415.3800048828125,2579500
2021-10-22,389.36541748046875,416.5899963378906,418.0,414.70001220703125,416.5799865722656,3648900
2021-10-25,391.3842468261719,418.75,419.1400146484375,415.92999267578125,417.6400146484375,2511500
2021-10-26,391.7582092285156,419.1499938964844,421.5299987792969,418.8599853515625,420.2699890136719,3085300
2021-10-27,390.05712890625,417.3299865722656,420.2900085449219,417.2799987792969,419.6600036621094,2873500
2021-10-28,393.8704528808594,421.4100036621094,421.44000244140625,418.75,418.7799987792969,3643600
2021-10-29,394.571533203125,422.1600036621094,422.5199890136719,418.8699951171875,419.1499938964844,4637400
2021-11-01,395.40325927734375,423.04998779296875,423.57000732421875,421.2799987792969,423.19000244140625,3937300
2021-11-02,396.9361572265625,424.69000244140625,424.9599914550781,423.010009765625,423.1499938964844,2989200
2021-11-03,399.3287658691406,427.25,427.6600036621094,423.69000244140625,424.1400146484375,3562900
2021-11-04,401.19805908203125,429.25,429.3699951171875,427.5400085449219,427.8500061035156,4287300
2021-11-05,402.56268310546875,430.7099914550781,432.760009765625,429.29998779296875,431.54998779296875,4942900
2021-11-08,403.04876708984375,431.2300109863281,432.3399963378906,430.5,431.8800048828125,3511600
2021-11-09,401.6373596191406,429.7200012207031,431.75,428.3399963378906,431.55999755859375,4696000
2021-11-10,398.40350341796875,426.260009765625,429.7300109863281,424.80999755859375,428.0899963378906,6350700
2021-11-11,398.534423828125,426.3999938964844,427.82000732421875,426.3900146484375,427.70001220703125,3634600
2021-11-12,401.4971923828125,429.57000732421875,430.1700134277344,426.7300109863281,427.6600036621094,3655500
2021-11-15,401.6841125488281,429.7699890136719,431.010009765625,428.6499938964844,430.95001220703125,3122300
2021-11-16,403.2170104980469,431.4100036621094,432.5899963378906,429.4700012207031,429.5199890136719,3267000
2021-11-17,402.2449645996094,430.3699951171875,431.3900146484375,429.8399963378906,431.239990234375,3764900
2021-11-18,403.6375732421875,431.8599853515625,432.1700134277344,428.79998779296875,431.44000244140625,4732200
2021-11-19,402.88043212890625,431.04998779296875,432.989990234375,430.3800048828125,431.8699951171875,4886200
2021-11-22,401.8150329589844,429.9100036621094,435.4100036621094,429.7200012207031,432.92999267578125,4868300
2021-11-23,402.33831787109375,430.4700012207031,431.2900085449219,427.0400085449219,429.57000732421875,6795200
2021-11-24,403.3291015625,431.5299987792969,431.75,427.7099914550781,428.55999755859375,4569600
2021-11-26,394.552734375,422.1400146484375,426.5199890136719,420.8999938964844,425.19000244140625,7702500
2021-11-29,399.31939697265625,427.239990234375,428.9800109863281,424.54998779296875,426.7099914550781,6300800
2021-11-30,391.67401123046875,419.05999755859375,426.6300048828125,418.6300048828125,424.79998779296875,8657600
2021-12-01,387.1689453125,414.239990234375,427.2200012207031,413.9700012207031,424.4700012207031,8337000
2021-12-02,393.07598876953125,420.55999755859375,422.05999755859375,414.0299987792969,414.4200134277344,10417700
2021-12-03,389.59906005859375,416.8399963378906,423.19000244140625,412.7699890136719,422.1199951171875,10228900
2021-12-06,394.253662109375,421.82000732421875,423.6600036621094,417.0,419.4100036621094,7289500
2021-12-07,402.3570861816406,430.489990234375,431.1000061035156,426.94000244140625,426.9800109863281,4731900
2021-12-08,403.4880676269531,431.70001220703125,432.1400146484375,429.239990234375,430.95001220703125,4476500
2021-12-09,400.7401428222656,428.760009765625,431.32000732421875,428.6099853515625,430.4599914550781,5035400
2021-12-10,404.5627746582031,432.8500061035156,432.9599914550781,428.95001220703125,431.44000244140625,6238300
2021-12-13,400.9738464355469,429.010009765625,432.6600036621094,428.75,432.3599853515625,5923900
2021-12-14,398.24462890625,426.0899963378906,428.239990234375,423.20001220703125,425.79998779296875,6522900
2021-12-15,404.4693298339844,432.75,432.9800109863281,423.6700134277344,426.1099853515625,6871300
2021-12-16,400.8149108886719,428.8399963378906,434.79998779296875,427.3500061035156,434.55999755859375,7159500
2021-12-17,396.6556701660156,424.3900146484375,428.7900085449219,422.6700134277344,425.8500061035156,8882700
2021-12-20,392.3656005859375,419.79998779296875,420.2200012207031,416.29998779296875,419.3900146484375,9903400
2021-12-21,399.3289489746094,425.69000244140625,425.8500061035156,419.5199890136719,421.6499938964844,6916700
2021-12-22,403.3626708984375,429.989990234375,430.0899963378906,425.32000732421875,425.45001220703125,4992200
2021-12-23,405.8486328125,432.6400146484375,434.1000061035156,430.8699951171875,430.9100036621094,5032700
2021-12-27,411.6365661621094,438.80999755859375,438.82000732421875,433.95001220703125,433.9800109863281,4986300
2021-12-28,411.3270568847656,438.4800109863281,440.19000244140625,437.6600036621094,439.2799987792969,4865800
2021-12-29,411.82415771484375,439.010009765625,439.95001220703125,437.5400085449219,438.5,4596700
2021-12-30,410.66094970703125,437.7699890136719,440.3599853515625,437.32000732421875,439.3900146484375,3751800
2021-12-31,409.5352783203125,436.57000732421875,438.3800048828125,436.3900146484375,437.2300109863281,5185600
2022-01-03,412.04931640625,439.25,439.2699890136719,435.6400146484375,437.92999267578125,6017300
2022-01-04,411.8804626464844,439.07000732421875,441.260009765625,437.2200012207031,440.5799865722656,6262200
2022-01-05,403.9912414550781,430.6600036621094,439.4100036621094,430.5299987792969,438.7799987792969,7539600
2022-01-06,403.44708251953125,430.0799865722656,432.8299865722656,427.8999938964844,430.20001220703125,7971500
2022-01-07,402.04937744140625,428.5899963378906,431.3599853515625,427.20001220703125,430.2099914550781,6157500
2022-01-10,401.5240478515625,428.0299987792969,428.19000244140625,419.7699890136719,425.3800048828125,10481500
2022-01-11,405.0419006347656,431.7799987792969,431.95001220703125,424.7799987792969,427.67999267578125,7282400
2022-01-12,406.2519836425781,433.07000732421875,435.0400085449219,431.1400146484375,433.55999755859375,8270300
2022-01-13,400.6516418457031,427.1000061035156,434.7200012207031,426.0899963378906,434.0899963378906,7521300
2022-01-14,400.7736511230469,427.2300109863281,427.5799865722656,422.80999755859375,423.95001220703125,9960800
2022-01-18,393.7475280761719,419.739990234375,424.9800109863281,417.3299865722656,422.6199951171875,10681500
2022-01-19,389.6105041503906,415.3299865722656,422.5400085449219,415.07000732421875,421.1700134277344,8184100
2022-01-20,385.32354736328125,410.760009765625,421.75,410.2900085449219,417.1700134277344,8907600
2022-01-21,377.7533264160156,402.69000244140625,411.92999267578125,402.6600036621094,409.7099914550781,16225900
2022-01-24,379.3292236328125,404.3699951171875,404.8800048828125,386.8399963378906,397.260009765625,22970700
2022-01-25,374.72332763671875,399.4599914550781,404.260009765625,392.7300109863281,398.1700134277344,16836300
2022-01-26,373.8790283203125,398.55999755859375,408.20001220703125,394.3399963378906,405.6600036621094,14377300
2022-01-27,371.9841003417969,396.5400085449219,405.9700012207031,394.82000732421875,402.92999267578125,12455200
2022-01-28,381.1022033691406,406.260009765625,406.3299865722656,393.29998779296875,397.82000732421875,12096800
2022-01-31,388.0721740722656,413.69000244140625,413.9700012207031,404.3500061035156,405.6700134277344,9200400
2022-02-01,390.60491943359375,416.3900146484375,417.0400085449219,410.8999938964844,414.3399963378906,8154900
2022-02-02,394.32904052734375,420.3599853515625,421.17999267578125,416.5400085449219,418.9800109863281,6726500
2022-02-03,385.1640930175781,410.5899963378906,416.42999267578125,409.7900085449219,414.5899963378906,7658300
2022-02-04,386.9745178222656,412.5199890136719,416.239990234375,408.05999755859375,410.3399963378906,8210000
2022-02-07,385.69873046875,411.1600036621094,414.6199951171875,409.8999938964844,413.2300109863281,5620900
2022-02-08,388.82257080078125,414.489990234375,415.4599914550781,409.3500061035156,410.7200012207031,5565700
2022-02-09,394.5260314941406,420.57000732421875,420.8699951171875,418.3500061035156,418.54998779296875,6284500
2022-02-10,387.5937194824219,413.17999267578125,420.79998779296875,411.1400146484375,414.92999267578125,9260500
2022-02-11,379.8639831542969,404.94000244140625,415.20001220703125,403.57000732421875,413.1499938964844,10458600
2022-02-14,378.62567138671875,403.6199951171875,405.989990234375,400.239990234375,404.42999267578125,10167600
2022-02-15,384.7043762207031,410.1000061035156,410.2900085449219,407.4599914550781,408.17999267578125,6815000
2022-02-16,385.1640930175781,410.5899963378906,411.8900146484375,406.32000732421875,408.20001220703125,7743800
2022-02-17,376.9747009277344,401.8599853515625,407.9800109863281,401.2300109863281,407.489990234375,7541000
2022-02-18,374.5638122558594,399.2900085449219,403.30999755859375,397.0,402.1499938964844,10570800
2022-02-22,370.4644470214844,394.9200134277344,400.3699951171875,391.510009765625,397.04998779296875,10414700
2022-02-23,363.7947082519531,387.80999755859375,398.32000732421875,387.3800048828125,397.739990234375,12154900
2022-02-24,369.3855895996094,393.7699890136719,394.1700134277344,377.5,377.760009765625,21277200
2022-02-25,377.453125,402.3699951171875,402.5199890136719,393.3999938964844,394.95001220703125,11665200
2022-02-28,376.505615234375,401.3599853515625,402.8500061035156,396.0,397.17999267578125,11855900
2022-03-01,370.8583984375,395.3399963378906,401.9200134277344,392.7900085449219,400.010009765625,9124400
2022-03-02,377.66888427734375,402.6000061035156,404.1000061035156,396.7799987792969,397.7200012207031,8185200
2022-03-03,375.7738952636719,400.5799865722656,405.5400085449219,398.8800048828125,405.0199890136719,8745300
2022-03-04,372.7345275878906,397.3399963378906,398.42999267578125,393.3699951171875,396.92999267578125,6317700
2022-03-07,361.7309265136719,385.6099853515625,397.0,385.55999755859375,396.7300109863281,8411500
2022-03-08,359.0011901855469,382.70001220703125,392.739990234375,381.6400146484375,385.760009765625,9356100
2022-03-09,368.5695495605469,392.8999938964844,394.8500061035156,388.7200012207031,390.8800048828125,5812600
2022-03-10,366.9278869628906,391.1499938964844,392.010009765625,386.5299987792969,388.44000244140625,6394800
2022-03-11,362.2469177246094,386.1600036621094,394.19000244140625,385.67999267578125,393.6199951171875,5872800
2022-03-14,359.6015319824219,383.3399963378906,390.2699890136719,382.25,387.07000732421875,6455000
2022-03-15,367.4907531738281,391.75,392.3699951171875,384.6300048828125,385.8599853515625,5739400
2022-03-16,375.70831298828125,400.510009765625,400.54998779296875,390.54998779296875,395.5,7407300
2022-03-17,380.30487060546875,405.4100036621094,405.55999755859375,398.29998779296875,398.6400146484375,5177500
2022-03-18,384.5074157714844,409.8900146484375,410.2799987792969,403.239990234375,403.9800109863281,5875000
2022-03-21,384.5262145996094,409.9100036621094,411.75,406.42999267578125,409.8399963378906,4159500
2022-03-22,388.99139404296875,414.6700134277344,415.5199890136719,411.20001220703125,411.20001220703125,4231700
2022-03-23,383.98211669921875,409.3299865722656,413.6199951171875,409.2900085449219,412.1600036621094,3742600
2022-03-24,389.6897277832031,414.0199890136719,414.1000061035156,408.80999755859375,409.8900146484375,2977300
2022-03-25,391.6664123535156,416.1199951171875,416.3599853515625,412.2099914550781,414.7900085449219,3638000
2022-03-28,394.36761474609375,418.989990234375,419.04998779296875,413.69000244140625,415.5,3395300
2022-03-29,399.356201171875,424.2900085449219,424.7200012207031,420.25,422.9599914550781,5510600
2022-03-30,396.871337890625,421.6499938964844,424.010009765625,419.5899963378906,423.260009765625,4794300
2022-03-31,390.7721252441406,415.1700134277344,421.6700134277344,415.04998779296875,420.9700012207031,5876600
2022-04-01,391.8546142578125,416.32000732421875,416.82000732421875,412.8699951171875,416.67999267578125,4663100
2022-04-04,395.1771240234375,419.8500061035156,419.9599914550781,415.7200012207031,416.45001220703125,5117200
2022-04-05,390.2921447753906,414.6600036621094,420.82000732421875,413.5,418.55999755859375,4112000
2022-04-06,386.33892822265625,410.4599914550781,412.6600036621094,407.6400146484375,410.760009765625,5540700
2022-04-07,388.28729248046875,412.5299987792969,414.29998779296875,407.739990234375,409.6000061035156,4954100
2022-04-08,387.3460388183594,411.5299987792969,414.2200012207031,409.9800109863281,411.8500061035156,4752800
2022-04-11,380.635009765625,404.3999938964844,409.05999755859375,403.92999267578125,408.5,3342800
2022-04-12,379.2420349121094,402.9200134277344,409.7099914550781,401.3699951171875,407.3299865722656,6615800
2022-04-13,383.5246276855469,407.4700012207031,408.20001220703125,402.4800109863281,402.57000732421875,4358700
2022-04-14,378.86553955078125,402.5199890136719,408.7799987792969,402.3399963378906,407.7200012207031,3735700
2022-04-18,378.931396484375,402.5899963378906,404.2200012207031,400.44000244140625,401.54998779296875,4305900
2022-04-19,384.98358154296875,409.0199890136719,409.7699890136719,402.3599853515625,402.5799865722656,3841500
2022-04-20,384.6917724609375,408.7099914550781,411.3900146484375,407.6700134277344,410.82000732421875,5067100
2022-04-21,378.9878845214844,402.6499938964844,413.67999267578125,401.79998779296875,412.3800048828125,4670200
2022-04-22,368.64373779296875,391.6600036621094,401.8900146484375,391.1000061035156,401.6700134277344,6326400
2022-04-25,370.6579895019531,393.79998779296875,394.05999755859375,385.0,389.4200134277344,8141200
2022-04-26,360.0597229003906,382.5400085449219,391.5899963378906,382.44000244140625,391.3999938964844,8493000
2022-04-27,360.99151611328125,383.5299987792969,388.75,381.5,383.5,6415700
2022-04-28,370.03680419921875,393.1400146484375,394.8999938964844,383.8699951171875,388.2300109863281,7030200
2022-04-29,356.4453430175781,378.70001220703125,391.45001220703125,378.0,389.4200134277344,8221900
2022-05-02,358.6854248046875,381.0799865722656,382.2699890136719,372.3299865722656,378.7900085449219,10737000
2022-05-03,360.238525390625,382.7300109863281,385.05999755859375,380.0,381.6199951171875,5607700
2022-05-04,371.166259765625,394.3399963378906,394.92999267578125,380.2799987792969,383.3500061035156,7367500
2022-05-05,358.1300964355469,380.489990234375,390.30999755859375,376.3500061035156,390.2200012207031,10477300
2022-05-06,355.880615234375,378.1000061035156,381.2799987792969,372.95001220703125,378.010009765625,7959600
2022-05-09,344.39752197265625,365.8999938964844,373.55999755859375,364.5,372.3599853515625,10793200
2022-05-10,345.28228759765625,366.8399963378906,373.2200012207031,362.9100036621094,371.8999938964844,7870800
2022-05-11,339.7196044921875,360.92999267578125,371.3599853515625,360.2699890136719,365.9700012207031,8026900
2022-05-12,339.4560241699219,360.6499938964844,363.75,354.0199890136719,357.8399963378906,7679200
2022-05-13,347.46600341796875,369.1600036621094,370.5799865722656,363.6400146484375,364.7300109863281,5377400
2022-05-16,346.2235412597656,367.8399963378906,371.3500061035156,365.45001220703125,367.7099914550781,4719800
2022-05-17,353.15106201171875,375.20001220703125,375.55999755859375,370.0799865722656,373.6600036621094,4513300
2022-05-18,339.164306640625,360.3399963378906,371.1600036621094,359.0,370.9800109863281,6883600
2022-05-19,336.8958740234375,357.92999267578125,362.2300109863281,355.8500061035156,357.1700134277344,6359500
2022-05-20,336.9806213378906,358.0199890136719,361.95001220703125,349.760009765625,361.4100036621094,8755900
2022-05-23,343.37164306640625,364.80999755859375,365.57000732421875,358.8500061035156,361.0899963378906,5254900
2022-05-24,340.896240234375,362.17999267578125,363.2099914550781,355.70001220703125,360.8500061035156,5567300
2022-05-25,343.7386779785156,365.20001220703125,367.1600036621094,360.2699890136719,360.5400085449219,5704600
2022-05-26,350.5720520019531,372.4599914550781,374.1300048828125,366.2699890136719,366.45001220703125,4248300
2022-05-27,359.3631591796875,381.79998779296875,381.8599853515625,374.79998779296875,374.94000244140625,3911800
2022-05-31,357.3677673339844,379.67999267578125,382.8500061035156,376.9200134277344,380.2300109863281,5016500
2022-06-01,354.37457275390625,376.5,382.6400146484375,374.1000061035156,381.6099853515625,4245800
2022-06-02,361.1044616699219,383.6499938964844,383.739990234375,374.20001220703125,376.4100036621094,3273700
2022-06-03,355.2593688964844,377.44000244140625,380.6000061035156,376.4800109863281,379.1099853515625,2749500
2022-06-06,356.2289123535156,378.4700012207031,382.9599914550781,377.4100036621094,381.3299865722656,2659500
2022-06-07,359.71136474609375,382.1700134277344,382.6099853515625,374.7099914550781,375.1600036621094,2649900
2022-06-08,355.7770080566406,377.989990234375,382.2300109863281,377.260009765625,380.5,3436400
2022-06-09,347.4095764160156,369.1000061035156,378.44000244140625,369.0199890136719,376.239990234375,3022000
2022-06-10,337.2159118652344,358.2699890136719,363.69000244140625,358.2300109863281,362.92999267578125,7629700
2022-06-13,324.2174377441406,344.4599914550781,350.8399963378906,343.05999755859375,349.1099853515625,10399700
2022-06-14,323.4080810546875,343.6000061035156,347.32000732421875,340.57000732421875,346.3699951171875,7584200
2022-06-15,328.038818359375,348.5199890136719,352.8399963378906,341.9700012207031,346.82000732421875,7887600
2022-06-16,317.2618408203125,337.07000732421875,340.8399963378906,334.57000732421875,340.4800109863281,8821900
2022-06-17,318.09014892578125,337.95001220703125,340.8699951171875,334.239990234375,337.30999755859375,7084000
2022-06-21,325.8835144042969,346.2300109863281,347.5,343.1099853515625,343.19000244140625,5628300
2022-06-22,325.1963195800781,345.5,349.510009765625,341.6300048828125,342.0799865722656,4876100
2022-06-23,328.613037109375,349.1300048828125,349.6099853515625,344.1400146484375,347.6300048828125,6708800
2022-06-24,338.84423828125,360.0,360.0199890136719,351.9700012207031,352.0299987792969,5458600
2022-06-27,337.57354736328125,358.6499938964844,361.1499938964844,357.57000732421875,361.0,4608600
2022-06-28,330.27899169921875,350.8999938964844,362.8399963378906,350.8999938964844,360.0799865722656,8797800
2022-06-29,330.4416809082031,349.6400146484375,351.3599853515625,347.80999755859375,350.42999267578125,3775900
2022-06-30,327.8331298828125,346.8800048828125,349.8399963378906,342.45001220703125,345.8800048828125,7159600
2022-07-01,331.1976623535156,350.44000244140625,350.8299865722656,343.5899963378906,346.1600036621094,7481500
2022-07-05,331.78363037109375,351.05999755859375,351.1000061035156,342.7799987792969,345.4800109863281,6180600
2022-07-06,332.98388671875,352.3299865722656,354.67999267578125,348.92999267578125,351.2300109863281,5450900
2022-07-07,337.8700256347656,357.5,358.29998779296875,354.0,354.010009765625,3737500
2022-07-08,337.6715393066406,357.2900085449219,359.04998779296875,354.4700012207031,355.9100036621094,4791300
2022-07-11,333.8533630371094,353.25,355.57000732421875,352.510009765625,354.8399963378906,3491700
2022-07-12,330.7723388671875,349.989990234375,354.8999938964844,348.3800048828125,352.6000061035156,4080300
2022-07-13,329.2319030761719,348.3599853515625,351.0,344.3699951171875,344.739990234375,5603500
2022-07-14,328.3623962402344,347.44000244140625,347.95001220703125,341.04998779296875,343.4100036621094,4624800
2022-07-15,334.5716857910156,354.010009765625,354.1099853515625,349.79998779296875,351.7300109863281,4520500
2022-07-18,331.8025207519531,351.0799865722656,357.6199951171875,349.9200134277344,356.9700012207031,3544900
2022-07-19,340.80926513671875,360.6099853515625,361.0899963378906,354.25,354.95001220703125,3620200
2022-07-20,342.9924621582031,362.9200134277344,364.239990234375,359.45001220703125,360.70001220703125,4270600
2022-07-21,346.4608459472656,366.5899963378906,366.6199951171875,360.010009765625,362.3599853515625,4604000
2022-07-22,343.3042907714844,363.25,367.8399963378906,361.010009765625,366.69000244140625,4533900
2022-07-25,343.6444396972656,363.6099853515625,364.44000244140625,361.45001220703125,363.8399963378906,3902200
2022-07-26,339.5238952636719,359.25,362.2099914550781,358.45001220703125,362.1199951171875,2987200
2022-07-27,348.417236328125,368.6600036621094,370.3299865722656,362.2200012207031,362.489990234375,4500300
2022-07-28,352.82135009765625,373.32000732421875,373.9100036621094,365.9800109863281,369.4200134277344,4345300
2022-07-29,357.9909973144531,378.7900085449219,379.6600036621094,373.92999267578125,374.7300109863281,5246400
2022-08-01,356.91363525390625,377.6499938964844,380.010009765625,375.44000244140625,376.1199951171875,4421400
2022-08-02,354.60760498046875,375.2099914550781,379.6300048828125,373.95001220703125,376.1099853515625,4132600
2022-08-03,360.145751953125,381.07000732421875,382.1000061035156,376.9100036621094,377.19000244140625,3854800
2022-08-04,359.8623046875,380.7699890136719,381.5299987792969,379.19000244140625,380.8800048828125,3410600
2022-08-05,359.1156921386719,379.9800109863281,380.70001220703125,376.5400085449219,376.6499938964844,2852100
2022-08-08,358.7942810058594,379.6400146484375,383.9100036621094,378.57000732421875,381.7799987792969,3450800
2022-08-09,357.376708984375,378.1400146484375,379.4100036621094,377.1000061035156,379.0199890136719,2360500
2022-08-10,364.8618469238281,386.05999755859375,386.2300109863281,383.1000061035156,384.989990234375,3651000
2022-08-11,364.8618469238281,386.05999755859375,390.6499938964844,385.3999938964844,388.8699951171875,3575400
2022-08-12,371.10888671875,392.6700134277344,392.7200012207031,387.0899963378906,387.95001220703125,3664400
2022-08-15,372.6966552734375,394.3500061035156,394.760009765625,390.4599914550781,390.489990234375,3203900
2022-08-16,373.3487548828125,395.0400085449219,396.8900146484375,392.44000244140625,393.239990234375,3864800
2022-08-17,370.7969055175781,392.3399963378906,394.8500061035156,390.2900085449219,391.55999755859375,3222300
2022-08-18,371.9405212402344,393.54998779296875,394.0199890136719,391.1700134277344,392.4200134277344,3258100
2022-08-19,366.8086853027344,388.1199951171875,390.95001220703125,387.25,390.70001220703125,2899000
2022-08-22,359.077880859375,379.94000244140625,383.5400085449219,379.0899963378906,383.42999267578125,4153700
2022-08-23,358.227294921875,379.0400085449219,381.8699951171875,378.5199890136719,379.55999755859375,2869200
2022-08-24,359.3141174316406,380.19000244140625,381.5799865722656,378.17999267578125,378.8999938964844,2241200
2022-08-25,364.5499267578125,385.7300109863281,385.7300109863281,380.70001220703125,381.760009765625,2631300
2022-08-26,352.0557861328125,372.510009765625,386.04998779296875,372.510009765625,385.54998779296875,5153200
2022-08-29,349.73095703125,370.04998779296875,373.04998779296875,368.7799987792969,369.7699890136719,4953200
2022-08-30,345.9315490722656,366.0299987792969,371.45001220703125,364.0199890136719,371.29998779296875,5044500
2022-08-31,343.20977783203125,363.1499938964844,368.7900085449219,363.1099853515625,367.6099853515625,4062500
2022-09-01,344.2682800292969,364.2699890136719,364.70001220703125,358.510009765625,361.1000061035156,6126800
2022-09-02,340.6580505371094,360.45001220703125,369.1300048828125,358.7799987792969,367.95001220703125,4544200
2022-09-06,339.5144348144531,359.239990234375,362.2799987792969,357.0,361.3599853515625,5680300
2022-09-07,345.600830078125,365.67999267578125,366.3800048828125,358.69000244140625,358.8599853515625,4137000
2022-09-08,347.859619140625,368.07000732421875,368.4800109863281,362.2699890136719,363.3800048828125,3692000
2022-09-09,353.2276916503906,373.75,374.6099853515625,369.9800109863281,370.239990234375,2621600
2022-09-12,357.1120300292969,377.8599853515625,378.510009765625,375.510009765625,375.82000732421875,2961400
2022-09-13,341.5369873046875,361.3800048828125,370.5299987792969,360.2799987792969,369.3399963378906,5549200
2022-09-14,342.8128356933594,362.7300109863281,364.1700134277344,359.5299987792969,362.5799865722656,3555500
2022-09-15,338.9852600097656,358.67999267578125,363.9700012207031,357.3999938964844,361.1600036621094,3807500
2022-09-16,336.32000732421875,355.8599853515625,356.4800109863281,352.69000244140625,354.55999755859375,4452300
2022-09-19,338.9001770019531,358.5899963378906,358.5899963378906,352.75,352.79998779296875,3412600
2022-09-20,335.0820007324219,354.54998779296875,356.3800048828125,351.8299865722656,355.3800048828125,3624000
2022-09-21,329.18463134765625,348.30999755859375,359.29998779296875,348.30999755859375,356.3800048828125,5102400
2022-09-22,326.4060974121094,345.3699951171875,348.5400085449219,344.6700134277344,347.54998779296875,5555600
2022-09-23,320.9812316894531,339.6300048828125,342.0799865722656,335.30999755859375,342.0799865722656,10491500
2022-09-26,317.8718566894531,336.3399963378906,341.6600036621094,335.07000732421875,338.2300109863281,5405700
2022-09-27,316.9740905761719,335.3900146484375,341.8399963378906,333.0799865722656,339.7900085449219,5795700
2022-09-28,323.2001953125,340.4800109863281,342.1000061035156,333.17999267578125,334.79998779296875,8683900
2022-09-29,316.4604797363281,333.3800048828125,337.29998779296875,330.5299987792969,337.1499938964844,7230100
2022-09-30,311.6383361816406,328.29998779296875,336.19000244140625,328.1199951171875,332.57000732421875,7736600
2022-10-03,319.8778076171875,336.9800109863281,338.6600036621094,330.1000061035156,331.7900085449219,5739000
2022-10-04,329.5885925292969,347.2099914550781,347.3299865722656,342.1300048828125,342.1400146484375,5110000
2022-10-05,329.01910400390625,346.6099853515625,348.6400146484375,340.8599853515625,343.1199951171875,4755800
2022-10-06,325.5543212890625,342.9599914550781,347.9800109863281,342.489990234375,345.17999267578125,3879600
2022-10-07,316.41302490234375,333.3299865722656,339.3399963378906,331.6499938964844,339.0799865722656,5168100
2022-10-10,314.0494689941406,330.8399963378906,334.6700134277344,328.6600036621094,334.4700012207031,3933900
2022-10-11,311.9801025390625,328.6600036621094,333.55999755859375,326.8500061035156,329.20001220703125,4968100
2022-10-12,311.0118713378906,327.6400146484375,330.5799865722656,327.44000244140625,329.1499938964844,3235100
2022-10-13,319.1563720703125,336.2200012207031,337.67999267578125,319.8699951171875,320.8399963378906,6396900
2022-10-14,311.9705810546875,328.6499938964844,340.19000244140625,328.0299987792969,338.6199951171875,4879400
2022-10-17,319.8967590332031,337.0,338.1000061035156,334.4599914550781,334.57000732421875,3889500
2022-10-18,323.66534423828125,340.9700012207031,345.0,337.7699890136719,344.67999267578125,4903300
2022-10-19,321.4250793457031,338.6099853515625,341.6700134277344,335.8999938964844,339.0400085449219,4403200
2022-10-20,318.7861328125,335.8299865722656,342.4200134277344,335.04998779296875,338.1700134277344,3459100
2022-10-21,326.4466552734375,343.8999938964844,344.3900146484375,334.1300048828125,335.5,4362400
2022-10-24,330.4239501953125,348.0899963378906,349.2300109863281,342.8699951171875,345.45001220703125,5639400
2022-10-25,335.79681396484375,353.75,354.0299987792969,348.0299987792969,348.04998779296875,5203400
2022-10-26,333.29071044921875,351.1099853515625,356.1700134277344,350.44000244140625,350.70001220703125,4277700
2022-10-27,331.5060729980469,349.2300109863281,353.7900085449219,348.6000061035156,352.04998779296875,4145300
2022-10-28,339.242431640625,357.3800048828125,357.9800109863281,348.95001220703125,349.0400085449219,4388100
2022-10-31,336.935791015625,354.95001220703125,356.9200134277344,354.04998779296875,355.1600036621094,6431000
2022-11-01,335.5783996582031,353.5199890136719,358.7699890136719,352.2900085449219,358.5299987792969,8014300
2022-11-02,327.01611328125,344.5,357.1300048828125,344.4100036621094,352.7799987792969,5022500
2022-11-03,323.532470703125,340.8299865722656,343.80999755859375,338.8999938964844,341.3399963378906,4534800
2022-11-04,328.2691955566406,345.82000732421875,348.0199890136719,340.0,346.4100036621094,3655400
2022-11-07,331.4206848144531,349.1400146484375,349.7099914550781,345.1000061035156,347.05999755859375,3316600
2022-11-08,333.2242431640625,351.0400085449219,353.8699951171875,347.0799865722656,350.2099914550781,3237200
2022-11-09,326.41815185546875,343.8699951171875,350.2200012207031,343.3599853515625,349.0799865722656,3570800
2022-11-10,344.2829895019531,362.69000244140625,363.010009765625,354.4100036621094,356.5199890136719,4603600
2022-11-11,347.5768127441406,366.1600036621094,367.0199890136719,361.739990234375,363.69000244140625,4877400
2022-11-14,344.7861022949219,363.2200012207031,367.7900085449219,362.8900146484375,364.57000732421875,5274300
2022-11-15,347.6338806152344,366.2200012207031,369.739990234375,362.5899963378906,368.6499938964844,4597800
2022-11-16,344.99493408203125,363.44000244140625,365.5199890136719,362.8500061035156,364.70001220703125,2755100
2022-11-17,343.9981994628906,362.3900146484375,362.989990234375,358.57000732421875,358.79998779296875,3278500
2022-11-18,345.5169982910156,363.989990234375,365.5899963378906,361.2300109863281,365.4599914550781,2574400
2022-11-21,344.30194091796875,362.7099914550781,363.739990234375,360.8699951171875,362.7699890136719,2397900
2022-11-22,348.8868408203125,367.5400085449219,367.67999267578125,363.2099914550781,364.510009765625,2316000
2022-11-23,351.0701599121094,369.8399963378906,370.3599853515625,367.0199890136719,367.2099914550781,2590900
2022-11-25,351.03216552734375,369.79998779296875,370.3399963378906,369.05999755859375,369.3900146484375,1423400
2022-11-28,345.4790954589844,363.95001220703125,368.3800048828125,363.1499938964844,366.8599853515625,3553600
2022-11-29,344.8715515136719,363.30999755859375,365.17999267578125,361.4800109863281,363.92999267578125,2507800
2022-11-30,355.4841003417969,374.489990234375,374.5899963378906,361.6499938964844,363.45001220703125,4748800
2022-12-01,355.5316162109375,374.5400085449219,377.0,372.04998779296875,375.8699951171875,4608600
2022-12-02,355.01898193359375,374.0,374.8800048828125,369.6600036621094,369.6600036621094,3596000
2022-12-05,348.69696044921875,367.3399963378906,372.19000244140625,365.989990234375,371.2799987792969,3707000
2022-12-06,343.656494140625,362.0299987792969,367.6099853515625,359.92999267578125,367.0899963378906,3911000
2022-12-07,342.9920349121094,361.3299865722656,363.6099853515625,360.30999755859375,361.04998779296875,3338000
2022-12-08,345.69732666015625,364.17999267578125,365.1499938964844,361.6000061035156,363.1300048828125,3604500
2022-12-09,343.1723327636719,361.5199890136719,365.44000244140625,361.3399963378906,363.0,4271400
2022-12-12,348.0705261230469,366.67999267578125,366.67999267578125,361.5799865722656,362.2799987792969,2946200
2022-12-13,350.6429748535156,369.3900146484375,377.19000244140625,366.79998779296875,377.1099853515625,6161800
2022-12-14,348.5261535644531,367.1600036621094,372.79998779296875,364.25,369.1000061035156,4707100
2022-12-15,339.95440673828125,358.1300048828125,363.239990234375,356.4599914550781,362.4700012207031,5126800
2022-12-16,335.901123046875,353.8599853515625,356.8299865722656,351.7900085449219,355.6499938964844,4533100
2022-12-19,333.0058898925781,350.80999755859375,354.3399963378906,349.25,354.1300048828125,5538500
2022-12-20,333.51336669921875,349.6700134277344,351.1700134277344,347.2099914550781,348.45001220703125,5068200
2022-12-21,338.5016784667969,354.8999938964844,355.95001220703125,351.70001220703125,352.20001220703125,3832400
2022-12-22,333.7422790527344,349.9100036621094,352.25,344.3399963378906,351.9800109863281,6458200
2022-12-23,335.6116638183594,351.8699951171875,351.95001220703125,347.3500061035156,348.92999267578125,4572000
2022-12-27,334.2763671875,350.4700012207031,352.0400085449219,348.8500061035156,351.760009765625,4303200
2022-12-28,330.175048828125,346.1700134277344,352.20001220703125,345.8999938964844,350.4200134277344,4464600
2022-12-29,336.03131103515625,352.30999755859375,353.1300048828125,348.4700012207031,348.9100036621094,4086600
2022-12-30,335.1061706542969,351.3399963378906,351.489990234375,347.760009765625,349.7900085449219,5325400
2023-01-03,333.81854248046875,349.989990234375,355.0400085449219,347.19000244140625,353.17999267578125,4957300
2023-01-04,336.2221374511719,352.510009765625,354.55999755859375,349.20001220703125,352.1000061035156,3119100
2023-01-05,332.5500793457031,348.6600036621094,350.79998779296875,348.05999755859375,350.7300109863281,3216500
2023-01-06,340.11358642578125,356.5899963378906,357.6700134277344,348.739990234375,351.5899963378906,3464800
2023-01-09,339.8656311035156,356.3299865722656,361.7300109863281,356.2200012207031,358.7300109863281,3775300
2023-01-10,342.2882385253906,358.8699951171875,358.95001220703125,354.9599914550781,355.8399963378906,3495700
2023-01-11,346.6566467285156,363.45001220703125,363.510009765625,359.6600036621094,360.4100036621094,5710500
2023-01-12,347.9538269042969,364.80999755859375,366.1499938964844,360.6000061035156,364.4800109863281,4743500
2023-01-13,349.30816650390625,366.2300109863281,366.7300109863281,361.4700012207031,361.67999267578125,3015200
2023-01-17,348.7740783691406,365.6700134277344,367.7200012207031,364.8699951171875,366.19000244140625,4942000
2023-01-18,343.1084899902344,359.7300109863281,367.6600036621094,359.5799865722656,366.6700134277344,3931800
2023-01-19,340.6382141113281,357.1400146484375,359.3599853515625,355.8500061035156,357.760009765625,3569900
2023-01-20,346.9046325683594,363.7099914550781,363.9100036621094,356.8800048828125,358.45001220703125,3265100
2023-01-23,351.12994384765625,368.1400146484375,370.0,363.6499938964844,364.510009765625,3243300
2023-01-24,350.7579650878906,367.75,368.6099853515625,365.4200134277344,366.57000732421875,2702400
2023-01-25,350.8819580078125,367.8800048828125,368.1600036621094,361.6600036621094,363.7799987792969,3061700
2023-01-26,354.63037109375,371.80999755859375,372.05999755859375,367.6099853515625,370.4599914550781,3460900
2023-01-27,355.6413879394531,372.8699951171875,375.0799865722656,370.760009765625,370.8900146484375,5549500
2023-01-30,351.1966857910156,368.2099914550781,372.2900085449219,367.8599853515625,370.1499938964844,3280600
2023-01-31,356.18499755859375,373.44000244140625,373.5400085449219,368.3299865722656,368.6099853515625,4181700
2023-02-01,360.0860595703125,377.5299987792969,380.1600036621094,369.760009765625,372.44000244140625,4941700
2023-02-02,365.2461242675781,382.94000244140625,384.4100036621094,379.3999938964844,381.25,5207900
2023-02-03,361.3450927734375,378.8500061035156,383.20001220703125,377.7900085449219,378.2300109863281,6472500
2023-02-06,359.25628662109375,376.6600036621094,377.92999267578125,375.0199890136719,376.5799865722656,2880100
2023-02-07,363.89166259765625,381.5199890136719,382.75,374.6199951171875,375.7900085449219,4504600
2023-02-08,359.90478515625,377.3399963378906,380.92999267578125,376.7300109863281,379.69000244140625,2921500
2023-02-09,356.82403564453125,374.1099853515625,381.0,372.95001220703125,380.9700012207031,3327700
2023-02-10,357.6919860839844,375.0199890136719,375.3900146484375,372.20001220703125,373.0,3256700
2023-02-13,361.8219909667969,379.3500061035156,379.44000244140625,375.20001220703125,375.6499938964844,2980600
2023-02-14,361.68841552734375,379.2099914550781,381.4200134277344,375.45001220703125,377.9599914550781,4718000
2023-02-15,362.8997802734375,380.4800109863281,380.5299987792969,376.3299865722656,377.1499938964844,2820200
2023-02-16,357.8542175292969,375.19000244140625,379.42999267578125,375.0899963378906,375.6600036621094,3077500
2023-02-17,356.9289855957031,374.2200012207031,374.45001220703125,371.32000732421875,373.17999267578125,3285300
2023-02-21,349.84228515625,366.7900085449219,371.3399963378906,366.4800109863281,370.3999938964844,3109200
2023-02-22,349.4035339355469,366.3299865722656,368.6000061035156,364.8399963378906,367.17999267578125,3872000
2023-02-23,351.15850830078125,368.1700134277344,369.57000732421875,364.1300048828125,369.07000732421875,2867200
2023-02-24,347.4006042480469,364.2300109863281,365.0299987792969,361.7300109863281,363.30999755859375,4055000
2023-02-27,348.60235595703125,365.489990234375,368.7699890136719,364.5899963378906,367.489990234375,3300100
2023-02-28,347.2861328125,364.1099853515625,366.8599853515625,364.04998779296875,365.010009765625,3022200
2023-03-01,346.01763916015625,362.7799987792969,364.510009765625,361.45001220703125,363.3399963378906,3764700
2023-03-02,348.60235595703125,365.489990234375,366.3599853515625,360.5299987792969,360.80999755859375,2727200
2023-03-03,354.1248779296875,371.2799987792969,371.6700134277344,366.70001220703125,367.2900085449219,4913600
2023-03-06,354.5540771484375,371.7300109863281,374.44000244140625,371.29998779296875,372.260009765625,2638300
2023-03-07,349.0697021484375,365.9800109863281,371.8900146484375,365.3900146484375,371.6300048828125,3546100
2023-03-08,349.6133728027344,366.54998779296875,367.29998779296875,364.44000244140625,366.1099853515625,2906300
2023-03-09,343.21337890625,359.8399963378906,368.8800048828125,358.8500061035156,367.3500061035156,4409600
2023-03-10,338.2918701171875,354.67999267578125,361.239990234375,353.1400146484375,359.3299865722656,8360400
2023-03-13,337.7196044921875,354.0799865722656,358.6700134277344,349.760009765625,350.760009765625,6478700
2023-03-14,343.3278503417969,359.9599914550781,361.510009765625,355.6300048828125,358.8800048828125,4798800
2023-03-15,341.21044921875,357.739990234375,357.8800048828125,352.57000732421875,354.4599914550781,6610400
2023-03-16,347.0476989746094,363.8599853515625,364.260009765625,354.989990234375,355.5400085449219,5016700
2023-03-17,343.2516174316406,359.8800048828125,363.7900085449219,358.4200134277344,362.760009765625,5189900
2023-03-20,346.3514404296875,363.1300048828125,363.5799865722656,359.82000732421875,360.4700012207031,3099800
2023-03-21,350.8819580078125,367.8800048828125,368.4100036621094,364.8800048828125,366.4200134277344,4117600
2023-03-22,345.06378173828125,361.7799987792969,371.2200012207031,361.6600036621094,367.7799987792969,4094800
2023-03-23,345.8840026855469,362.6400146484375,368.2900085449219,360.1199951171875,364.4800109863281,4787200
2023-03-24,348.18927001953125,363.55999755859375,363.6300048828125,357.7200012207031,359.9800109863281,3740400
2023-03-27,348.763916015625,364.1600036621094,366.42999267578125,363.3999938964844,365.7300109863281,4144800
2023-03-28,348.1510009765625,363.5199890136719,364.20001220703125,361.67999267578125,363.5400085449219,2413700
2023-03-29,353.1023864746094,368.69000244140625,368.94000244140625,366.2900085449219,367.3999938964844,3636100
2023-03-30,355.20941162109375,370.8900146484375,371.4800109863281,369.1000061035156,371.2300109863281,3316700
2023-03-31,360.17041015625,376.07000732421875,376.3399963378906,371.6499938964844,371.7799987792969,4159800
2023-04-03,361.5973815917969,377.55999755859375,377.9100036621094,375.2200012207031,375.6000061035156,3525300
2023-04-04,359.5574645996094,375.42999267578125,378.3999938964844,374.1300048828125,378.19000244140625,2713300
2023-04-05,358.6858825683594,374.5199890136719,375.4200134277344,372.8900146484375,374.7099914550781,3227700
2023-04-06,360.05548095703125,375.95001220703125,376.19000244140625,372.7200012207031,373.6700134277344,3076200
2023-04-10,360.4481201171875,376.3599853515625,376.3900146484375,372.9599914550781,373.54998779296875,2671100
2023-04-11,360.49603271484375,376.4100036621094,377.760009765625,375.69000244140625,376.8999938964844,3069000
2023-04-12,359.0594482421875,374.9100036621094,378.6199951171875,374.32000732421875,378.3999938964844,3624200
2023-04-13,363.7139587402344,379.7699890136719,380.1700134277344,375.44000244140625,375.9100036621094,2680900
2023-04-14,362.9669494628906,378.989990234375,381.3299865722656,376.7200012207031,379.2699890136719,2981700
2023-04-17,364.2024841308594,380.2799987792969,380.32000732421875,377.67999267578125,378.8399963378906,2721000
2023-04-18,364.4513854980469,380.5400085449219,381.9200134277344,379.239990234375,381.8399963378906,3019300
2023-04-19,364.4322509765625,380.5199890136719,381.3299865722656,378.6700134277344,378.7300109863281,2671300
2023-04-20,362.3731689453125,378.3699951171875,380.07000732421875,376.94000244140625,377.7799987792969,2953200
2023-04-21,362.5838623046875,378.5899963378906,379.1000061035156,376.82000732421875,378.67999267578125,2762300
2023-04-24,363.0627136230469,379.0899963378906,379.4700012207031,377.2300109863281,378.4800109863281,2310400
2023-04-25,357.32598876953125,373.1000061035156,377.70001220703125,373.0199890136719,377.17999267578125,3795400
2023-04-26,355.73614501953125,371.44000244140625,374.67999267578125,370.9800109863281,373.6600036621094,3766900
2023-04-27,362.7945556640625,378.80999755859375,379.1300048828125,373.6700134277344,373.8900146484375,4302400
2023-04-28,365.8975524902344,382.04998779296875,382.1199951171875,378.0,378.0400085449219,3386900
2023-05-01,365.6485900878906,381.7900085449219,383.6400146484375,381.5199890136719,381.7300109863281,3069300
2023-05-02,361.5495300292969,377.510009765625,381.1099853515625,374.6700134277344,381.05999755859375,4311600
2023-05-03,359.0306396484375,374.8800048828125,380.20001220703125,374.6000061035156,377.9100036621094,5513000
2023-05-04,356.40655517578125,372.1400146484375,374.1099853515625,370.9200134277344,373.8399963378906,4421500
2023-05-05,362.9477844238281,378.9700012207031,380.0899963378906,375.42999267578125,375.739990234375,3139400
2023-05-08,363.14886474609375,379.17999267578125,379.6199951171875,377.8800048828125,379.4100036621094,2957600
2023-05-09,361.5782470703125,377.5400085449219,378.5799865722656,377.3299865722656,377.7099914550781,2271000
2023-05-10,363.1584167480469,379.19000244140625,380.8299865722656,375.6400146484375,380.2799987792969,3512900
2023-05-11,362.6508483886719,378.6600036621094,378.8800048828125,376.6700134277344,378.4700012207031,2676600
2023-05-12,362.1623840332031,378.1499938964844,380.010009765625,375.8399963378906,379.8500061035156,2531000
2023-05-15,363.4170837402344,379.4599914550781,379.8399963378906,376.9100036621094,378.739990234375,3882600
2023-05-16,361.0132141113281,376.95001220703125,379.2799987792969,376.9100036621094,378.3900146484375,2275300
2023-05-17,365.3229064941406,381.45001220703125,382.0899963378906,377.2799987792969,378.8500061035156,3222600
2023-05-18,368.8952331542969,385.17999267578125,385.57000732421875,381.0,381.260009765625,3340600
2023-05-19,368.3110046386719,384.57000732421875,386.5400085449219,383.44000244140625,386.0199890136719,3649000
2023-05-22,368.5121765136719,384.7799987792969,386.2300109863281,383.4700012207031,384.6600036621094,2784000
2023-05-23,364.39398193359375,380.4800109863281,384.1099853515625,380.0799865722656,383.19000244140625,2887300
2023-05-24,361.6643981933594,377.6300048828125,379.25,376.57000732421875,378.9100036621094,3611600
2023-05-25,364.8153381347656,380.9200134277344,382.2799987792969,378.9200134277344,380.989990234375,3315900
2023-05-26,369.5560302734375,385.8699951171875,386.57000732421875,381.5400085449219,381.6400146484375,3042800
2023-05-30,369.6709899902344,385.989990234375,388.260009765625,384.760009765625,387.760009765625,3968500
2023-05-31,367.6597900390625,383.8900146484375,385.1600036621094,382.4200134277344,384.30999755859375,4205300
2023-06-01,371.1842041015625,387.57000732421875,388.57000732421875,382.9700012207031,384.20001220703125,3563600
2023-06-02,376.6336669921875,393.260009765625,393.9599914550781,389.5400085449219,390.0799865722656,7368900
2023-06-05,375.90576171875,392.5,394.7699890136719,391.7900085449219,393.5400085449219,3481200
2023-06-06,376.6814880371094,393.30999755859375,393.7900085449219,391.4100036621094,392.04998779296875,2894700
2023-06-07,375.44598388671875,392.0199890136719,394.760009765625,391.5400085449219,393.6700134277344,3942900
2023-06-08,377.6966857910156,394.3699951171875,394.7300109863281,391.2900085449219,391.9599914550781,3455400
2023-06-09,378.3288269042969,395.0299987792969,396.92999267578125,394.0799865722656,395.04998779296875,3060100
2023-06-12,381.8053283691406,398.6600036621094,398.69000244140625,395.29998779296875,395.9800109863281,3792700
2023-06-13,384.3241271972656,401.2900085449219,401.8500061035156,399.3999938964844,400.0199890136719,3913100
2023-06-14,384.6210632324219,401.6000061035156,403.44000244140625,398.4599914550781,401.6099853515625,5161300
2023-06-15,389.55328369140625,406.75,407.92999267578125,400.8900146484375,401.0,5285000
2023-06-16,388.1167297363281,405.25,408.760009765625,404.8900146484375,408.69000244140625,5141900
2023-06-20,386.32574462890625,403.3800048828125,404.32000732421875,401.260009765625,403.489990234375,4242900
2023-06-21,384.209228515625,401.1700134277344,403.05999755859375,400.6700134277344,402.30999755859375,3423500
2023-06-22,385.60748291015625,402.6300048828125,402.7200012207031,399.95001220703125,400.2799987792969,3141000
2023-06-23,382.7151184082031,399.6099853515625,401.2799987792969,398.92999267578125,399.3299865722656,4215300
2023-06-26,381.1348876953125,397.9599914550781,400.8599853515625,397.7300109863281,399.0400085449219,3250700
2023-06-27,385.35845947265625,402.3699951171875,402.92999267578125,398.3900146484375,398.79998779296875,4302400
2023-06-28,385.5308837890625,402.54998779296875,403.489990234375,400.7099914550781,401.3500061035156,4320700
2023-06-29,387.00775146484375,402.510009765625,402.6700134277344,400.19000244140625,400.6000061035156,3914800
2023-06-30,391.5940246582031,407.2799987792969,408.2200012207031,405.2900085449219,405.3999938964844,5173700
2023-07-03,392.3439636230469,408.05999755859375,408.05999755859375,406.67999267578125,406.9200134277344,2372000
2023-07-05,391.4690246582031,407.1499938964844,407.8399963378906,406.010009765625,406.010009765625,4230100
2023-07-06,388.27685546875,403.8299865722656,404.3500061035156,401.55999755859375,403.7799987792969,6040300
2023-07-07,387.3730773925781,402.8900146484375,406.67999267578125,402.7099914550781,403.0299987792969,3673200
2023-07-10,388.41143798828125,403.9700012207031,404.1099853515625,402.05999755859375,402.6300048828125,3362300
2023-07-11,390.90167236328125,406.55999755859375,407.0,403.7699890136719,404.7699890136719,3177800
2023-07-12,393.9785461425781,409.760009765625,411.1300048828125,408.7900085449219,410.19000244140625,4246400
2023-07-13,397.1898498535156,413.1000061035156,413.80999755859375,411.1300048828125,411.5400085449219,3273400
2023-07-14,396.87255859375,412.7699890136719,414.7099914550781,412.0799865722656,413.94000244140625,3680900
2023-07-17,398.257080078125,414.2099914550781,415.25,412.6300048828125,412.6499938964844,2963700
2023-07-18,401.2761535644531,417.3500061035156,417.92999267578125,413.5400085449219,413.9100036621094,3594000
2023-07-19,402.1415100097656,418.25,419.3699951171875,417.489990234375,418.07000732421875,3494900
2023-07-20,399.5166320800781,415.5199890136719,418.1600036621094,414.82000732421875,417.29998779296875,4085000
2023-07-21,399.5647277832031,415.57000732421875,417.29998779296875,415.4800109863281,417.1099853515625,3176700
2023-07-24,401.2569274902344,417.3299865722656,418.1000061035156,416.0199890136719,416.5799865722656,3471100
2023-07-25,402.4395446777344,418.55999755859375,419.6499938964844,417.07000732421875,417.0799865722656,3949300
2023-07-26,402.5357360839844,418.6600036621094,419.8900146484375,416.5799865722656,417.6199951171875,6138800
2023-07-27,399.8050842285156,415.82000732421875,422.1499938964844,414.9200134277344,421.7900085449219,4149400
2023-07-28,403.6991271972656,419.8699951171875,420.6199951171875,418.1600036621094,418.92999267578125,2701200
2023-07-31,404.4779052734375,420.67999267578125,420.9700012207031,419.04998779296875,420.32000732421875,3452100
2023-08-01,403.22802734375,419.3800048828125,420.0799865722656,418.54998779296875,419.260009765625,3118000
2023-08-02,397.6417541503906,413.57000732421875,416.70001220703125,412.8800048828125,416.4599914550781,4973700
2023-08-03,396.516845703125,412.3999938964844,414.19000244140625,411.0899963378906,411.67999267578125,3022300
2023-08-04,394.5746154785156,410.3800048828125,416.1300048828125,410.0299987792969,414.1499938964844,5717300
2023-08-07,398.132080078125,414.0799865722656,414.239990234375,411.6400146484375,412.2900085449219,2598000
2023-08-08,396.41107177734375,412.2900085449219,412.739990234375,409.1300048828125,411.760009765625,3780100
2023-08-09,393.7765808105469,409.54998779296875,412.7300109863281,408.8500061035156,412.6600036621094,3145900
2023-08-10,394.00738525390625,409.7900085449219,415.04998779296875,408.6199951171875,411.79998779296875,4588300
2023-08-11,393.6419677734375,409.4100036621094,410.4100036621094,407.3399963378906,407.95001220703125,2918900
2023-08-14,395.863037109375,411.7200012207031,411.739990234375,408.30999755859375,408.55999755859375,2772900
2023-08-15,391.3247375488281,407.0,411.7099914550781,406.4100036621094,410.0899963378906,4686100
2023-08-16,388.43072509765625,403.989990234375,408.1099853515625,403.8699951171875,406.5899963378906,3353700
2023-08-17,385.2866516113281,400.7200012207031,405.5799865722656,400.3699951171875,405.3299865722656,7102500
2023-08-18,385.64239501953125,401.0899963378906,402.0199890136719,397.8500061035156,398.1700134277344,4157700
2023-08-21,388.1902770996094,403.739990234375,404.3900146484375,399.989990234375,402.1400146484375,3292400
2023-08-22,387.1038818359375,402.6099853515625,405.3999938964844,402.05999755859375,405.3500061035156,2646100
2023-08-23,391.2767333984375,406.95001220703125,407.6700134277344,403.4700012207031,403.55999755859375,3250000
2023-08-24,386.0751037597656,401.5400085449219,409.0799865722656,401.3999938964844,408.6000061035156,3458800
2023-08-25,388.63262939453125,404.20001220703125,405.79998779296875,399.7099914550781,403.0799865722656,4417800
2023-08-28,391.1901550292969,406.8599853515625,407.44000244140625,405.1000061035156,406.3599853515625,3236700
2023-08-29,396.74761962890625,412.6400146484375,412.9800109863281,406.57000732421875,406.7799987792969,3482700
2023-08-30,398.4013366699219,414.3599853515625,415.0299987792969,412.3999938964844,413.0299987792969,3004500
2023-08-31,397.89166259765625,413.8299865722656,416.1199951171875,413.6600036621094,414.9800109863281,4751100
2023-09-01,398.73785400390625,414.7099914550781,416.8800048828125,413.2099914550781,416.4599914550781,3588000
2023-09-05,396.99755859375,412.8999938964844,414.4700012207031,412.7699890136719,414.20001220703125,4426700
2023-09-06,394.25732421875,410.04998779296875,412.1300048828125,407.8299865722656,412.1000061035156,3744100
2023-09-07,393.0843200683594,408.8299865722656,409.42999267578125,406.8599853515625,407.1700134277344,2245800
2023-09-08,393.6227111816406,409.3900146484375,410.8399963378906,408.489990234375,408.82000732421875,4124400
2023-09-11,396.2091369628906,412.0799865722656,412.3800048828125,410.2900085449219,411.8800048828125,3346600
2023-09-12,394.0842590332031,409.8699951171875,412.1499938964844,409.2900085449219,410.70001220703125,7595300
2023-09-13,394.5457763671875,410.3500061035156,411.3999938964844,408.989990234375,410.0299987792969,2529700
2023-09-14,397.9590148925781,413.8999938964844,414.510009765625,411.4200134277344,412.6700134277344,3660900
2023-09-15,392.9977111816406,408.739990234375,412.6700134277344,408.4800109863281,412.3399963378906,4004000
2023-09-18,393.4304504394531,409.19000244140625,410.3399963378906,408.1600036621094,408.5799865722656,3014600
2023-09-19,392.64202880859375,408.3699951171875,408.80999755859375,405.7099914550781,408.2200012207031,3623300
2023-09-20,388.9691162109375,404.54998779296875,409.8399963378906,404.3299865722656,409.4599914550781,4009400
2023-09-21,382.59454345703125,397.9200134277344,402.04998779296875,397.69000244140625,401.79998779296875,4633100
2023-09-22,381.6714782714844,396.9599914550781,400.3299865722656,396.55999755859375,398.79998779296875,7204200
2023-09-25,383.2579040527344,398.6099853515625,398.6400146484375,395.3699951171875,395.760009765625,3227900
2023-09-26,377.63323974609375,392.760009765625,396.3599853515625,391.9599914550781,395.7200012207031,5734700
2023-09-27,377.7197265625,392.8500061035156,394.3900146484375,389.45001220703125,393.8399963378906,4837700
2023-09-28,379.9232177734375,393.6400146484375,395.2699890136719,390.3299865722656,390.8699951171875,4065800
2023-09-29,379.0159606933594,392.70001220703125,396.739990234375,391.29998779296875,396.6199951171875,5766600
2023-10-02,378.98699951171875,392.6700134277344,393.760009765625,389.9700012207031,391.8999938964844,5886200
2023-10-03,373.8910217285156,387.3900146484375,391.92999267578125,386.0299987792969,390.5799865722656,6886700
2023-10-04,376.6417236328125,390.239990234375,390.8500061035156,386.3999938964844,387.7300109863281,4333700
2023-10-05,376.3232116699219,389.9100036621094,390.7900085449219,386.95001220703125,389.8900146484375,3329100
2023-10-06,380.8111572265625,394.55999755859375,396.0899963378906,386.4100036621094,387.69000244140625,4897200
2023-10-09,383.3495178222656,397.19000244140625,397.69000244140625,392.30999755859375,392.7699890136719,2959500
2023-10-10,385.32806396484375,399.239990234375,401.67999267578125,397.3900146484375,397.7699890136719,3289600
2023-10-11,386.9591369628906,400.92999267578125,401.0899963378906,397.989990234375,400.2699890136719,4181800
2023-10-12,384.6331481933594,398.5199890136719,401.79998779296875,396.20001220703125,401.4800109863281,3872900
2023-10-13,382.60638427734375,396.4200134277344,400.9599914550781,394.9599914550781,399.80999755859375,3769800
2023-10-16,386.6117248535156,400.57000732421875,401.6000061035156,398.3399963378906,398.57000732421875,5150900
2023-10-17,386.6213684082031,400.5799865722656,402.5,397.30999755859375,397.6300048828125,4214600
2023-10-18,381.4481506347656,395.2200012207031,399.80999755859375,394.2200012207031,398.8900146484375,7329300
2023-10-19,378.21490478515625,391.8699951171875,397.6000061035156,391.1400146484375,395.9700012207031,6708900
2023-10-20,373.50494384765625,386.989990234375,391.82000732421875,386.8399963378906,391.3800048828125,7549600
2023-10-23,372.8486328125,386.30999755859375,389.94000244140625,383.8500061035156,385.4800109863281,5537100
2023-10-24,375.6379699707031,389.20001220703125,390.260009765625,386.54998779296875,388.2799987792969,4451500
2023-10-25,370.3391418457031,383.7099914550781,387.67999267578125,383.1199951171875,387.6000061035156,5471200
2023-10-26,365.7933349609375,379.0,383.3999938964844,378.1499938964844,382.6300048828125,6959400
2023-10-27,364.171875,377.32000732421875,380.8900146484375,375.95001220703125,380.5299987792969,5638800
2023-10-30,368.5537109375,381.8599853515625,382.79998779296875,378.7099914550781,379.9100036621094,5795800
2023-10-31,370.783203125,384.1700134277344,384.4800109863281,380.55999755859375,382.3500061035156,4523200
2023-11-01,374.86578369140625,388.3999938964844,389.0799865722656,384.6199951171875,385.0899963378906,5549200
2023-11-02,381.9886169433594,395.7799987792969,395.9100036621094,391.9200134277344,391.92999267578125,4752200
2023-11-03,385.5211181640625,399.44000244140625,400.8500061035156,397.8399963378906,397.9200134277344,5981400
2023-11-06,386.2643127441406,400.2099914550781,400.7300109863281,398.4599914550781,400.1199951171875,4007100
2023-11-07,387.3548889160156,401.3399963378906,402.0400085449219,399.2300109863281,400.260009765625,3358600
2023-11-08,387.6733703613281,401.6700134277344,402.5,399.55999755859375,401.989990234375,3731900
2023-11-09,384.74896240234375,398.6400146484375,402.8800048828125,398.2099914550781,402.80999755859375,4145600
2023-11-10,390.75225830078125,404.8599853515625,405.1099853515625,399.1400146484375,400.5899963378906,3992800
2023-11-13,390.3565673828125,404.45001220703125,405.489990234375,402.82000732421875,403.5899963378906,2872900
2023-11-14,397.85577392578125,412.2200012207031,413.510009765625,409.8900146484375,410.0400085449219,6973100
2023-11-15,398.72442626953125,413.1199951171875,414.7200012207031,412.3699951171875,413.5400085449219,4414800
2023-11-16,399.2842102050781,413.70001220703125,413.95001220703125,411.75,412.739990234375,3798900
2023-11-17,399.8729248046875,414.30999755859375,414.7900085449219,412.8699951171875,413.94000244140625,4696200
2023-11-20,402.88421630859375,417.42999267578125,418.20001220703125,413.9800109863281,413.989990234375,3517600
2023-11-21,401.8321838378906,416.3399963378906,416.8399963378906,415.29998779296875,416.3999938964844,5248200
2023-11-22,403.5694580078125,418.1400146484375,419.30999755859375,417.05999755859375,418.07000732421875,3692800
2023-11-24,403.7914733886719,418.3699951171875,418.489990234375,417.8399963378906,418.19000244140625,1351300
2023-11-27,403.0869140625,417.6400146484375,418.5299987792969,417.2300109863281,417.7900085449219,3632600
2023-11-28,403.4826354980469,418.04998779296875,419.25,416.7099914550781,417.25,3382400
2023-11-29,403.2220764160156,417.7799987792969,421.1199951171875,417.3699951171875,420.05999755859375,4092600
2023-11-30,404.7855529785156,419.3999938964844,419.70001220703125,416.57000732421875,418.5400085449219,4405700
2023-12-01,407.1598205566406,421.8599853515625,422.3699951171875,418.25,418.8299865722656,4973600
2023-12-04,405.11376953125,419.739990234375,419.8699951171875,417.5,418.6499938964844,5806100
2023-12-05,404.98828125,419.6099853515625,420.4700012207031,418.0,418.3399963378906,3419300
2023-12-06,403.2992248535156,417.8599853515625,421.6700134277344,417.4599914550781,421.6099853515625,4201800
2023-12-07,406.45526123046875,421.1300048828125,421.6700134277344,419.2799987792969,419.80999755859375,3248300
2023-12-08,408.1828918457031,422.9200134277344,423.3699951171875,420.1499938964844,420.3699951171875,5125300
2023-12-11,409.7657470703125,424.55999755859375,424.7099914550781,422.2200012207031,422.4100036621094,5247100
2023-12-12,411.80230712890625,426.6700134277344,426.6700134277344,423.2699890136719,424.2200012207031,5982600
2023-12-13,417.4098205566406,432.4800109863281,432.6099853515625,426.510009765625,426.8800048828125,8659100
2023-12-14,418.63555908203125,433.75,435.3599853515625,431.239990234375,434.2200012207031,8349100
2023-12-15,417.9985656738281,433.0899963378906,434.25,432.239990234375,433.19000244140625,5326000
2023-12-18,420.3631286621094,435.5400085449219,436.3999938964844,434.45001220703125,434.6400146484375,4280500
2023-12-19,422.9208679199219,438.19000244140625,438.2200012207031,435.95001220703125,436.0400085449219,4061500
2023-12-20,416.816162109375,430.0899963378906,437.30999755859375,429.8999938964844,435.510009765625,5783200
2023-12-21,420.8769226074219,434.2799987792969,434.6400146484375,430.8599853515625,433.1300048828125,4621600
2023-12-22,421.8557434082031,435.2900085449219,436.8399963378906,433.4800109863281,435.4599914550781,4037800
2023-12-26,423.60986328125,437.1000061035156,437.9200134277344,435.5799865722656,435.6700134277344,3835800
2023-12-27,424.3851623535156,437.8999938964844,438.0199890136719,436.4200134277344,436.8999938964844,4271000
2023-12-28,424.45306396484375,437.9700012207031,438.8399963378906,437.6600036621094,438.25,4703700
2023-12-29,423.319091796875,436.79998779296875,438.3399963378906,434.94000244140625,437.8699951171875,4376900
2024-01-02,420.615234375,434.010009765625,435.2699890136719,432.3599853515625,433.9100036621094,9076000
2024-01-03,417.49462890625,430.7900085449219,433.0,430.25,432.32000732421875,4805000
2024-01-04,416.1766052246094,429.42999267578125,432.7799987792969,429.2099914550781,430.3299865722656,3945300
2024-01-05,416.7096862792969,429.9800109863281,432.29998779296875,428.6400146484375,429.5899963378906,5724600
2024-01-08,422.6698303222656,436.1300048828125,436.2699890136719,430.3699951171875,430.45001220703125,7222400
2024-01-09,421.64251708984375,435.07000732421875,436.42999267578125,433.1600036621094,433.6199951171875,7939600
2024-01-10,424.4239501953125,437.94000244140625,438.739990234375,435.4800109863281,435.7699890136719,4278800
2024-01-11,424.27862548828125,437.7900085449219,439.3599853515625,434.0,438.94000244140625,4796600
2024-01-12,424.4724426269531,437.989990234375,439.79998779296875,436.7300109863281,439.1099853515625,5182700
2024-01-16,423.0284118652344,436.5,437.9800109863281,434.739990234375,436.7900085449219,5730800
2024-01-17,420.6733703613281,434.07000732421875,434.4800109863281,431.80999755859375,433.6000061035156,6044600
2024-01-18,424.4142150878906,437.92999267578125,438.3900146484375,434.1600036621094,435.5799865722656,4331300
2024-01-19,429.60882568359375,443.2900085449219,443.6099853515625,438.30999755859375,439.0,4836800
2024-01-22,430.587646484375,444.29998779296875,445.9200134277344,443.67999267578125,444.7699890136719,5870400
2024-01-23,431.866943359375,445.6199951171875,445.82000732421875,443.7799987792969,444.8299865722656,3251600
2024-01-24,432.22552490234375,445.989990234375,449.19000244140625,445.75,448.32000732421875,4568200
2024-01-25,434.6580505371094,448.5,448.760009765625,446.1099853515625,448.1400146484375,4167100
2024-01-26,434.3963928222656,448.2300109863281,449.510009765625,447.1600036621094,448.1000061035156,6404000
2024-01-29,437.5558166503906,451.489990234375,451.6099853515625,447.7099914550781,448.2300109863281,4543300
2024-01-30,437.24566650390625,451.1700134277344,451.80999755859375,450.44000244140625,450.8399963378906,3410000
2024-01-31,430.12249755859375,443.82000732421875,449.4700012207031,443.75,449.0400085449219,7108000
2024-02-01,435.78228759765625,449.6600036621094,449.6600036621094,444.6499938964844,445.3500061035156,6138400
2024-02-02,440.2596740722656,454.2799987792969,455.8800048828125,449.69000244140625,450.010009765625,6253500
2024-02-05,438.65093994140625,452.6199951171875,454.1499938964844,450.5400085449219,453.7300109863281,7101900
2024-02-06,440.0173645019531,454.0299987792969,454.2900085449219,452.2099914550781,453.5799865722656,4383600
2024-02-07,443.63226318359375,457.760009765625,458.17999267578125,455.2699890136719,456.1499938964844,6763400
2024-02-08,443.9327087402344,458.07000732421875,458.3299865722656,457.0299987792969,457.80999755859375,4184600
2024-02-09,446.4524841308594,460.6700134277344,461.0299987792969,458.1700134277344,458.5400085449219,4002600
2024-02-12,446.24896240234375,460.4599914550781,462.739990234375,459.75,460.6099853515625,4564200
2024-02-13,439.95916748046875,453.9700012207031,455.70001220703125,451.0,454.4800109863281,8152200
2024-02-14,444.14593505859375,458.2900085449219,458.6700134277344,454.3999938964844,456.5799865722656,5624000
2024-02-15,447.15020751953125,461.3900146484375,461.5400085449219,458.42999267578125,458.8999938964844,5695700
2024-02-16,444.8630676269531,459.0299987792969,462.1499938964844,458.3999938964844,461.0799865722656,5527900
2024-02-20,442.4208679199219,456.510009765625,458.05999755859375,454.42999267578125,457.44000244140625,5306800
2024-02-21,442.86663818359375,456.9700012207031,457.1199951171875,453.6000061035156,455.32000732421875,4208600
2024-02-22,452.1703796386719,466.57000732421875,467.3299865722656,462.32000732421875,463.2200012207031,4328500
2024-02-23,452.3739013671875,466.7799987792969,468.8699951171875,466.0899963378906,468.0899963378906,4050600
2024-02-26,450.7166748046875,465.07000732421875,467.5899963378906,464.94000244140625,467.19000244140625,3450800
2024-02-27,451.55010986328125,465.92999267578125,466.1199951171875,463.9100036621094,465.7099914550781,3586900
2024-02-28,450.852294921875,465.2099914550781,465.8299865722656,464.1099853515625,464.489990234375,2800600
2024-02-29,452.51922607421875,466.92999267578125,468.489990234375,464.4700012207031,466.9700012207031,7332900
2024-03-01,456.88037109375,471.42999267578125,471.7699890136719,467.42999267578125,467.8299865722656,4839400
2024-03-04,456.3376159667969,470.8699951171875,472.6000061035156,470.6000061035156,470.6099853515625,3970200
2024-03-05,451.7633056640625,466.1499938964844,469.3800048828125,464.05999755859375,468.95001220703125,4616500
2024-03-06,454.1570129394531,468.6199951171875,470.6600036621094,467.32000732421875,469.25,5325100
2024-03-07,458.65386962890625,473.260009765625,474.19000244140625,470.7799987792969,471.6300048828125,7149800
2024-03-08,455.8724670410156,470.3900146484375,476.29998779296875,469.82000732421875,473.7699890136719,6285600
2024-03-11,455.4945373535156,470.0,470.4599914550781,467.3900146484375,469.20001220703125,5323900
2024-03-12,460.3692932128906,475.0299987792969,475.54998779296875,469.57000732421875,471.9200134277344,4811000
2024-03-13,459.6714782714844,474.30999755859375,475.4700012207031,472.8999938964844,475.30999755859375,3544500
2024-03-14,458.6635437011719,473.2699890136719,475.3299865722656,470.45001220703125,475.1600036621094,5153000
2024-03-15,455.5042419433594,470.010009765625,471.7799987792969,468.7200012207031,470.4100036621094,6807100
2024-03-18,458.35345458984375,472.95001220703125,475.2799987792969,472.5,473.95001220703125,3939100
2024-03-19,460.92169189453125,475.6000061035156,475.739990234375,471.2900085449219,472.20001220703125,4550200
2024-03-20,464.9435729980469,479.75,480.0199890136719,474.92999267578125,475.5400085449219,6179400
2024-03-21,466.4942321777344,481.3500061035156,483.239990234375,481.2099914550781,482.6199951171875,5044700
2024-03-22,465.8845520019531,479.17999267578125,480.32000732421875,478.82000732421875,479.8699951171875,5881500
2024-03-25,464.6789855957031,477.94000244140625,478.7900085449219,477.54998779296875,477.7300109863281,6081300
2024-03-26,463.376220703125,476.6000061035156,479.3699951171875,476.42999267578125,479.05999755859375,8073500
2024-03-27,467.4208068847656,480.760009765625,480.8699951171875,477.45001220703125,479.510009765625,4951400
2024-03-28,467.3624572753906,480.70001220703125,482.1600036621094,480.5,480.8699951171875,4065000
2024-04-01,466.7499084472656,480.07000732421875,481.9599914550781,478.8299865722656,481.44000244140625,5734000
2024-04-02,463.697021484375,476.92999267578125,476.989990234375,474.7099914550781,476.3299865722656,4817800
2024-04-03,464.1150817871094,477.3599853515625,478.79998779296875,475.7900085449219,475.8399963378906,6224800
2024-04-04,458.3982238769531,471.4800109863281,481.4800109863281,471.2699890136719,481.20001220703125,6871200
2024-04-05,463.2692565917969,476.489990234375,478.3299865722656,472.4200134277344,472.8500061035156,5588200
2024-04-08,463.4539794921875,476.67999267578125,478.07000732421875,475.9700012207031,477.1499938964844,4736800
2024-04-09,464.027587890625,477.2699890136719,478.6000061035156,472.739990234375,478.3800048828125,5250400
2024-04-10,459.5357971191406,472.6499938964844,474.3900146484375,470.6700134277344,471.9100036621094,6933400
2024-04-11,462.85113525390625,476.05999755859375,477.42999267578125,470.6700134277344,473.9800109863281,5109900
2024-04-12,456.541259765625,469.57000732421875,474.04998779296875,467.9100036621094,472.7699890136719,6959700
2024-04-15,450.74658203125,463.6099853515625,473.5899963378906,462.8500061035156,473.4700012207031,9530000
2024-04-16,449.93963623046875,462.7799987792969,465.510009765625,461.5899963378906,464.04998779296875,6761400
2024-04-17,447.22705078125,459.989990234375,465.239990234375,458.7300109863281,465.1099853515625,7156200
2024-04-18,446.2062072753906,458.94000244140625,463.29998779296875,458.2099914550781,461.3599853515625,5637300
2024-04-19,442.47271728515625,455.1000061035156,459.94000244140625,453.8999938964844,458.989990234375,9787500
2024-04-22,446.3130798339844,459.04998779296875,461.7300109863281,455.3500061035156,457.54998779296875,5818100
2024-04-23,451.94244384765625,464.8399963378906,465.1300048828125,460.6700134277344,461.17999267578125,4257400
2024-04-24,451.6119079589844,464.5,466.30999755859375,462.44000244140625,465.57000732421875,7687800
2024-04-25,449.7452087402344,462.5799865722656,463.4599914550781,457.260009765625,458.7699890136719,4876200
2024-04-26,454.2466735839844,467.2099914550781,468.6300048828125,464.80999755859375,465.3299865722656,4907100
2024-04-29,455.83148193359375,468.8399963378906,469.4200134277344,466.2099914550781,468.8399963378906,3253200
2024-04-30,448.6270446777344,461.42999267578125,468.3399963378906,461.3599853515625,467.4200134277344,4364800
2024-05-01,447.1686706542969,459.92999267578125,467.07000732421875,459.44000244140625,460.7699890136719,6115400
2024-05-02,451.3396301269531,464.2200012207031,464.95001220703125,459.1600036621094,463.3599853515625,3972400
2024-05-03,456.9399108886719,469.9800109863281,471.0,467.44000244140625,469.760009765625,4586900
2024-05-06,461.54833984375,474.7200012207031,474.80999755859375,471.82000732421875,472.2200012207031,4782500
2024-05-07,462.20947265625,475.3999938964844,476.6400146484375,474.7099914550781,475.70001220703125,3451300
2024-05-08,462.22900390625,475.4200134277344,475.8599853515625,473.5,473.5899963378906,3214900
2024-05-09,464.88311767578125,478.1499938964844,478.1499938964844,474.94000244140625,475.5899963378906,3486000
2024-05-10,465.45684814453125,478.739990234375,480.3900146484375,477.5899963378906,479.69000244140625,3347200
2024-05-13,465.4859924316406,478.7699890136719,480.4200134277344,477.7300109863281,480.3500061035156,3108400
2024-05-14,467.6930236816406,481.0400085449219,481.4700012207031,478.4800109863281,478.9800109863281,3257700
2024-05-15,473.3903503417969,486.8999938964844,487.2300109863281,482.739990234375,483.3399963378906,4399500
2024-05-16,472.4862060546875,485.9700012207031,488.57000732421875,485.8299865722656,487.04998779296875,3347400
2024-05-17,473.1861877441406,486.69000244140625,486.7300109863281,484.70001220703125,486.0899963378906,3274000
2024-05-20,473.65289306640625,487.1700134277344,488.6099853515625,486.45001220703125,486.7799987792969,2599600
2024-05-21,474.92657470703125,488.4800109863281,488.5799865722656,486.3500061035156,486.5299987792969,2453600
2024-05-22,473.54595947265625,487.05999755859375,488.42999267578125,484.94000244140625,487.7900085449219,3250600
2024-05-23,470.0263366699219,483.44000244140625,489.989990234375,482.2900085449219,489.9100036621094,3811300
2024-05-24,473.2251281738281,486.7300109863281,487.3999938964844,484.3299865722656,485.17999267578125,2555200
2024-05-28,473.6042785644531,487.1199951171875,487.6499938964844,484.5299987792969,487.3999938964844,4034700
2024-05-29,470.26947021484375,483.69000244140625,484.67999267578125,482.9599914550781,483.19000244140625,5605000
2024-05-30,467.109619140625,480.44000244140625,482.75,479.20001220703125,482.1199951171875,3386800
2024-05-31,471.17364501953125,484.6199951171875,484.9100036621094,476.4800109863281,481.239990234375,5334000
2024-06-03,471.68896484375,485.1499938964844,486.4100036621094,480.3999938964844,486.29998779296875,4211300
2024-06-04,472.2625427246094,485.739990234375,486.4100036621094,482.55999755859375,484.0,2560300
2024-06-05,477.911376953125,491.54998779296875,491.54998779296875,486.05999755859375,487.8699951171875,3026100
2024-06-06,477.8044128417969,491.44000244140625,492.17999267578125,489.6400146484375,491.8399963378906,21344000
2024-06-07,477.18218994140625,490.79998779296875,493.5299987792969,489.5400085449219,490.54998779296875,3063600
2024-06-10,478.74749755859375,492.4100036621094,492.69000244140625,489.55999755859375,490.1700134277344,3461900
2024-06-11,479.83642578125,493.5299987792969,493.6600036621094,489.1099853515625,490.989990234375,4028400
2024-06-12,483.8323974609375,497.6400146484375,500.1499938964844,496.7099914550781,497.92999267578125,3698800
2024-06-13,484.746337890625,498.5799865722656,499.45001220703125,496.05999755859375,499.29998779296875,8808900
2024-06-14,485.13525390625,498.9800109863281,499.0400085449219,496.2900085449219,497.260009765625,5812000
2024-06-17,488.9853820800781,502.94000244140625,504.17999267578125,497.9100036621094,498.4800109863281,4609500
2024-06-18,490.28814697265625,504.2799987792969,504.3599853515625,502.6300048828125,503.04998779296875,3431700
2024-06-20,488.9270324707031,502.8800048828125,505.739990234375,501.19000244140625,505.1400146484375,4810900
2024-06-21,487.8575439453125,501.7799987792969,503.2200012207031,500.8500061035156,502.1000061035156,4338100
2024-06-24,486.54498291015625,500.42999267578125,504.44000244140625,500.42999267578125,502.0299987792969,7022800
2024-06-25,488.5672912597656,502.510009765625,502.8299865722656,500.32000732421875,501.7099914550781,6325200
2024-06-26,489.1117248535156,503.07000732421875,503.7699890136719,500.8900146484375,501.4700012207031,3202700
2024-06-27,489.8701171875,503.8500061035156,504.4800109863281,502.32000732421875,503.0,3619700
2024-06-28,487.98114013671875,500.1300048828125,505.7300109863281,499.010009765625,502.9700012207031,5598600
2024-07-01,489.1031494140625,501.2799987792969,501.67999267578125,498.6000061035156,501.489990234375,4368500
2024-07-02,492.2742614746094,504.5299987792969,504.6099853515625,499.6099853515625,499.69000244140625,4210100
2024-07-03,494.49884033203125,506.80999755859375,507.1400146484375,504.2200012207031,504.2200012207031,2131100
2024-07-05,497.4552307128906,509.8399963378906,510.1000061035156,506.489990234375,507.1300048828125,3156900
2024-07-08,497.9333190917969,510.3299865722656,511.2099914550781,509.32000732421875,510.5,3143400
2024-07-09,498.4797668457031,510.8900146484375,512.010009765625,510.5400085449219,511.2099914550781,3140600
2024-07-10,503.2802734375,515.8099975585938,516.1799926757812,511.69000244140625,511.9800109863281,3446900
2024-07-11,498.9676208496094,511.3900146484375,516.7899780273438,510.8299865722656,516.0,5537800
2024-07-12,502.05078125,514.5499877929688,518.030029296875,512.1699829101562,512.489990234375,5238200
2024-07-15,503.5729064941406,516.1099853515625,519.1199951171875,514.3400268554688,516.5800170898438,7771500
2024-07-16,506.4317321777344,519.0399780273438,519.4000244140625,516.5999755859375,517.3300170898438,4164300
2024-07-17,499.3578796386719,511.7900085449219,515.1099853515625,511.55999755859375,513.5599975585938,4984300
2024-07-18,495.60137939453125,507.94000244140625,514.1900024414062,505.8699951171875,513.25,5055900
2024-07-19,492.2937316894531,504.54998779296875,509.20001220703125,503.55999755859375,507.6400146484375,4039400
2024-07-22,497.4064636230469,509.7900085449219,510.32000732421875,506.44000244140625,508.2699890136719,4342900
2024-07-23,496.5771484375,508.94000244140625,511.6499938964844,508.489990234375,509.6600036621094,3116000
2024-07-24,485.21014404296875,497.2900085449219,504.70001220703125,496.54998779296875,504.42999267578125,6157400
2024-07-25,482.7611083984375,494.7799987792969,503.1400146484375,493.9200134277344,497.54998779296875,5646600
2024-07-26,488.17626953125,500.3299865722656,502.8900146484375,497.6700134277344,498.3599853515625,3636000
2024-07-29,488.53729248046875,500.70001220703125,502.7699890136719,498.7699890136719,501.82000732421875,3096200
2024-07-30,485.98089599609375,498.0799865722656,503.010009765625,494.9200134277344,502.04998779296875,3817800
2024-07-31,493.6402282714844,505.92999267578125,508.6499938964844,503.30999755859375,504.4800109863281,5367600
2024-08-01,486.9078369140625,499.0299987792969,509.8999938964844,495.75,507.8399963378906,6939200
2024-08-02,478.0093994140625,489.9100036621094,493.5199890136719,485.79998779296875,492.4100036621094,8561200
2024-08-05,463.6567077636719,475.20001220703125,481.17999267578125,468.8900146484375,470.1700134277344,15244300
2024-08-06,468.2815856933594,479.94000244140625,486.8599853515625,475.94000244140625,477.3900146484375,8255000
2024-08-07,465.0325012207031,476.6099853515625,488.54998779296875,476.1099853515625,485.70001220703125,5976400
2024-08-08,475.88238525390625,487.7300109863281,488.2699890136719,479.6400146484375,481.489990234375,4177200
2024-08-09,477.9216003417969,489.82000732421875,491.2099914550781,485.82000732421875,486.92999267578125,7661300
2024-08-12,478.1655578613281,490.07000732421875,492.3500061035156,487.9800109863281,490.94000244140625,3578100
2024-08-13,486.1077880859375,498.2099914550781,498.3800048828125,492.9200134277344,493.1400146484375,3247900
2024-08-14,487.65911865234375,499.79998779296875,500.8500061035156,496.4800109863281,498.9200134277344,3700500
2024-08-15,496.03070068359375,508.3800048828125,508.5899963378906,504.489990234375,505.0899963378906,4279000
2024-08-16,497.07476806640625,509.45001220703125,510.1099853515625,506.6499938964844,506.8399963378906,3449300
2024-08-19,501.8556823730469,514.3499755859375,514.3499755859375,509.05999755859375,509.8599853515625,3804300
2024-08-20,501.0263671875,513.5,515.47998046875,512.25,513.9199829101562,3156000
2024-08-21,502.7826232910156,515.2999877929688,516.6599731445312,512.8499755859375,514.469970703125,3344100
2024-08-22,498.7138977050781,511.1300048828125,517.6300048828125,510.1000061035156,517.0499877929688,3677100
2024-08-23,504.1095275878906,516.6599731445312,517.5499877929688,512.25,514.3300170898438,5102800
2024-08-26,502.8704528808594,515.3900146484375,518.2899780273438,513.8800048828125,517.6400146484375,3398600
2024-08-27,503.54364013671875,516.0800170898438,516.5900268554688,513.1599731445312,514.260009765625,3031800
2024-08-28,500.6653747558594,513.1300048828125,516.22998046875,510.1600036621094,515.7999877929688,3940400
2024-08-29,500.7434387207031,513.2100219726562,518.0900268554688,512.1300048828125,514.989990234375,3487100
2024-08-30,505.4560852050781,518.0399780273438,518.5800170898438,512.1199951171875,515.4199829101562,5637700
2024-09-03,495.23065185546875,507.55999755859375,515.4299926757812,505.1000061035156,515.1199951171875,5866400
2024-09-04,494.0012512207031,506.29998779296875,509.5299987792969,505.0199890136719,505.67999267578125,3601400
2024-09-05,492.7816162109375,505.04998779296875,508.94000244140625,502.8399963378906,506.3599853515625,3425600
2024-09-06,484.575927734375,496.6400146484375,506.94000244140625,495.79998779296875,505.3399963378906,7411400
2024-09-09,490.03009033203125,502.2300109863281,503.3699951171875,498.75,500.6000061035156,3656800
2024-09-10,492.0498046875,504.29998779296875,504.7099914550781,499.5,503.95001220703125,2975400
2024-09-11,497.0845031738281,509.4599914550781,510.44000244140625,496.25,504.30999755859375,5956900
2024-09-12,501.358154296875,513.8400268554688,514.1400146484375,508.05999755859375,510.0899963378906,4092900
2024-09-13,504.02178955078125,516.5700073242188,517.530029296875,514.22998046875,514.4299926757812,4416600
2024-09-16,504.7828063964844,517.3499755859375,517.5900268554688,514.6500244140625,516.3400268554688,4256300
2024-09-17,505.0170593261719,517.5900268554688,520.739990234375,515.5,519.4400024414062,8150000
2024-09-18,503.3777770996094,515.9099731445312,522.72998046875,515.469970703125,518.1799926757812,6921300
2024-09-19,512.1591796875,524.9099731445312,526.5999755859375,522.1900024414062,524.8800048828125,5558400
2024-09-20,511.154296875,523.8800048828125,524.9199829101562,521.1199951171875,523.510009765625,5612700
2024-09-23,512.412841796875,525.1699829101562,525.8300170898438,523.8300170898438,525.0,29289200
2024-09-24,513.8861694335938,526.6799926757812,526.8400268554688,523.3800048828125,526.010009765625,4650600
2024-09-25,512.8422241210938,525.6099853515625,527.2999877929688,524.6500244140625,526.6099853515625,35418000
2024-09-26,514.8814086914062,527.7000122070312,529.9199829101562,525.489990234375,529.6699829101562,5273900
2024-09-27,514.2149047851562,525.3800048828125,527.77001953125,524.3200073242188,527.0900268554688,5598600
2024-09-30,516.4561767578125,527.6699829101562,527.9600219726562,522.1900024414062,524.3200073242188,8013000
2024-10-01,511.63092041015625,522.739990234375,527.0999755859375,520.22998046875,527.0399780273438,9198700
2024-10-02,511.71905517578125,522.8300170898438,523.8499755859375,519.5800170898438,521.8499755859375,3270600
2024-10-03,510.7501220703125,521.8400268554688,523.760009765625,519.8200073242188,521.5599975585938,4008000
2024-10-04,515.4579467773438,526.6500244140625,527.02001953125,522.2999877929688,526.1599731445312,5354400
2024-10-07,510.81866455078125,521.9099731445312,525.719970703125,520.8099975585938,525.1400146484375,3970500
2024-10-08,515.653564453125,526.8499755859375,527.3800048828125,523.5,524.3200073242188,2626700
2024-10-09,519.1771240234375,530.4500122070312,531.030029296875,526.3099975585938,526.8699951171875,2941800
2024-10-10,518.3060302734375,529.5599975585938,530.9000244140625,528.0900268554688,529.27001953125,3637600
2024-10-11,521.38916015625,532.7100219726562,533.4299926757812,529.3900146484375,529.5,5429200
2024-10-14,525.6564331054688,537.0700073242188,537.97998046875,533.969970703125,534.25,2638900
2024-10-15,521.6533813476562,532.97998046875,537.6099853515625,531.8200073242188,537.3800048828125,4811300
2024-10-16,523.845703125,535.219970703125,535.72998046875,532.219970703125,532.9299926757812,3237200
2024-10-17,523.924072265625,535.2999877929688,538.760009765625,535.1500244140625,538.6199951171875,3225300
2024-10-18,525.9402465820312,537.3599853515625,538.0999755859375,535.5599975585938,536.9000244140625,5070400
2024-10-21,525.1279907226562,536.530029296875,537.6099853515625,533.7100219726562,536.719970703125,3671400
2024-10-22,524.7657470703125,536.1599731445312,537.280029296875,533.469970703125,534.1099853515625,3366600
2024-10-23,519.9797973632812,531.27001953125,534.719970703125,528.02001953125,534.280029296875,5227800
2024-10-24,521.1542358398438,532.469970703125,533.1799926757812,530.0399780273438,533.1699829101562,4477800
2024-10-25,520.9486694335938,532.260009765625,537.260009765625,531.4099731445312,534.6500244140625,4327200
2024-10-28,522.5733642578125,533.9199829101562,535.5700073242188,533.6699829101562,535.530029296875,3408000
2024-10-29,523.4053344726562,534.77001953125,535.8200073242188,531.75,533.1199951171875,3027600
2024-10-30,521.8296508789062,533.1599731445312,536.2000122070312,532.5900268554688,534.3499755859375,3067000
2024-10-31,511.5625,522.6699829101562,529.22998046875,522.510009765625,529.0900268554688,7972800
2024-11-01,513.7843017578125,524.9400024414062,529.0800170898438,524.5399780273438,525.1599731445312,6106900
2024-11-04,512.6683959960938,523.7999877929688,526.280029296875,522.030029296875,525.0599975585938,3681500
2024-11-05,518.83447265625,530.0999755859375,530.1699829101562,524.47998046875,524.719970703125,3300300
2024-11-06,531.7540893554688,543.2999877929688,544.1400146484375,538.1699829101562,541.6500244140625,7483300
2024-11-07,535.8942260742188,547.530029296875,548.47998046875,545.1500244140625,545.219970703125,6051300
2024-11-08,538.2626953125,549.9500122070312,551.239990234375,548.0599975585938,548.0700073242188,6798000
2024-11-11,538.7031860351562,550.4000244140625,551.72998046875,548.8499755859375,551.4299926757812,4893100
2024-11-12,537.0882568359375,548.75,550.9400024414062,546.4299926757812,550.3900146484375,4818600
2024-11-13,537.3623046875,549.030029296875,550.8800048828125,546.969970703125,549.1599731445312,3701600
2024-11-14,533.9464111328125,545.5399780273438,549.5700073242188,544.8800048828125,549.0999755859375,3940300
2024-11-15,527.05615234375,538.5,542.5700073242188,536.75,542.1300048828125,7360100
2024-11-18,529.2386474609375,540.72998046875,541.9299926757812,538.1500244140625,538.9199829101562,4494500
2024-11-19,531.1668090820312,542.7000122070312,543.3699951171875,536.9000244140625,537.5,6978400
2024-11-20,531.3626098632812,542.9000244140625,543.0700073242188,537.4400024414062,542.780029296875,3949100
2024-11-21,534.0443725585938,545.6400146484375,547.0700073242188,540.0399780273438,545.5800170898438,4530600
2024-11-22,535.83544921875,547.469970703125,548.0499877929688,545.3699951171875,545.8200073242188,5574600
2024-11-25,537.5579833984375,549.22998046875,552.3800048828125,547.2000122070312,551.2000122070312,4305000
2024-11-26,540.5725708007812,552.3099975585938,552.8200073242188,549.8499755859375,550.5,4438600
2024-11-27,538.8499145507812,550.5499877929688,552.3800048828125,549.1099853515625,552.0399780273438,3312200
2024-11-29,541.6884155273438,553.4500122070312,554.7000122070312,551.0700073242188,551.2899780273438,3988700
2024-12-02,543.2152099609375,555.010009765625,555.5700073242188,553.8900146484375,554.3599853515625,5441000
2024-12-03,543.342529296875,555.1400146484375,555.4299926757812,553.7899780273438,554.7999877929688,4202900
2024-12-04,546.7681274414062,558.6400146484375,558.8800048828125,556.1699829101562,556.8300170898438,5490300
2024-12-05,545.8578491210938,557.7100219726562,559.4099731445312,557.4600219726562,558.6300048828125,3021600
2024-12-06,546.9442138671875,558.8200073242188,559.9600219726562,558.0800170898438,558.469970703125,5134900
2024-12-09,544.0960693359375,555.9099731445312,558.8699951171875,555.3800048828125,558.7100219726562,4412300
2024-12-10,542.5496826171875,554.3300170898438,556.8800048828125,553.5700073242188,556.5800170898438,4110100
2024-12-11,546.6604614257812,558.530029296875,559.3900146484375,556.6599731445312,556.9199829101562,3514400
2024-12-12,543.8416137695312,555.6500244140625,558.2000122070312,555.6199951171875,557.6699829101562,4048600
2024-12-13,543.802490234375,555.6099853515625,558.1599731445312,554.2000122070312,557.510009765625,4666900
2024-12-16,545.93603515625,557.7899780273438,558.7999877929688,556.4199829101562,557.1300048828125,22846800
2024-12-17,543.6458740234375,555.4500122070312,556.3900146484375,554.2899780273438,555.469970703125,6110900
2024-12-18,527.6824951171875,539.1400146484375,557.530029296875,538.530029296875,555.2999877929688,24584900
2024-12-19,527.4866333007812,538.9400024414062,545.0999755859375,538.6500244140625,543.6900024414062,16792100
2024-12-20,533.45703125,545.0399780273438,549.5399780273438,535.8499755859375,536.6099853515625,9389400
2024-12-23,537.2755737304688,547.1900024414062,547.3599853515625,540.3200073242188,543.3099975585938,7063400
2024-12-24,542.8036499023438,552.8200073242188,552.9000244140625,547.5399780273438,548.0599975585938,3439300
2024-12-26,542.7937622070312,552.8099975585938,553.969970703125,549.9199829101562,551.2000122070312,4492000
2024-12-27,537.1676025390625,547.0800170898438,549.6199951171875,543.2000122070312,549.3699951171875,7077100
2024-12-30,531.1879272460938,540.989990234375,544.0900268554688,537.4000244140625,540.5599975585938,6505100
2024-12-31,529.04736328125,538.8099975585938,543.0700073242188,537.4000244140625,542.4500122070312,6040800
