Date,Close,High,Low,Open,Volume
2016-01-04,154.62962341308594,154.6380212553601,152.7587352131524,154.1765879858907,4193500
2016-01-05,154.9064483642578,155.30914785314908,153.89129540086054,154.84772748955444,2882500
2016-01-06,152.9433135986328,153.84939728469396,152.0120619880913,152.63288786072613,2755100
2016-01-07,149.2183074951172,151.85265694328518,148.91627959907802,150.3005666549971,4952500
2016-01-08,147.63262939453125,150.61934188283846,147.36415452738234,150.14952366691412,7357300
2016-01-11,147.64942932128906,148.7652541137323,146.0302204956155,148.53033217706047,4493300
2016-01-12,148.87428283691406,149.6377437831265,147.0369481032846,149.12597480618672,2998800
2016-01-13,145.23318481445312,149.87265874377906,144.90598908205968,149.6964705179122,4125700
2016-01-14,147.59068298339844,148.64777400064966,144.3522784112758,145.80368390038137,5081400
2016-01-15,144.427734375,145.19119514671772,142.70786738149366,143.63072065578785,8087300
2016-01-19,144.58718872070312,146.22316749957872,143.22806985849672,146.14766374091985,5863300
2016-01-20,142.89247131347656,144.2012541740017,139.23458477431356,142.2800178762016,8577600
2016-01-21,143.58880615234375,145.25835054726122,142.06189702467037,143.28677834224777,3004600
2016-01-22,146.53359985351562,146.70139025870958,145.29192269158813,146.00504791564666,2611700
2016-01-25,144.36065673828125,146.25671228163347,144.1593006091525,146.063753992209,2756400
2016-01-26,146.31546020507812,146.53359925236396,144.62914551717773,145.0150749689692,2263700
2016-01-27,144.6543426513672,147.33902807040303,143.88249639349374,145.88762221601004,3543000
2016-01-28,145.4429931640625,146.2735732382878,144.0083571815991,146.08899988845997,2616400
2016-01-29,149.1259765625,149.1259765625,146.04697762620432,146.26510384129742,4453100
2016-02-01,148.99172973632812,149.66290401941643,147.5822752632689,148.16954796037692,3923200
2016-02-02,146.29029846191406,147.73331904445416,145.81209514880052,147.54036071120396,5101200
2016-02-03,147.14605712890625,147.4984208598871,143.94121778431554,147.21317585884384,3871000
2016-02-04,147.33059692382812,148.24506540824282,146.17282149853395,146.77687712898432,3562200
2016-02-05,144.56202697753906,146.97824977054916,144.00830712054304,146.85239736582062,2371900
2016-02-08,142.57363891601562,143.14412867022048,140.62723499831694,142.8672688301211,3402000
2016-02-09,142.6156463623047,143.77340920625784,140.92093369884037,141.09710915697772,2360700
2016-02-10,142.5233154296875,144.84723823746384,142.38907801651783,143.4042180498507,1953600
2016-02-11,140.69439697265625,141.55014466875022,139.31011014797562,140.32525040565153,3439200
2016-02-12,143.5804901123047,143.5804901123047,141.53341317142724,142.2381407997842,1800300
2016-02-16,145.98825073242188,145.98825073242188,144.34388700039435,145.30869133692985,2361000
2016-02-17,148.3793182373047,148.70651400429153,146.91951484527792,147.08731805016322,2265400
2016-02-18,147.75013732910156,148.68138905839825,147.4900602085793,148.6646061727414,1646000
2016-02-19,147.71652221679688,147.82557892371034,146.52518106657007,147.053732928883,1136900
2016-02-22,149.83070373535156,149.9649411606591,149.09242349933106,149.15114437191218,2603100
2016-02-23,147.95144653320312,149.49513868168492,147.84237701348223,149.26861460287492,2076000
2016-02-24,148.64767456054688,148.8741984847022,145.64419391417923,146.64255058403523,2599800
2016-02-25,150.4347686767578,150.4347686767578,148.3541396618041,149.0840349046014,2546000
2016-02-26,150.1578826904297,151.31565795164397,149.95653937653785,151.1814205413267,2560800
2016-02-29,148.8155975341797,150.9717306627569,148.8155975341797,150.12438072531424,3128400
2016-03-01,152.48184204101562,152.48184204101562,149.61258415613153,150.04045156649272,3041400
2016-03-02,153.1278533935547,153.1446234718112,151.7771196018908,152.15465118804568,3839200
2016-03-03,153.68995666503906,153.72350962279182,152.43989456217784,152.91811062086236,3150400
2016-03-04,154.18492126464844,154.9232142479447,153.15299833687536,153.90806139591234,2821000
2016-03-07,154.35279846191406,154.69677723186652,153.32087495364846,153.4047765858877,3449900
2016-03-08,152.61610412597656,153.80743271730017,152.5070345952593,153.38795027803462,3385400
2016-03-09,153.455078125,153.71515520454804,152.70000200849174,153.40474227755055,1641600
2016-03-10,153.53890991210938,154.69668517980114,151.87776355528771,153.8493355254028,2090500
2016-03-11,156.03070068359375,156.05586860842905,154.75548315330605,154.84776981156537,2231000
2016-03-14,155.79574584960938,156.21522820935607,155.2672067814068,155.5440538734442,1412800
2016-03-15,155.59437561035156,155.59437561035156,154.72184528403594,154.95675434075548,1325300
2016-03-16,156.5257110595703,156.82772617943056,155.09107523228235,155.10785811724915,2700700
2016-03-17,157.515625,157.92672231829118,156.04743675099866,156.3998003945687,1937300
2016-03-18,158.10292053222656,158.38816550363154,157.64988515420615,158.01903172971257,2623400
2016-03-21,158.3441619873047,158.52129583845158,157.65252527824543,157.88025225362819,1535400
2016-03-22,158.25979614257812,158.74900879064242,157.48380766056658,157.6356256184358,1521600
2016-03-23,157.24766540527344,158.03209700032204,157.0367984960005,157.88026613309225,1633300
2016-03-24,157.1380157470703,157.15488870267677,156.049935340601,156.2523721969961,1874800
2016-03-28,157.24766540527344,157.67784213717889,156.81750154366276,157.5260112699491,1271200
2016-03-29,158.75741577148438,158.75741577148438,156.57283855974066,156.8764873016645,1604900
2016-03-30,159.42381286621094,160.02268054927,159.0611279613388,159.55877077651928,1908400
2016-03-31,159.04428100585938,159.6600088756464,158.8418569775989,159.2888938670699,3007800
2016-04-01,160.0648651123047,160.22512603062683,157.81280795289854,158.06583796046465,2971800
2016-04-04,159.55874633789062,160.17447401271,159.2719704751301,160.03952899336505,1259500
2016-04-05,157.93930053710938,158.74903505726485,157.72843364720669,158.35260427462433,1737500
2016-04-06,159.65994262695312,159.73586447634491,157.80431687284968,158.05735967347547,1860800
2016-04-07,157.77902221679688,158.9936174277463,157.1042456695703,158.71527161937937,2635300
2016-04-08,158.2091827392578,159.2213410218069,157.7199701141294,158.83334036384613,2043800
2016-04-11,157.79591369628906,159.40693983524528,157.75373774395584,158.79119924582622,1355300
2016-04-12,159.33094787597656,159.56711766078837,157.58497747609715,157.97296517816457,1590700
2016-04-13,160.92514038085938,160.97575923615486,160.01420691019962,160.15759482447552,1972900
2016-04-14,160.9082794189453,161.363746151783,160.6046306402898,160.96731544436358,3214800
2016-04-15,160.7311248779297,160.97573759962734,160.444349087923,160.93356166102882,2059700
2016-04-18,161.89512634277344,161.89512634277344,160.13228265789837,160.25036757290698,2345300
2016-04-19,162.3843994140625,162.60369637493187,161.64214374605038,162.2494414980066,1633300
2016-04-20,162.519287109375,163.15188763857023,161.9879114166487,162.45182104545,1636800
2016-04-21,161.6168212890625,162.63742270971233,161.41438443934936,162.5361978497089,1814700
2016-04-22,161.65899658203125,161.89516647058622,160.84083201443235,161.3553477438472,1863900
2016-04-25,161.3975067138672,161.4059367553237,160.55403923769393,161.16133685016206,2368000
2016-04-26,161.63363647460938,162.08067309644343,161.22033288052413,161.70954543976103,1715300
2016-04-27,161.9710235595703,162.31684823924107,160.93356239084753,161.2793870705183,1971700
2016-04-28,160.51185607910156,162.28312997731848,160.13229830593306,161.2878445778859,1578800
2016-04-29,159.60092163085938,160.2419522985631,158.61406619874103,159.93830348327342,2785500
2016-05-02,160.87451171875,161.06007555113587,159.70209270701525,160.09852336072242,1638900
2016-05-03,159.49969482421875,159.97203452181301,158.80804535967607,159.78647065914507,2351900
2016-05-04,158.5634307861328,159.22976432561336,158.1248241631448,158.5634307861328,2079600
2016-05-05,158.5465545654297,159.33097300219438,158.20917278257627,159.05264010999983,1611600
2016-05-06,159.12010192871094,159.17915081779577,157.72838602367673,157.90551982064147,1551400
2016-05-09,159.28884887695312,159.64310369664878,158.87554515216158,159.03580604280103,1569000
2016-05-10,161.26255798339844,161.27943093756159,159.87082884653123,159.92987775095574,1021100
2016-05-11,159.7527313232422,161.16133330330808,159.74430128197122,160.85768450375676,2725500
2016-05-12,159.84555053710938,160.50345427785632,158.87556788275796,160.37693927782615,1783200
2016-05-13,158.36940002441406,160.01417139373032,158.11637015555465,159.49965587656894,1658700
2016-05-16,159.9467010498047,160.3937376691485,158.51279640783054,158.55497234499842,1075000
2016-05-17,158.5381622314453,159.9636115427698,158.0067735702926,159.71058158059526,3327100
2016-05-18,158.51284790039062,159.58405527504718,157.5428653818775,158.15016303756522,1942000
2016-05-19,157.99830627441406,158.22603318667615,156.8596202319434,157.85490550260303,1796000
2016-05-20,158.98513793945312,159.4574775145189,158.48748250759843,158.54653138962573,1588700
2016-05-23,158.77432250976562,159.22978928443416,158.58875863519526,158.97674646726617,1415400
2016-05-24,160.79025268554688,161.1107616615718,159.48287516903935,159.5250511283388,1985400
2016-05-25,161.88673400878906,162.30003777558855,161.4059641582988,161.42283711436872,2006700
2016-05-26,161.96261596679688,162.24939179784914,161.67582726545328,162.06382793768796,1225300
2016-05-27,162.59519958496094,162.64580556513394,162.08068400271884,162.10598699280533,988600
2016-05-31,162.4011993408203,163.0169397783692,161.84452066632298,162.9241578542379,2821900
2016-06-01,162.70484924316406,162.83980711017068,161.63365495831178,161.84452179915064,2375500
2016-06-02,163.19407653808594,163.19407653808594,161.87826939213747,162.3253061053048,1601700
2016-06-03,162.72177124023438,163.00854714134292,161.59995776440982,162.6627351995565,1897100
2016-06-06,163.50619506835938,163.83514690881663,162.89045447009048,163.03384241384938,1177600
2016-06-07,163.8013916015625,164.29060431294855,163.64957362404257,163.67487662029592,1551200
2016-06-08,164.34120178222656,164.43398372044115,163.80982601817246,163.9194680394861,1041100
2016-06-09,164.08819580078125,164.2147236741847,163.42186200058623,163.6496018764762,1521600
2016-06-10,162.5108642578125,163.1518948557824,162.0469546084896,162.8482589438161,1932900
2016-06-13,161.28785705566406,162.76392518685103,161.20350515719343,161.9710636742809,2318200
2016-06-14,160.93360900878906,161.4818577609997,160.09014146982295,160.95891200533458,2051200
2016-06-15,160.69740295410156,161.91199799605116,160.56244508937596,161.32156055544928,1590700
2016-06-16,161.22035217285156,161.3806130319864,159.05264773007102,159.92141808931612,2744400
2016-06-17,160.62147521972656,161.18660964874977,160.0310506710716,161.18660964874977,1701000
2016-06-20,161.6505126953125,163.00849564543807,161.57460372258078,162.41807107370747,1192800
2016-06-21,162.11085510253906,162.4583952025981,161.61071244561168,162.03455382410488,1826500
2016-06-22,161.8395538330078,162.9330715857483,161.72087879123694,162.28882455789827,2245900
2016-06-23,163.9333953857422,163.97578211763204,162.75511667304585,163.1959154023941,2582200
2016-06-24,157.9571990966797,160.90714435281947,157.66899006860314,158.51667281090747,10310500
2016-06-27,155.1683349609375,156.8721726867319,154.50714342945832,156.8721726867319,7717000
2016-06-28,158.033447265625,158.04193236904283,156.42285563851885,156.71106459333004,4475900
2016-06-29,160.7545166015625,160.94100779540193,159.245642712941,159.32193103734554,4147800
2016-06-30,162.9246368408203,162.95855139730017,160.6613252437956,161.16994011408556,3822200
2016-07-01,163.26370239257812,163.70448810849294,162.81443157103385,162.83137591306826,2170900
2016-07-05,162.11924743652344,162.60243257867063,161.54282965424892,162.5261313378117,2233000
2016-07-06,163.0771942138672,163.1704398238196,161.03427589966222,161.6615657243067,2197800
2016-07-07,162.9669952392578,163.82315008964642,162.2803743379566,163.22977480053495,1704900
2016-07-08,165.4422149658203,165.60327673274185,163.95029821493443,164.13678942562146,2048200
2016-07-11,166.01864624023438,166.49334643772343,165.64566381803292,165.82366992478615,3590400
2016-07-12,167.18846130371094,167.45124088061056,166.64594487361146,166.85786555622238,2356700
2016-07-13,167.12911987304688,167.57839065754877,166.73070797967932,167.57839065754877,2767300
2016-07-14,168.10391235351562,168.5192814296574,167.7478872602262,168.33279024727605,3691100
2016-07-15,167.84963989257812,168.62950639246822,167.46818528013128,168.62950639246822,2346500
2016-07-18,168.3328094482422,168.46844176628292,167.75637856387397,167.96829921033395,1155700
2016-07-19,168.14633178710938,168.1717612319639,167.73944773482648,167.95136839835456,1003200
2016-07-20,168.82444763183594,169.061797694013,168.18868576501706,168.62099917799492,1096900
2016-07-21,168.18870544433594,168.96009970397432,167.8157230359565,168.74817905690506,4509800
2016-07-22,168.96853637695312,169.01092308438444,168.09542452921758,168.36667617448532,1678900
2016-07-25,168.5617218017578,168.8329735586406,167.98529079963674,168.77364249150875,1172600
2016-07-26,168.55322265625,168.90077566279885,167.81574285642156,168.43454759725907,1405300
2016-07-27,168.4429931640625,168.97702433686405,167.71398570577617,168.93463762547134,2120100
2016-07-28,168.62948608398438,168.86684910151433,167.8241902358891,168.25651662125887,937200
2016-07-29,168.92620849609375,169.1974731704333,168.11244034229827,168.37521991143245,1758600
2016-08-01,168.7312469482422,169.29072064425193,168.33283503756357,168.96859707358965,2111500
2016-08-02,167.6800994873047,168.63798500123082,166.8917608475892,168.51082484557284,4085800
2016-08-03,168.16331481933594,168.19721643946437,167.33257637814245,167.62079835499162,2057500
2016-08-04,168.3243865966797,168.60411054950737,167.88358790120134,168.26504258967083,1384700
2016-08-05,169.68060302734375,169.72298973890435,168.84987780611104,168.9770250061845,1818600
2016-08-08,169.59584045410156,169.96880988126847,169.35847745920162,169.88404939379754,1441900
2016-08-09,169.70606994628906,170.1553407319128,169.4178609394005,169.69759777594925,1821100
2016-08-10,169.27369689941406,169.87554414714162,168.96853072456696,169.8246852737682,1222300
2016-08-11,170.10447692871094,170.29096814769164,169.53653110167363,169.7993106553435,1644700
2016-08-12,169.93490600585938,170.12986935251027,169.57039581731235,169.8077588090453,1718400
2016-08-15,170.4266357421875,170.7318020787011,170.25710176292742,170.29100338493402,1051100
2016-08-16,169.54502868652344,170.0960302559654,169.53655651515828,170.05364352991404,1731200
2016-08-17,169.82472229003906,169.9857840472322,168.80750579703079,169.57890003695078,3157700
2016-08-18,170.23162841796875,170.2655300312337,169.74844312032423,169.85016089472933,5211200
2016-08-19,169.99432373046875,170.14691337905688,169.375518832774,169.82478973673773,1190800
2016-08-22,169.977294921875,170.17225827105565,169.43477865074885,169.79080374105587,880300
2016-08-23,170.29103088378906,170.81659018474755,170.26560142952434,170.53685325321996,1214400
2016-08-24,169.4687042236328,170.27400010853452,169.07877747013134,170.19771177866815,1161300
2016-08-25,169.33309936523438,169.71456694565214,168.96860199590802,169.09574923297254,1262600
2016-08-26,169.01097106933594,170.4265995441339,168.21414730798136,169.50262855899325,2890600
2016-08-29,169.86712646484375,170.08751929835532,169.10421725032535,169.13811886524604,1140700
2016-08-30,169.54502868652344,170.01974190984063,169.07032839781905,169.7739066595105,1407400
2016-08-31,169.12962341308594,169.3839307611215,168.39213081032187,169.28220006114185,2343900
2016-09-01,169.09576416015625,169.35854376302828,168.04464574866822,169.1127214381325,2196100
2016-09-02,169.85015869140625,170.240098379251,169.35002906092208,169.88407323884144,1555800
2016-09-06,170.38417053222656,170.41807213861762,169.46867194437812,170.12139104522154,1589600
2016-09-07,170.37571716308594,170.51133653822149,169.8077714174658,170.23161268446074,1455400
2016-09-08,169.977294921875,170.31636274085076,169.6975581506463,170.06205540931484,2180400
2016-09-09,165.87452697753906,168.84141611363643,165.86605480789558,168.75665561337115,3435600
2016-09-12,168.24807739257812,168.64648934067196,165.12861091813858,165.19642709383677,2799900
2016-09-13,165.84945678710938,167.32249741476375,165.28748302427775,167.10111971686555,3365300
2016-09-14,165.74734497070312,166.99048533239323,165.28754336329303,165.8920934789867,2967100
2016-09-15,167.45028686523438,167.79939308692434,165.5004110357299,165.6196164538172,1874400
2016-09-16,166.7946014404297,167.05004525892357,166.18154147300928,166.90529679333991,1774100
2016-09-19,166.84567260742188,167.97813014009557,166.58171878259026,167.42467941012032,2061400
2016-09-20,166.8627166748047,167.76527355184638,166.82865057053218,167.62052508971817,1294100
2016-09-21,168.7359161376953,168.8806645710796,166.87119356763486,167.47574337050744,2238800
2016-09-22,169.74917602539062,170.047195926543,169.4256130461292,169.66402377008708,2215200
2016-09-23,168.83816528320312,169.53637768336245,168.77856907405666,169.42568230469928,1413400
2016-09-26,167.49278259277344,168.25059088513407,167.31396805529064,168.13989555276805,2451600
2016-09-27,168.51458740234375,168.59972668601472,167.02451351776347,167.33955355293108,1468000
2016-09-28,169.42562866210938,169.5022708959107,167.85041573308646,168.74444953412674,1419900
2016-09-29,167.83334350585938,169.53628443210525,167.34799910552337,169.19570144381936,2074600
2016-09-30,169.17872619628906,169.73217698944117,168.37834160871824,168.59971932749656,3147400
2016-10-03,168.64227294921875,168.88920671067078,168.12287533890796,168.74444526848944,2136000
2016-10-04,167.85890197753906,168.99135935645836,167.29692830215185,168.80403479799597,2846600
2016-10-05,168.55718994140625,168.965892347316,168.35283224224378,168.39540838695453,1126700
2016-10-06,168.75294494628906,168.88066032771042,167.87593134743804,168.36978580961585,1117400
2016-10-07,168.13137817382812,169.1020540675885,167.44167612432713,168.94878261467406,1795100
2016-10-10,168.90625,169.40010459841702,168.13142148494398,168.13142148494398,1297400
2016-10-11,166.854248046875,168.65085221689182,166.1986117972705,168.59124301582995,2643500
2016-10-12,167.0670928955078,167.5183713841958,166.5391721598926,166.99045064858058,1458700
2016-10-13,166.5305938720703,166.98187217578985,165.11714979244667,165.89199102804366,2407100
2016-10-14,166.5732421875,167.84192540568134,166.55620913306942,167.44173307725248,1218800
2016-10-17,166.07936096191406,166.82864633553257,165.87500331870262,166.58172555167897,1323200
2016-10-18,167.05853271484375,167.53535418231422,166.73498271472337,167.48426802400104,1263300
2016-10-19,167.5183868408203,167.8078838239705,166.99898908050278,167.30551911925434,1041300
2016-10-20,167.24583435058594,167.7141457249068,166.63277455009475,167.2032582270279,1309600
2016-10-21,167.2884521484375,167.37360441676643,166.36035218874773,166.49657762869714,1376300
2016-10-24,167.9696044921875,168.29315447685823,167.69712767098062,168.0547437545072,817000
2016-10-25,167.49278259277344,168.07177634765128,167.29693500590895,167.85039867532913,1465300
2016-10-26,167.11813354492188,167.6204980664498,166.488040641582,166.6838752361351,1202300
2016-10-27,166.67543029785156,167.79937813315414,166.59027801005652,167.77382205288365,1635500
2016-10-28,166.1474609375,167.22881923586536,165.525878050195,166.64131544043363,2632000
2016-10-31,166.1474609375,166.66685851882585,166.01973255312862,166.45399087061708,1816300
2016-11-01,164.989501953125,166.49659592736884,163.86555425123458,166.4795758657621,2456600
2016-11-02,163.89959716796875,165.02353171841233,163.56752411983638,164.69145867027996,3395900
2016-11-03,163.260986328125,164.3338346647304,162.96296640508467,164.155020112424,1512200
2016-11-04,163.03958129882812,164.08689945570364,162.90335588169825,163.31205811790755,2221300
2016-11-07,166.6157989501953,166.66689811152887,165.19384428145608,165.3300827268524,2699100
2016-11-08,167.3821258544922,167.893000522048,166.05383352946896,166.30075433659235,3055900
2016-11-09,169.17019653320312,169.73217032698054,165.96867130100122,165.9857043532887,6119100
2016-11-10,169.5618438720703,170.66875817944694,168.2590949771485,169.89391686504234,5126400
2016-11-11,169.246826171875,169.40860767553104,168.33574633230097,168.9488062448864,1954200
2016-11-14,169.27239990234375,169.85991684098738,168.64230682464805,169.69813530803756,2651000
2016-11-15,170.64324951171875,170.65175954162038,169.50228186912054,169.68959347384094,2532400
2016-11-16,170.35377502441406,170.54108665380642,169.99614584284691,170.10684120820883,1195000
2016-11-17,171.1626434326172,171.25630572913897,170.3963120085995,170.47295424568952,1178200
2016-11-18,170.85609436035156,171.4180680766554,170.66876978825027,171.28182966196167,1668300
2016-11-21,172.1162872314453,172.15034034287376,171.23927344752929,171.35847882614667,2641300
2016-11-22,172.43130493164062,172.61862950129841,171.80122500861913,172.49091410944544,2773400
2016-11-23,172.58460998535156,172.6016430383839,171.80125844722838,172.11629847005707,1466300
2016-11-25,173.27426147460938,173.27426147460938,172.81447308219703,172.9166453933087,1843100
2016-11-28,172.4568634033203,173.16358561694497,172.29509489000398,172.90815481043958,2193000
2016-11-29,172.72938537597656,173.1466107896137,172.14186838271308,172.4313653673194,1689600
2016-11-30,172.33763122558594,173.4360354923682,172.26100199555256,173.29979708848043,2360100
2016-12-01,171.66500854492188,172.60163151296814,171.34996854312988,172.5760754389198,3284100
2016-12-02,171.78421020507812,172.19291249482836,171.44362712902154,171.74163407246817,2118900
2016-12-05,172.7718963623047,173.10396936468808,172.35467110601383,172.5419956706824,2070500
2016-12-06,173.37644958496094,173.38497260660347,172.5420119858864,172.99329039096628,2413300
2016-12-07,175.5731964111328,175.67538169544198,173.10393741251923,173.23165277739642,2253900
2016-12-08,176.03305053710938,176.48432895164757,175.36038143380136,175.615825232622,2983000
2016-12-09,177.1059112548828,177.13145433730546,176.2374074752767,176.27147358011504,1972000
2016-12-12,176.9100799560547,177.4635307421807,176.54394078041693,177.03779537057224,2419600
2016-12-13,178.119140625,178.55338596283124,177.50608074076146,177.55716689904622,2670200
2016-12-14,176.6461639404297,178.4597881771029,176.23744854160552,177.82118498290728,4232900
2016-12-15,177.30174255371094,178.15321326490331,176.74829178840068,176.86749716827114,2812500
2016-12-16,176.99517822265625,177.82110569159065,176.72271440401502,177.80408563520706,3074000
2016-12-19,177.3954315185547,177.78711382124396,177.04632535630768,177.19108683229413,2042000
2016-12-20,178.07656860351562,178.22131705279844,177.68488639361263,177.88924402387647,3195300
2016-12-21,177.59121704101562,178.1276346472135,177.59121704101562,178.00842929112406,1546600
2016-12-22,177.3650665283203,177.56213872277897,176.9281059368787,177.49359357779113,1863700
2016-12-23,177.51927185058594,177.5449746421996,177.1594196943467,177.3393392356424,1278900
2016-12-27,177.9562225341797,178.3417774606973,177.76772669034494,177.76772669034494,1818500
2016-12-28,176.5511016845703,178.2732672806217,176.42258771784202,178.21328538038267,2228000
2016-12-29,176.5167999267578,176.9023548225604,176.07982638102163,176.58534505302322,1772700
2016-12-30,175.9085693359375,176.8681754976952,175.22313076025907,176.81676989240867,4251000
2017-01-03,177.13369750976562,177.63920312102113,176.12267321360824,177.08227885851989,4750200
2017-01-04,178.17901611328125,178.36749890317898,177.4592986917192,177.52784383061314,4622400
2017-01-05,178.0419158935547,178.24753822510598,177.36504085580438,177.99907354993226,2772100
2017-01-06,178.73594665527344,179.14720445931528,177.69921929402747,178.20473811365065,2194600
2017-01-09,178.17039489746094,178.62449488874873,178.1189893246578,178.5045441943264,1705200
2017-01-10,178.1447296142578,178.9158525895777,177.79344069462257,178.12759006183347,2189400
2017-01-11,178.65020751953125,178.65020751953125,177.45926374726727,178.07615680218848,5677600
2017-01-12,178.2561492919922,178.37610003333273,176.96238086005107,178.18760414356186,3244600
2017-01-13,178.60740661621094,178.88157408768478,178.32466283167207,178.36749210240538,2822700
2017-01-17,177.97335815429688,178.3931921742274,177.639208815543,178.03332697220307,1690000
2017-01-18,178.35035705566406,178.40176263699288,177.71632438076463,178.22183002869463,1980500
2017-01-19,177.75062561035156,178.5817044013654,177.33079152115988,178.44462719197435,1666900
2017-01-20,178.32467651367188,178.81304267087413,177.83629728282062,178.33323975374594,2082500
2017-01-23,177.9133758544922,178.3931917648747,177.21081115031396,178.0761689041661,4586600
2017-01-24,179.0443572998047,179.41277267918522,177.9990669079313,178.09331483092473,1940100
2017-01-25,180.5352020263672,180.58660761232267,179.74693946288798,179.90973253417937,2873000
2017-01-26,180.39813232421875,180.6980026343784,180.14109129147477,180.4838039527001,2485100
2017-01-27,180.14108276367188,180.57804334709613,179.95258688682625,180.48379540867333,1428200
2017-01-30,179.05288696289062,179.51556325215114,178.11042098333428,179.48128415550119,2782300
2017-01-31,179.0443572998047,179.0443572998047,178.033332937362,178.50457255232905,3787100
2017-02-01,179.070068359375,179.80691222580927,178.5302835869732,179.60127681878765,2698800
2017-02-02,179.1471405029297,179.41274467891913,178.41029678551777,178.71874329684474,1661300
2017-02-03,180.47520446777344,180.55231284001624,179.72979738879823,179.99540160895504,4264400
2017-02-06,180.0982208251953,180.38952784912576,179.78977424878425,180.02967568892086,1345500
2017-02-07,180.14108276367188,180.6465884908263,179.91832085178586,180.48379540867333,1194600
2017-02-08,180.37242126464844,180.44952964884396,179.60987451575525,180.1410830384125,1096100
2017-02-09,181.40057373046875,181.67474123435815,180.37242271199682,180.37242271199682,1237100
2017-02-10,182.12884521484375,182.32590432392658,181.64902922848083,181.75185347666874,1412400
2017-02-13,183.09695434570312,183.3539952715604,182.5571827824119,182.5914488048254,1756300
2017-02-14,183.85955810546875,183.85955810546875,182.63434804931492,182.9684974349613,2528100
2017-02-15,184.79342651367188,184.97335910623613,183.61962226381434,183.6453250522312,2050200
2017-02-16,184.64779663085938,184.9819459966498,183.97949789927844,184.84486879878165,1920100
2017-02-17,184.93055725097656,184.93055725097656,184.0309202385073,184.0737625864628,1452600
2017-02-21,186.0186004638672,186.1985330090828,185.28175688464034,185.34173875759316,1893000
2017-02-22,185.93295288085938,186.08718267517233,185.5388347678342,185.68448825079093,1471400
2017-02-23,186.03582763671875,186.38710350932013,185.3246865041812,186.38710350932013,1717200
2017-02-24,186.25857543945312,186.2842782312671,185.2047217541352,185.25612733776322,1637700
2017-02-27,186.5327606201172,186.69554061443597,185.94157024640467,186.19861124458163,1942200
2017-02-28,185.98440551757812,186.42136604630488,185.68452218550337,186.21573064085524,2181000
2017-03-01,188.6233367919922,189.0603104302196,187.52664068690768,187.55234348049177,3325500
2017-03-02,187.51809692382812,188.51198195780785,187.4238489796809,188.48627916155408,1657100
2017-03-03,187.62083435058594,187.71508225768204,187.0467836705079,187.38093296409497,1765900
2017-03-06,187.03826904296875,187.3381393171942,186.4642182136988,186.8412099400608,1530600
2017-03-07,186.47279357910156,187.06398399991693,186.28429770366336,186.7641006325427,1743200
2017-03-08,186.07862854003906,186.9525626155773,185.98439369305297,186.73836398447017,1784400
2017-03-09,186.27569580078125,186.64411116125785,185.4617436386836,186.2071506717898,1636200
2017-03-10,186.9268798828125,187.26102926024765,186.14719364424766,187.25246602059744,1819900
2017-03-13,187.03826904296875,187.13251697455925,186.66127731660677,186.93544479800283,1388100
2017-03-14,186.4042205810547,186.6184192189854,185.830169800238,186.5841531893213,1428400
2017-03-15,187.95501708984375,188.36628788870763,186.66982525910063,186.89260021023043,3358800
2017-03-16,187.63800048828125,188.1949116986279,187.33811717585036,188.16064567012143,1710900
2017-03-17,187.26101684570312,188.01500024168334,187.26101684570312,187.8950495262908,1588500
2017-03-20,187.09825134277344,187.54378823998314,186.7641019382785,187.28674721952947,1035900
2017-03-21,184.707763671875,187.74938682406508,184.56211017272153,187.6379993532108,3468700
2017-03-22,185.08480834960938,185.36025095460718,184.16376799708124,184.70606327509137,2600300
2017-03-23,184.8954620361328,185.94561420643885,184.58558085252685,184.8954620361328,2436700
2017-03-24,184.83517456054688,185.73039257745128,184.1035198812479,185.18809730056597,2647600
2017-03-27,184.5338897705078,184.82655161074325,183.01890963855755,183.23410448598673,2082900
2017-03-28,185.90255737304688,186.32434407393666,184.2498622406625,184.34454851496622,3057200
2017-03-29,186.17799377441406,186.3329409155767,185.4807644753144,185.6873562853803,1748500
2017-03-30,186.67721557617188,186.90102661579155,185.9111224712484,186.0746726511395,2494800
2017-03-31,186.22967529296875,186.88386307313817,186.22967529296875,186.4104316571483,1331400
2017-04-03,185.99722290039062,186.52229888396843,184.84378160349902,186.36735175491253,2843700
2017-04-04,186.10049438476562,186.14353597951228,185.35162054708613,185.67872090582,2481600
2017-04-05,185.5323486328125,187.58961045801732,185.36019541446518,186.69440584194206,2311800
2017-04-06,186.01441955566406,186.51366001167028,185.25692953780583,185.67871614037693,1635500
2017-04-07,185.85092163085938,186.47928704445107,185.41191564051869,185.80788002511662,1835900
2017-04-10,185.98004150390625,186.68588709270088,185.49800702104875,185.98004150390625,1311900
2017-04-11,185.7476348876953,185.8251150383784,184.42204000590297,185.6099201258861,1787300
2017-04-12,184.9815216064453,185.66154481199337,184.74050438116222,185.4893915274274,2002700
2017-04-13,183.75059509277344,185.2741784371385,183.75059509277344,184.63719689892116,1806800
2017-04-17,185.36024475097656,185.36886095157888,184.03465016898105,184.20680343314964,1746900
2017-04-18,184.85240173339844,185.27418842617578,184.18959782602064,184.68024845646286,2695900
2017-04-19,184.4477996826172,185.67010479418792,184.25842717320265,185.3344013701259,2032400
2017-04-20,185.95419311523438,186.35876052833848,184.74049087592203,185.05037201926876,2734000
2017-04-21,185.411865234375,185.94555735847842,185.00729789239597,185.90251576443697,2594400
2017-04-24,187.3917236328125,187.60691854124119,186.98715615421017,187.4347652413892,2366400
2017-04-25,188.51930236816406,188.82058042904865,187.899540114223,188.00284257951452,1745100
2017-04-26,188.381591796875,189.28539973057542,188.34715326286695,188.47627806371867,2824500
2017-04-27,188.5279083251953,188.82057016964038,188.05447702715102,188.68284231303636,1154200
2017-04-28,188.16641235351562,188.80338080590005,188.02006827366435,188.794777738919,1257600
2017-05-01,188.62255859375,189.00130355991715,188.20937510277741,188.64838092012968,1506700
2017-05-02,188.68280029296875,188.83774738075405,188.31267153703163,188.76026726963718,2573000
2017-05-03,188.49343872070312,188.65698888165278,187.8564704742034,188.32128549555318,1654600
2017-05-04,188.6656951904297,188.81203930306347,187.91682102726983,188.74317534842885,1439100
2017-05-05,189.42315673828125,189.42315673828125,188.61402181249605,188.9927669381363,1729700
2017-05-08,189.4317169189453,189.58665089664015,189.0013272460812,189.48336157817693,2225000
2017-05-09,189.1907196044922,189.79327575912004,188.88945466163105,189.62110935239622,1636900
2017-05-10,189.5436248779297,189.56084414390537,188.98412351101035,189.16487983317438,1066900
2017-05-11,189.15623474121094,189.31116869721447,188.18355001369332,189.14763167736027,1855700
2017-05-12,188.8636016845703,189.02715186375042,188.61396831599524,188.94106867435545,1056500
2017-05-15,189.819091796875,189.99124506343568,189.2251518629562,189.26819346320946,1440600
2017-05-16,189.78468322753906,190.18064762415358,189.37151269566849,190.12900294947656,2452500
2017-05-17,186.41903686523438,188.57098577968117,186.28991204969526,188.17502140026326,3507700
2017-05-18,187.0990447998047,187.85653501203808,186.04028962367207,186.21244290796503,2894500
2017-05-19,188.26101684570312,188.9152042823176,187.50352697792488,187.54656856303913,2436500
2017-05-22,189.3112030029297,189.41450546010043,188.7086600629794,188.73448239365933,1865000
2017-05-23,189.68138122558594,189.83631523928221,189.28541685538403,189.63833962140802,1259000
2017-05-24,190.1375732421875,190.232259507592,189.61249724939026,189.92237837849112,1453900
2017-05-25,191.02415466308594,191.29961036378555,190.41300867064112,190.6023680468087,1564600
2017-05-26,191.03280639648438,191.15332814708304,190.80900843348846,190.88647544362695,1196000
2017-05-30,190.85202026367188,191.06721512567452,190.59378380237828,190.71429239972167,1511700
2017-05-31,190.80897521972656,191.16189793930815,190.16339064537328,191.1274594067163,2326200
2017-06-01,192.2981719970703,192.34121360723148,190.97257709151125,191.21359434706744,2112900
2017-06-02,192.9007110595703,193.09008361981915,192.10017921225395,192.367018783208,1857600
2017-06-05,192.77157592773438,193.0556347529111,192.65106731715517,192.80601446473042,1831200
2017-06-06,192.2206573486328,192.7715556726036,192.1259710835229,192.27230201424695,1449400
2017-06-07,192.53916931152344,192.75436420558646,191.8935846293344,192.54778551333652,1328800
2017-06-08,192.6080322265625,193.0814636178671,192.16043630610537,192.65969003380349,1116100
2017-06-09,192.38421630859375,193.61512467663493,191.17913027453574,192.91789539018333,2117600
2017-06-12,192.30673217773438,192.36697990684462,191.53202282388446,192.134578921696,1812100
2017-06-13,193.2449951171875,193.30525598590384,192.504724231895,192.80600230657146,2170700
2017-06-14,193.03842163085938,193.53767535757072,192.28094454072308,193.52046922297833,1886000
2017-06-15,192.6510772705078,192.75436661792546,191.53206118048473,191.83333928972507,2170900
2017-06-16,192.7027130126953,192.86626322816235,191.90219433840326,192.8146185568472,1603600
2017-06-19,194.2779083251953,194.33816918784737,193.3482649952807,193.4429512548401,1433100
2017-06-20,193.00401306152344,193.98530133149032,192.96957452042705,193.98530133149032,1366000
2017-06-21,192.92649841308594,193.41713585970578,192.5047117627499,193.30524346490577,1422000
2017-06-22,192.81460571289062,193.38272332842047,192.70270017619313,192.96093665002056,1344400
2017-06-23,193.14312744140625,193.38523623441938,192.58109199918422,192.92695793379167,1257400
2017-06-26,193.20367431640625,194.07699443647408,193.03074133739506,193.6878919352138,1321700
2017-06-27,191.66458129882812,193.27288334840324,191.63864200721747,193.00483520579786,3476700
2017-06-28,193.35934448242188,193.54957475140205,192.39090907229945,192.5897813738904,2875800
2017-06-29,191.69052124023438,193.61875002217252,190.59237618053686,193.5236348879634,4613000
2017-06-30,192.0104522705078,192.7454340689547,191.83751925732713,192.45144662715322,2982300
2017-07-03,192.43417358398438,193.28155469096623,192.36499773121824,192.90109409772484,1762500
2017-07-05,192.77133178710938,192.97020404968012,191.95853228711545,192.6848587021967,2043800
2017-07-06,191.04196166992188,192.17468775216645,190.85173145217738,192.09686989779988,2540700
2017-07-07,192.25250244140625,192.40815134151623,191.42241895395014,191.54347334561828,2148000
2017-07-10,192.45140075683594,192.81456395613927,191.99310924992216,192.1314609050682,1800100
2017-07-11,192.3043975830078,192.6156822161153,191.2840837930079,192.32169483871942,1638700
2017-07-12,193.7484588623047,193.93003390343355,193.2296466426223,193.2296466426223,1492100
2017-07-13,194.07701110839844,194.21536278106854,193.59279344799484,193.8262602463829,1485500
2017-07-14,194.95895385742188,195.33075907223005,194.02510001430943,194.13751237875817,1642400
2017-07-17,194.98492431640625,195.29620898054486,194.84657264480205,194.94168776978722,1176200
2017-07-18,195.1319580078125,195.1492552687931,194.31915826299922,194.66503751289014,3146500
2017-07-19,196.16087341308594,196.16087341308594,195.38266840415602,195.39995246644108,1255300
2017-07-20,196.22140502929688,196.49810836867246,195.76312666815477,196.39435121337732,1698100
2017-07-21,196.08309936523438,196.09174139830796,195.51240852773137,195.7285781000634,2461700
2017-07-24,196.0138702392578,196.13492463910157,195.60747049822376,195.99657298386867,1278200
2017-07-25,196.4808349609375,196.79211965854904,196.29925991713085,196.72294381530835,1349500
2017-07-26,196.54136657714844,196.79211746139617,196.26466320727505,196.77483339623623,1574100
2017-07-27,196.307861328125,196.9563698811256,195.11460136854296,196.9304305945208,1834500
2017-07-28,196.08309936523438,196.21279583105613,195.4951112676406,195.8842138590495,2364100
2017-07-31,195.9706573486328,196.54134809988767,195.79772435569117,196.4808142956902,3020000
2017-08-01,196.41163635253906,196.55864324860102,196.00523656681835,196.54134599130995,1674500
2017-08-02,196.5240936279297,196.6451480687379,195.6680573146786,196.55003292282112,1889300
2017-08-03,196.17822265625,196.4376155986716,195.89287722564208,196.4376155986716,1266400
2017-08-04,196.50677490234375,196.79212030892597,196.14361161958723,196.59324800516615,1039800
2017-08-07,196.8267059326172,196.85264522350306,196.45488744001585,196.5672998298162,848500
2017-08-08,196.43753051757812,197.68266887768374,196.04842807852975,196.57588215624284,1064700
2017-08-09,196.32516479492188,196.41162468835978,195.41725015320955,195.7198927650939,1536600
2017-08-10,193.62738037109375,195.71991319742898,193.55821772669944,195.6247980689592,3043300
2017-08-11,193.8867645263672,194.3969346271251,193.57547988604907,193.80030463368695,1584300
2017-08-14,195.78904724121094,195.99657472590476,195.03678154934852,195.03678154934852,2201900
2017-08-15,195.80638122558594,196.16954449646622,195.50375176349036,196.1436052052564,1309700
2017-08-16,196.1176300048828,196.61914486634987,195.73716954487747,196.2386844063445,1531400
2017-08-17,193.06536865234375,195.849633817763,193.06536865234375,195.58158565734362,3396200
2017-08-18,192.71084594726562,193.92140346760297,192.3476826493475,192.9010762262623,2691100
2017-08-21,192.94432067871094,193.13455096549572,192.06234509397635,192.6935697701005,1281300
2017-08-22,194.8984832763672,195.07142949128612,193.41989077399413,193.4458300674432,1455700
2017-08-23,194.23269653320312,194.60450188017842,193.912756580797,194.0857028011005,1462900
2017-08-24,193.78306579589844,194.69962273704806,193.58419346944672,194.587210329341,1345100
2017-08-25,194.20675659179688,195.05413765389474,194.09434418776303,194.5093860884312,1220800
2017-08-28,194.27586364746094,194.7341551658473,193.85217983463747,194.69091862328932,801000
2017-08-29,194.42291259765625,194.69096074799614,192.95294899627473,193.03942210010064,1397400
2017-08-30,195.3913116455078,195.6247784272091,194.28452473113686,194.4315184251145,1377800
2017-08-31,196.54136657714844,196.78347542881622,195.89285789719344,195.9620337396618,2202700
2017-09-01,196.87860107421875,197.24176437110953,196.72295212186924,196.93912169339544,1393700
2017-09-05,195.42591857910156,196.58459741434154,194.53530107336397,196.36842786063937,2222300
2017-09-06,196.10902404785156,196.40301147777393,195.58156980290016,196.07442953024736,1523300
2017-09-07,196.0657501220703,196.39433200695976,195.7112289508938,196.39433200695976,1620300
2017-09-08,195.76315307617188,196.26466805098735,195.6334566145572,195.8063896280245,1896900
2017-09-11,197.8988800048828,198.01993441570065,197.0082625837356,197.01691780918478,2007200
2017-09-12,198.62521362304688,198.63385565429203,198.12369873807063,198.28798968931434,1535000
2017-09-13,198.74624633789062,198.74624633789062,198.25337353795447,198.33119139248984,1155800
2017-09-14,198.67715454101562,198.82414828195314,198.27939668193267,198.41774838891325,1857300
2017-09-15,198.95376586914062,198.98836037914035,198.43496696460215,198.54736613725197,1419700
2017-09-18,199.29969787597656,199.65420593692073,198.97975794632399,199.27375858356461,1325200
2017-09-19,199.54180908203125,199.61098492725802,199.2564636681997,199.5590931478804,1302400
2017-09-20,199.65127563476562,199.70341993671826,198.70395211856902,199.61650392578295,1850500
2017-09-21,199.08639526367188,199.52963516729895,198.91256321218805,199.49486345239274,1899900
2017-09-22,199.06033325195312,199.251537921848,198.78222580762204,198.8082979661054,1599200
2017-09-25,198.76480102539062,199.19935459705152,198.03475420776573,198.8691029004246,1523300
2017-09-26,198.8343505859375,199.30367591556993,198.61707377891017,199.1037717048076,2335000
2017-09-27,199.60784912109375,199.94680039878307,198.67791131267376,199.48617464350076,2103600
2017-09-28,199.8424835205078,199.9033141199411,199.27755596322464,199.33839982417948,1084700
2017-09-29,200.55519104003906,200.61603491513492,199.6687111632611,199.81645780939076,1726200
2017-10-02,201.39817810058594,201.39817810058594,200.68551719746898,200.7637336511913,1960600
2017-10-03,201.8066864013672,201.85014441307186,201.34606065264887,201.54595159266245,1316400
2017-10-04,202.0847625732422,202.3107256182227,201.61543736860222,201.73711181767177,1006700
2017-10-05,203.28416442871094,203.31023658323159,202.29338277235706,202.38029879510796,1471800
2017-10-06,203.0929718017578,203.11035765964107,202.65841818534372,202.90178041113762,1101500
2017-10-09,202.7366485595703,203.31024925630223,202.48460003479545,203.30156295809496,768300
2017-10-10,203.24940490722656,203.58835617573484,202.75400745089433,203.2320190504632,1027600
2017-10-11,203.57969665527344,203.57969665527344,203.02346851939257,203.14514300969384,1036400
2017-10-12,203.26681518554688,203.60576649477858,203.0582246638948,203.25811562535844,1079400
2017-10-13,203.4927520751953,203.779559032427,203.38846345857397,203.6926430108939,1067900
2017-10-16,203.8142852783203,203.97073144005438,203.40580391240243,203.72738253204216,1767300
2017-10-17,203.94464111328125,203.9707132609931,203.56223193148145,203.7795086700932,1332100
2017-10-18,204.127197265625,204.31840190440712,203.96206478108377,204.2923297501662,1527800
2017-10-19,204.23146057128906,204.23146057128906,203.04077495256962,203.39711200859225,1653600
2017-10-20,205.24835205078125,205.2744242049087,204.70081029105881,204.93547293972884,1296300
2017-10-23,204.50091552734375,205.53515516011512,204.37054149762412,205.53515516011512,1101000
2017-10-24,204.78770446777344,205.0136675332822,204.47482539009587,204.8311492123363,1818400
2017-10-25,203.8055877685547,204.5964783068393,202.75396248273978,204.50087600812884,1943400
2017-10-26,203.99684143066406,204.5965275157624,203.95338341870325,204.3271064077381,3298200
2017-10-27,205.73504638671875,205.87410671400994,204.50091582043575,204.7877227724028,2825000
2017-10-30,204.9876251220703,205.64814182120952,204.7008181541284,204.78773417890721,1292500
2017-10-31,205.2222900390625,205.517783308126,205.02238583217516,205.33526495869054,1357600
2017-11-01,205.57859802246094,206.31734439952666,205.22227417215078,206.00446529720173,2078300
2017-11-02,205.66552734375,205.77851552347389,204.51831273537286,205.5003948538531,1908100
2017-11-03,206.35211181640625,206.36081137559938,205.40478817097693,205.83065546422205,1934200
2017-11-06,206.66500854492188,206.7519245751214,206.1609380066424,206.1870101633974,1688600
2017-11-07,206.57806396484375,207.0386896563171,206.0739802670665,206.75188272853757,1502700
2017-11-08,206.88226318359375,206.9517933479957,206.10875833921594,206.334734688903,4711000
2017-11-09,206.13478088378906,206.27384117912607,204.65730171501264,205.7436854069835,1644100
2017-11-10,206.01316833496094,206.13484281455655,205.45694024802052,205.73506092225256,1019000
2017-11-13,206.2565155029297,206.43033428087747,205.37870879278097,205.39609464903256,900000
2017-11-14,205.75247192382812,205.84807425958803,204.79644856622886,205.4917370752533,2763300
2017-11-15,204.70082092285156,205.31789287947115,204.0837622277556,204.88333927274638,2436200
2017-11-16,206.4477081298828,206.78665939047323,205.5438425221493,205.5612283785065,1072300
2017-11-17,205.89146423339844,206.3173314814746,205.7958619230761,206.12612686082994,1370500
2017-11-20,206.1609649658203,206.38692810775373,205.85677208186772,206.08273522380114,1420400
2017-11-21,207.53407287597656,207.71659119703506,206.84748412089684,206.8996284236217,1151500
2017-11-22,207.38633728027344,207.67314422201613,207.2299043637896,207.5949277637742,2143500
2017-11-24,207.8209228515625,207.95998319531546,207.707947926097,207.8209228515625,1219300
2017-11-27,207.76010131835938,208.1772691063234,207.56889665272485,207.8817758090791,2654000
2017-11-28,209.81982421875,209.87196852035373,208.0989959582204,208.22935671222976,1800500
2017-11-29,209.7416229248047,210.48035602011615,209.3157556617271,209.97628556050233,2442100
2017-11-30,211.49725341796875,212.40980541618327,210.52384428553623,210.58468815823008,5451700
2017-12-01,211.1061248779297,211.81011282060544,208.1685516807921,211.41031769000648,3775600
2017-12-04,210.88015747070312,212.99209473243354,210.83669946107887,212.6705160704322,2162000
2017-12-05,210.1327362060547,211.69713180682723,210.00237543162504,211.11483157850253,1886300
2017-12-06,210.1240692138672,210.5499232904792,209.74165989170774,210.08929749647567,1204800
2017-12-07,210.8193359375,211.11482919722306,209.93284289680759,210.05451737207727,2670000
2017-12-08,211.966552734375,211.9926248892387,211.36686664946293,211.5841434476761,1685700
2017-12-11,212.65310668945312,212.67919210156006,211.9752042511804,212.0795061150447,2513300
2017-12-12,213.0181884765625,213.43535623588795,212.6618513276584,212.87912813627935,1855000
2017-12-13,212.96600341796875,213.6265333183054,212.905172815398,213.2441240626415,1808300
2017-12-14,212.12298583984375,213.34841682741506,212.06214197456615,213.27888666489318,1932900
2017-12-15,213.9046173095703,214.27834022728996,212.99206554014677,213.0615824321906,3170800
2017-12-18,215.23435974121094,215.54723881565118,215.06054098019334,215.12138484038627,2089600
2017-12-19,214.4522247314453,215.4951508316337,214.34793609988395,215.46907867374335,3170300
2017-12-20,214.2870330810547,215.3386584513102,214.0349978705009,215.29520044631232,2570000
2017-12-21,214.72158813476562,215.37341842980513,214.5130109277266,214.86064844713917,2262400
2017-12-22,214.67816162109375,214.78246350143482,214.18277742018574,214.74769178748005,1888500
2017-12-26,214.42837524414062,214.57684679287235,214.18385424977453,214.53317947415096,1492300
2017-12-27,214.55067443847656,214.8476042641006,214.28869712968654,214.57688549475276,1379100
2017-12-28,214.95237731933594,215.01351423656962,214.62926311508951,214.94364918490086,2346700
2017-12-29,214.21006774902344,215.50255118629445,213.9830163305062,215.49380972666964,2326700
2018-01-02,215.78201293945312,215.78201293945312,214.60307511824493,214.96111520186415,2784300
2018-01-03,217.06578063964844,217.1880411687022,215.86063162083414,215.91304041219854,2917700
2018-01-04,218.0176544189453,218.42810331226363,217.59847739027464,217.68581204538822,2918000
2018-01-05,219.41485595703125,219.54584457072897,218.2795724452098,218.72496038256816,2190200
2018-01-08,219.86900329589844,219.96506606806952,219.0830315257546,219.3362939821124,2476200
2018-01-09,220.3318328857422,220.89073988875984,219.9912491389876,220.22702866146798,2129800
2018-01-10,219.9563751220703,220.21836577228456,219.03942783441752,219.64198900689283,1953600
2018-01-11,221.5806884765625,221.5806884765625,220.35808327942567,220.48034379913935,2280300
2018-01-12,223.04779052734375,223.17877916022317,221.7291094378476,221.8426418032731,2054900
2018-01-16,222.23561096191406,224.7856250611677,221.6417780858963,224.2529290946547,3719600
2018-01-17,224.38392639160156,224.74197975295007,222.46268427824597,223.12638222274484,1867700
2018-01-18,224.07826232910156,224.67209521175585,223.58047889035205,224.29658559338233,3154200
2018-01-19,225.03018188476562,225.03892334488376,224.02590005052227,224.567337561986,2541200
2018-01-22,226.837890625,226.86408835288077,224.82932708536467,224.82932708536467,1607800
2018-01-23,227.35311889648438,227.60638135374063,226.62829736117988,226.91647235332047,2161100
2018-01-24,227.23960876464844,228.47969679491385,226.200387758176,227.95571556169196,2935500
2018-01-25,227.34437561035156,228.1216192433163,226.64575180721968,228.07796524966673,3585600
2018-01-26,229.99046325683594,229.99920471628778,227.90330655875567,228.21767928952954,2857300
2018-01-29,228.40109252929688,229.89441631837414,228.3486970735953,229.52762147767186,5145000
2018-01-30,225.96456909179688,227.36184325498587,225.71130665358928,226.76801039713663,6678900
2018-01-31,226.1741943359375,227.38808466019677,225.26598860857064,226.90775741609988,5585800
2018-02-01,225.94715881347656,227.16102250082474,225.26599118476486,225.56290767412193,3125700
2018-02-02,221.1090545654297,224.87294522529297,221.02171993615565,224.75941287231544,5532200
2018-02-05,212.02682495117188,221.3536021472632,211.2670642216475,219.42361854159702,8559200
2018-02-06,215.94789123535156,216.41073545773696,207.55554500104054,208.54237035179125,11701700
2018-02-07,214.76898193359375,218.5678125361247,214.76025379907574,215.4501628624871,6240200
2018-02-08,206.78709411621094,215.20564015949168,206.7085009251084,215.04845377728662,6985700
2018-02-09,209.97457885742188,211.51156979741452,202.97076500595975,209.2410159082477,9713100
2018-02-12,212.85647583007812,214.23628059738706,210.16673134606532,211.77358753379374,4236200
2018-02-13,213.57257080078125,213.95682191914838,211.31074473858814,211.88712141613885,3077700
2018-02-14,216.36712646484375,216.68151256152737,212.07052536043253,212.21025547571352,3650800
2018-02-15,219.17037963867188,219.17037963867188,215.68593522522133,217.97397230521904,2923800
2018-02-16,219.1441650390625,220.94314663055246,218.47172564429377,218.55906028142027,3007500
2018-02-20,217.81678771972656,219.6419673043923,217.10069422698834,218.32329937332025,3454400
2018-02-21,216.67269897460938,220.4540587786949,216.67269897460938,218.20096152860876,2798000
2018-02-22,216.93472290039062,219.10921399799375,216.41074175677392,217.598420800297,3177700
2018-02-23,220.49778747558594,220.49778747558594,217.71198025522514,218.16609641452234,2923100
2018-02-26,223.03907775878906,223.12641240887294,220.93445127589337,221.43222147026069,1892000
2018-02-27,220.19212341308594,223.85995179652605,220.19212341308594,223.2399211529263,2947100
2018-02-28,217.74691772460938,221.6592807549007,217.74691772460938,221.2662881646276,2716600
2018-03-01,214.87379455566406,219.22279096117202,213.4765201053065,217.91285116098555,5182300
2018-03-02,216.0177764892578,216.45442302862602,212.4984064479816,213.29310634772654,3276500
2018-03-05,218.49795532226562,219.0131951106314,214.7864592333519,214.84759615335972,3024600
2018-03-06,219.04812622070312,219.41490775103046,217.6508518262595,219.3887100221068,1932000
2018-03-07,218.9521026611328,219.25776065385722,216.89112988910748,217.0483162908067,2730200
2018-03-08,219.97384643554688,220.08737882745191,218.63770876696478,219.54592792601085,3021600
2018-03-09,223.78140258789062,223.79014404892922,220.98686676211656,221.2925114143149,2450800
2018-03-12,223.56304931640625,224.65466576814651,223.19626778766906,224.12196973207756,2029200
2018-03-13,222.08714294433594,225.05633384421165,221.56317513427223,224.61097253224224,3080600
2018-03-14,220.9169464111328,223.13510491992645,220.47157174776177,222.97791856534653,2352700
2018-03-15,220.70736694335938,221.99985035791963,220.2619922483798,221.42347369943158,2161500
2018-03-16,220.9344482421875,221.88633461820635,220.91697864733126,221.14403007887626,1554600
2018-03-19,217.98272705078125,220.29694881597936,216.4631920098943,220.28822068068712,2715800
2018-03-20,218.366943359375,218.89965268592618,217.7381712583508,218.31454790518887,1991400
2018-03-21,217.86044311523438,220.17466463171243,217.7207130131915,218.2708919616129,2777300
2018-03-22,212.4459991455078,216.64653648786927,212.2364040211597,215.79944118271263,3589400
2018-03-23,207.92237854003906,213.16213783454452,207.77392029240903,212.85649320426987,3815500
2018-03-26,213.64578247070312,213.89142185227243,209.07512297632763,211.26834130201246,5529000
2018-03-27,209.9436492919922,214.9705024353613,208.5926325619171,214.47045556935234,3363600
2018-03-28,209.35585021972656,211.6192531626128,208.3820607371632,210.07523226375645,4384100
2018-03-29,212.3737335205078,213.7159821597319,209.7418713437793,210.4173863839824,2910800
2018-04-02,207.4608917236328,212.04033238504607,205.21503843408823,211.59292069241292,4696400
2018-04-03,210.09275817871094,210.54895132141638,206.97838559647997,208.62768999879376,3287900
2018-04-04,212.5140838623047,213.0141306706218,206.77661732969707,206.92575456678608,4598000
2018-04-05,214.04933166503906,214.83888487503927,213.0053576434478,213.97036563496565,3436600
2018-04-06,209.33828735351562,213.6282216353683,207.8995367436968,212.25088756085265,4931600
2018-04-09,210.189208984375,213.40008292058795,209.95235111015003,210.6804876089967,2956000
2018-04-10,213.654541015625,214.39147251387607,211.92629736734065,212.96148994554542,2903800
2018-04-11,212.52285766601562,214.049342453474,212.25966878730316,212.30353583147897,2068300
2018-04-12,214.3037567138672,215.15472652986728,213.5931560891614,213.8037098761028,1723600
2018-04-13,213.70721435546875,215.67232954913715,212.7421928683328,215.67232954913715,2887700
2018-04-16,215.4442138671875,216.11972882735452,214.41778934623696,215.17225694962903,2149200
2018-04-17,217.76026916503906,218.27786549375398,216.58470731754804,217.058436601076,2301800
2018-04-18,217.88307189941406,218.63753950433548,217.514612843942,218.14626076370604,1365100
2018-04-19,216.68997192382812,217.4707571171688,215.77759898466581,217.23388578834744,1997100
2018-04-20,214.93536376953125,216.80398978715647,214.03175902540738,216.64607113042882,2103900
2018-04-23,214.83888244628906,215.8828564560782,213.83877547796882,215.41789526645908,1472600
2018-04-24,211.90878295898438,215.91797958279858,210.55775281045274,215.78639182186419,3653500
2018-04-25,212.45262145996094,212.85617942745984,210.1980005095535,211.87360874472571,2354800
2018-04-26,214.63711547851562,215.34771605449416,212.9790430057851,213.37381961617962,2106800
2018-04-27,214.865234375,215.4354792326591,213.96162939878678,215.13719133474558,2178600
2018-04-30,213.1106414794922,215.85655516892916,213.04923832588346,215.38281250352426,2146100
2018-05-01,213.56680297851562,213.63698756247646,211.21566626801956,212.6982838116334,2323100
2018-05-02,212.1105499267578,214.075678553579,211.74209081916825,213.36507788991747,1636400
2018-05-03,211.61045837402344,212.21577531744123,208.7241758945771,211.3209519821241,2666500
2018-05-04,214.41778564453125,214.98801701754542,210.45244342169514,210.76826737548458,1785200
2018-05-07,215.08453369140625,215.97937051868527,214.46166718171557,215.1020831862312,3127200
2018-05-08,215.0757598876953,215.40035190839666,213.68087627910393,214.78625346936354,1924500
2018-05-09,217.16371154785156,217.47953553922198,215.251231490245,215.68987517901823,1506200
2018-05-10,219.1990203857422,219.49729487552972,217.78658720016855,217.8830893452578,1537600
2018-05-11,219.73414611816406,220.12892271694184,218.8656268917797,219.35690562682242,1703500
2018-05-14,219.97979736328125,220.86585274494342,219.50606809643764,220.30438939081589,1478200
2018-05-15,218.47084045410156,218.90071602107514,217.61987075981855,218.8831665280878,2600600
2018-05-16,219.4008026123047,219.79557926496227,218.50597910263903,218.51474715755376,2588700
2018-05-17,219.216552734375,220.190342163619,218.51472022374426,219.137586704502,1714200
2018-05-18,218.672607421875,219.190217054782,218.34801543442498,218.90947871921614,1702800
2018-05-21,220.27806091308594,220.79565719789164,219.69904809296008,219.9973359431211,1262900
2018-05-22,219.6464080810547,221.0237555114614,219.40955015785738,220.7868842019228,1055400
2018-05-23,220.33074951171875,220.33074951171875,218.40071969563408,218.5498569637591,1484100
2018-05-24,219.90963745117188,220.19914390808958,218.23401525492565,219.9710539964319,2025300
2018-05-25,219.35694885253906,219.88332667886334,218.8744514624767,219.35694885253906,1654700
2018-05-29,216.82154846191406,218.5147198932376,215.7863558847143,217.8128873836684,4465800
2018-05-30,219.68154907226562,220.09387523623644,217.9445103186398,218.03224441638233,1359700
2018-05-31,218.26036071777344,219.585073467589,217.8129488924189,219.3131164725885,2378800
2018-06-01,220.55882263183594,220.7693630350254,219.47098146543252,219.5236165662299,1953900
2018-06-04,221.53256225585938,221.77820159514602,221.04128357728607,221.22550638858104,2031500
2018-06-05,221.83961486816406,222.0677181124477,220.9623276488348,221.65539204845567,1491200
2018-06-06,223.61175537109375,223.67317190644184,221.70804357042738,222.27827495071458,2763200
2018-06-07,223.5065155029297,224.3223863626123,222.7257302493905,224.03287991314136,2615900
2018-06-08,224.20828247070312,224.2521361189593,222.9976219248275,223.14675913338124,1517500
2018-06-11,224.4978485107422,225.17337696795192,224.32239370159806,224.40134635776133,2648000
2018-06-12,224.8750457763672,225.13824803459755,224.23464317064344,224.9277076461606,1182200
2018-06-13,223.980224609375,225.26105660641076,223.9100400170749,225.05051621585267,2507800
2018-06-14,224.62940979003906,225.12946999281002,224.11182686520397,224.85751306274537,1913800
2018-06-15,224.43646240234375,224.64701622111926,222.94507633179907,223.94518354487914,2000100
2018-06-18,223.90127563476562,224.02409532671942,222.57657657252525,222.98888930624392,2015800
2018-06-19,223.05029296875,223.234529189216,221.4448556253868,221.80454662618033,1863300
2018-06-20,223.45384216308594,224.03284157660593,223.11170066977547,223.68193202984588,1578200
2018-06-21,222.05897521972656,223.4187733229994,221.585245929045,223.41000526836672,4037600
2018-06-22,222.45375061035156,223.28717088128545,222.23442878187726,223.18188730090517,3092000
2018-06-25,219.37445068359375,221.52380179910423,217.87429696131156,221.40098211782768,6690000
2018-06-26,219.8569793701172,220.66408211125975,219.2428809134155,219.90084641409783,2968600
2018-06-27,218.0322265625,221.71683079812047,217.94449247194171,220.43599874856338,3433800
2018-06-28,219.3604736328125,219.99507587361526,217.37734499254174,217.9678750182148,2638400
2018-06-29,219.91571044921875,221.54628804349176,219.5543506120293,220.3299650067054,3711600
2018-07-02,220.17135620117188,220.25067812080536,217.98551146124106,218.1970365802637,1943100
2018-07-03,219.2811737060547,221.01751436096725,218.97269504819425,220.94700149515384,1157900
2018-07-05,221.1584930419922,221.17612461693298,219.38690305554871,220.4093192188972,1948100
2018-07-06,223.0006103515625,223.33554305241861,220.80595656676883,221.14969833119144,2622200
2018-07-09,224.9748992919922,225.0366030754038,223.88197035586643,223.91723350323025,3979500
2018-07-10,225.75936889648438,225.9003677021545,225.15119386870782,225.41561370066896,1314500
2018-07-11,224.21694946289062,225.11597162161945,223.89964831563063,224.4020474025227,2335100
2018-07-12,226.1383819580078,226.21770388049197,224.763401390186,225.3363133223499,2874000
2018-07-13,226.33224487304688,226.6583550123768,225.62712987408088,226.0678116183659,1814500
2018-07-16,226.19125366210938,226.52618636368624,225.77699904140707,226.4204238048523,993500
2018-07-17,227.1607666015625,227.45161361017128,225.45967606776608,225.50374827932674,1825900
2018-07-18,227.5750732421875,227.68083581496674,226.76418202103386,227.18725921005847,2606800
2018-07-19,226.71131896972656,227.31065819562076,226.29706426108297,226.95810729203063,2050500
2018-07-20,226.49977111816406,227.09028777049443,226.32348223507336,226.5173892473103,2710700
2018-07-23,226.93161010742188,227.0549907888791,225.9885158294071,226.27938975338327,1447000
2018-07-24,227.99806213378906,228.78251250049667,227.24007930105623,228.13908782548594,2916000
2018-07-25,230.08702087402344,230.26330976506432,227.77778165009272,227.8747486095377,2608700
2018-07-26,229.4082794189453,230.05170405824106,229.2496356113049,229.28489875674686,2166500
2018-07-27,227.9187774658203,229.81376175517929,227.02856440936088,229.80496614031762,2666200
2018-07-30,226.60549926757812,228.08622882815234,226.20006717554298,227.9275849962129,1601400
2018-07-31,227.75132751464844,228.3594891854323,227.04622578807047,227.41639478025655,1992500
2018-08-01,227.46926879882812,228.4476263284532,226.82587089080207,227.96287226915365,1651700
2018-08-02,228.62388610839844,228.80897057502523,226.05903662210338,226.27938423881702,1767300
2018-08-03,229.7432403564453,229.7432403564453,228.62388415634226,228.80896862138874,2017600
2018-08-06,230.60704040527344,230.7744798665996,229.3378358394685,229.65512353196704,1843000
2018-08-07,231.25047302246094,231.6118464362211,230.9948621887458,231.10065166670032,2619200
2018-08-08,231.12705993652344,231.51487394097168,230.73924593207516,231.12705993652344,1560400
2018-08-09,230.83621215820312,231.5765770966692,230.7128314507465,231.21520369255325,1084400
2018-08-10,229.26730346679688,230.00766829428122,228.65914184102314,229.4788285895339,2395500
2018-08-13,228.40354919433594,230.1046264195786,228.19199718180417,229.52290545644772,3684700
2018-08-14,229.87545776367188,230.1046279046004,228.7648971088999,229.1086523202927,1531800
2018-08-15,228.18324279785156,228.7649369681854,226.8611567967303,228.65917439176107,2587800
2018-08-16,230.0341033935547,230.82737638051964,229.4700274472085,229.47882306184087,1693100
2018-08-17,230.80087280273438,231.2592130165927,229.4699916148532,229.78727924177062,2278800
2018-08-20,231.3120880126953,231.576494361287,230.83612968733118,231.2768248669167,1245500
2018-08-21,231.8145294189453,232.6606567872666,231.68229932253854,231.81452941894528,1937900
2018-08-22,231.7440185546875,232.20235887057305,231.26808700836833,231.48843465318842,1708100
2018-08-23,231.4090118408203,232.36092842490723,231.10934236742918,231.5235968831546,2308100
2018-08-24,232.86338806152344,232.94270998122843,231.90264871665318,231.9467343817588,2328900
2018-08-27,234.6173858642578,234.75841159996727,233.7976989922359,233.9034615695408,2371000
2018-08-28,234.7495880126953,235.18146083401896,234.35297834961503,235.1197839294789,3026900
2018-08-29,236.03643798828125,236.25678568128671,234.74961499254468,234.96996268555014,2116100
2018-08-30,235.07569885253906,235.95708952549452,234.55568158324436,235.60453863589407,2625500
2018-08-31,235.08445739746094,235.5251526140205,234.3000070009922,234.74070221755179,3172400
2018-09-04,234.7584228515625,235.03165182199857,233.79771019778568,234.7584228515625,3623300
2018-09-05,234.09732055664062,234.56445644248595,233.1454037604141,234.37054945791414,4595500
2018-09-06,233.40988159179688,234.44109360362066,232.42272835391455,234.17668716415517,1687900
2018-09-07,232.84571838378906,233.7976351152732,232.20232058166698,232.3609644042805,2634100
2018-09-10,233.2864227294922,234.07087315739122,233.13660141268386,233.8152623901328,2832700
2018-09-11,234.1678009033203,234.49391105585443,232.4050200590052,232.7135120863406,3420400
2018-09-12,234.1942596435547,234.6790405519561,233.41863170843493,234.10611521494505,3019800
2018-09-13,235.52517700195312,235.7014658659917,234.86413410866473,235.1373630193916,2087500
2018-09-14,235.64852905273438,235.8776991685552,234.86410556826448,235.74549598554353,1861000
2018-09-17,234.31765747070312,235.56042123803564,234.08848734543696,235.52515808847886,2515300
2018-09-18,235.5956268310547,236.14211143541266,234.52915205238713,234.53797456310375,1823600
2018-09-19,235.86016845703125,236.2391600214254,235.53405818544044,235.63982077104708,2077500
2018-09-20,237.75506591796875,238.0635579447085,236.9089386457434,236.9970830673692,3349700
2018-09-21,237.5876007080078,238.5659580662416,237.42013437549844,238.46016862105057,1352500
2018-09-24,236.79437255859375,237.1557458876808,236.23026973331548,237.0323383079375,2070900
2018-09-25,236.50350952148438,237.24390123822286,236.34486568128514,237.18219744551058,2360400
2018-09-26,235.810302734375,237.75813464731536,235.4650212249359,236.6779782264024,2568400
2018-09-27,236.46539306640625,237.4924289197458,236.04043134739533,236.28833468996433,3077500
2018-09-28,236.43887329101562,236.97010254983493,235.88994629736456,235.95192889843938,1774300
2018-10-01,237.3154296875,238.32474104113132,236.73994253662346,237.68727128430564,1968800
2018-10-02,237.28887939453125,237.87322894742735,236.88158826953213,237.25345690117356,3034100
2018-10-03,237.49241638183594,238.58143476818478,237.03203220406647,238.18300615820834,2505800
2018-10-04,235.54464721679688,236.9789471946757,234.06606237598865,236.89926686473137,5004400
2018-10-05,234.21661376953125,236.19097854344832,232.87082932871584,235.67747402012483,2564700
2018-10-08,234.15460205078125,234.4910481191505,232.30417569419055,233.5348301333179,3219600
2018-10-09,233.8535614013672,235.02226017900665,233.34002995993254,233.82700129366805,2078000
2018-10-10,226.30137634277344,233.40205908420043,226.0977307968538,233.40205908420043,5803900
2018-10-11,221.53807067871094,226.91229218399724,219.97095642045383,225.6019301949681,9037000
2018-10-12,224.53054809570312,225.45132986593677,221.60881514579845,225.22998666533363,7116700
2018-10-15,223.2999267578125,225.3805451692156,223.14940146162945,224.16758850142725,3306200
2018-10-16,228.05441284179688,228.51482418991307,224.61917407455405,225.00874043706224,3308500
2018-10-17,228.13409423828125,228.72727907314172,225.83211881805684,228.20491219638316,2845800
2018-10-18,224.92904663085938,227.8507806650825,223.72493863231927,227.31955138259764,3046800
2018-10-19,224.75196838378906,227.2044421606475,224.13219640175177,225.47796730572432,2684200
2018-10-22,223.8223114013672,225.64617773633407,223.26452205262112,225.3717142503545,2102000
2018-10-23,222.47659301757812,223.62758096438068,218.54553355820036,220.45794305352857,5206500
2018-10-24,215.8362579345703,222.71561085401095,215.36701126213558,222.39687599068532,4065700
2018-10-25,219.70535278320312,221.15736428160864,216.62425784945935,217.54505353706642,4443800
2018-10-26,215.8185272216797,218.669429489339,213.4103114737225,216.3320452057006,5278700
2018-10-29,214.70298767089844,219.88242597323986,211.41824735854223,218.71372693712755,5126200
2018-10-30,217.98773193359375,218.13824374981056,214.08323305090101,214.5347684995514,3619100
2018-10-31,220.27200317382812,222.29951546567094,219.8116188144855,220.21003407187658,4073400
2018-11-01,222.5561981201172,222.70670990315722,219.97977305667766,221.01565780563735,2870700
2018-11-02,221.17503356933594,223.91083297865214,219.35116729645847,223.50356895194062,3184500
2018-11-05,222.43228149414062,222.92808827162528,220.8031982224849,221.6266022355888,1912100
2018-11-06,223.83999633789062,223.98164574290547,222.33485151085068,222.38797172644615,2255200
2018-11-07,228.5679168701172,228.70957980481327,225.46024872268129,225.8321173036888,3090800
2018-11-08,228.17832946777344,228.81579910527398,227.23097387797802,227.97468395182204,2466900
2018-11-09,226.07118225097656,227.2221835849953,224.7165623800634,227.09821837171614,3078700
2018-11-12,221.706298828125,225.7347494551338,221.29902122548896,225.49569491641867,2710200
2018-11-13,221.33445739746094,224.00827481015602,220.70583646338665,222.1932705065517,3097000
2018-11-14,219.82040405273438,223.41501621710987,218.38610413741912,223.07858366877988,3619900
2018-11-15,222.0958251953125,222.5739206769371,217.29709158752618,218.70484494228978,3911900
2018-11-16,222.66249084472656,223.53015271973084,220.6880990598394,221.13964799732705,2342800
2018-11-19,218.97047424316406,222.4145749464294,218.1116612841487,222.17552043471358,2973700
2018-11-20,214.94200134277344,217.1997051353716,214.10974858309478,215.88934340281736,5000900
2018-11-21,215.65919494628906,217.30598955673594,215.60607471848792,216.2435444715462,2425500
2018-11-23,214.2691192626953,215.45552937442415,214.0212158983866,214.08319849432385,830900
2018-11-26,217.6247100830078,217.66011906263296,215.8982352447036,216.23466783516716,2498500
2018-11-27,218.30642700195312,218.33298711116424,216.13725234509846,216.6773304152579,2849700
2018-11-28,223.40615844726562,223.40615844726562,218.465775757302,219.32458860093496,3723300
2018-11-29,222.94580078125,224.2207402218557,221.66201247303957,222.70674625870606,3279400
2018-11-30,224.42433166503906,224.83160916646383,222.53849646746102,222.79524867877814,2992800
2018-12-03,227.1956024169922,228.1960784496493,225.82328477362356,228.11639810449682,3943500
2018-12-04,220.14801025390625,226.89454877942774,219.6256433806628,226.522707217871,3837400
2018-12-06,219.59024047851562,219.65220957058293,213.4900203478537,216.40289190833056,7712700
2018-12-07,214.49046325683594,220.6703766719379,213.7024818083405,219.24492556738772,3928400
2018-12-10,214.7472686767578,215.69461095944496,210.38237185060603,214.2603107231697,5983700
2018-12-11,214.80921936035156,217.9080252415325,213.54314229927826,217.75751343418457,4543200
2018-12-12,215.99560546875,218.8287963988699,215.89821389725898,217.62468856485395,4117000
2018-12-13,215.92481994628906,217.58931237264935,214.8800725471338,216.79248189798815,2610800
2018-12-14,211.9405975341797,214.8180598448822,211.40051945239748,213.9503845595796,5088500
2018-12-17,207.61351013183594,212.05544545315365,206.23374946560315,211.02284914706937,6127200
2018-12-18,207.5333709716797,209.79438740084925,206.05569165142234,209.1890808356507,4691400
2018-12-19,204.22195434570312,210.96941664296128,202.76208213250084,207.59569228576223,8215600
2018-12-20,200.86605834960938,204.6492658438558,198.9878065562102,203.2695186828323,12141900
2018-12-21,196.8692169189453,204.2576012297038,196.34402196912504,201.8363473796789,11811600
2018-12-24,191.4481201171875,196.54877047734277,191.4481201171875,195.60519613870588,8493500
2018-12-26,201.13308715820312,201.26662026247246,191.23444154053402,193.05928530266178,11598000
2018-12-27,203.00247192382812,203.06477651539637,195.48056775681675,198.47152772366286,9578400
2018-12-28,202.7443084716797,205.6907708701609,201.64051075196008,204.1329795618423,7436100
2018-12-31,204.56912231445312,204.71155218727216,202.46832923038332,204.12403914903885,6683900
2019-01-02,204.72935485839844,205.49489842955305,201.19539351534448,201.33780980220163,4891300
2019-01-03,199.8424072265625,203.33185876511817,199.37062000214456,203.04701250833034,3329600
2019-01-04,206.43850708007812,207.07051766052507,202.2013060357716,202.54847041199434,5100100
2019-01-07,207.9873504638672,209.39381484714775,205.91327493876096,206.77672375312315,3706000
2019-01-08,210.00807189941406,210.4887693994498,207.79155250005454,210.1237978869898,3546600
2019-01-09,210.9783477783203,211.80620964914414,209.5986006317177,210.71130870663094,4565000
2019-01-10,211.859619140625,212.01094581006768,209.05560020279108,209.76772251008313,2813500
2019-01-11,211.76170349121094,211.85962234737508,210.29293423161155,210.83593632800125,2551000
2019-01-14,210.5955810546875,211.31661370827055,209.80333345492977,210.16830496050164,2653400
2019-01-15,213.06137084960938,213.2750021302551,210.94277009744775,210.94277009744775,5103700
2019-01-16,213.53314208984375,214.32538972308237,213.21268160994595,213.39071219147525,4066700
2019-01-17,215.1265106201172,215.90986139266852,212.70525694392333,212.7497679801567,3059000
2019-01-18,218.0195770263672,218.42014923383243,216.09681413109863,216.80895004596064,4943300
2019-01-22,215.1175994873047,216.82671721826787,213.6132162099159,216.65758344158718,5786300
2019-01-23,215.43804931640625,216.61306175615962,213.26604139547405,216.0255487448531,3076400
2019-01-24,215.65167236328125,216.15017687641526,214.44995606698131,215.3312119676961,2197100
2019-01-25,217.4854278564453,218.18865322762957,216.90681163588482,217.29848696479118,3677500
2019-01-28,215.80307006835938,215.85649147093304,214.20078114560337,215.50041670142667,2407800
2019-01-29,215.53604125976562,216.41729749278096,214.77049744735845,215.90990959844854,2436900
2019-01-30,218.94529724121094,219.67522650450695,216.20358355607416,216.8979121457607,6028400
2019-01-31,220.77017211914062,221.23306246741942,218.69608270067698,218.85631972167656,5308100
2019-02-01,220.9570770263672,221.9095478911487,220.2805555375237,221.03718873237636,3718500
2019-02-04,222.53273010253906,222.55943401113535,220.39632233479455,221.02834653158718,2541700
2019-02-05,223.520751953125,223.7254863884732,222.4703487096576,222.9332389652293,3613300
2019-02-06,223.24485778808594,223.62763645857052,222.49712116375838,223.2092571033927,2052200
2019-02-07,221.05503845214844,222.1677465261941,219.53284783039462,221.68704903180353,3907800
2019-02-08,221.33987426757812,221.3932956622293,219.1589692613804,219.88000188626285,2512600
2019-02-11,221.45559692382812,222.1054145956154,220.95710591079342,221.90068012587503,2986600
2019-02-12,224.3219451904297,224.64240565544478,222.84426562492328,222.87987988929277,5980500
2019-02-13,224.99851989746094,225.79967804048823,224.66916258006228,225.05194130662164,3569100
2019-02-14,224.49998474121094,225.53258112342562,223.28046100359865,224.01039045801755,3247800
2019-02-15,226.97462463378906,226.9924317649718,225.93313157681078,226.1289692712369,2806600
2019-02-19,227.36634826660156,227.96275825059055,226.2358328966914,226.2358328966914,2509300
2019-02-20,227.8915252685547,228.22088251390213,226.89452959197322,227.3574199567124,2156300
2019-02-21,227.0636444091797,227.5621354143615,226.1378637571039,227.28618600669736,2020000
2019-02-22,228.4255828857422,228.60362702893008,227.3930002027023,227.60664502481112,2119400
2019-02-25,228.76385498046875,230.20592020534139,228.66594971578562,229.74304345591398,2941300
2019-02-26,228.59475708007812,229.34252088106953,228.24760625493573,228.3722154446163,4629600
2019-02-27,228.47901916503906,228.79055566881232,227.08145141363352,227.9360035412229,2136400
2019-02-28,227.9449462890625,228.6659789938187,227.7491085688987,228.25651000283122,2207000
2019-03-01,229.5115966796875,229.8498642666345,228.17634704640625,229.49380313090415,2867000
2019-03-04,228.63031005859375,230.64209459689647,226.53842739574765,230.43734656749726,3384200
2019-03-05,228.36329650878906,228.92410568889207,227.8469983653843,228.76385509048927,2475900
2019-03-06,226.9034423828125,228.43452989644607,226.63640329090467,228.43452989644607,2514900
2019-03-07,225.07855224609375,226.6363432562684,224.2773944340024,226.52951406494043,6441200
2019-03-08,224.6245880126953,224.72250686083652,222.84425519766336,223.3249526641244,4522300
2019-03-11,227.90042114257812,227.98944322712646,225.22993518334792,225.24772873396714,1884200
2019-03-12,228.71047973632812,229.18226690998682,228.21198865343314,228.34550819961456,2271900
2019-03-13,230.26820373535156,231.07825829928976,229.38694782287445,229.52046732995905,1974300
2019-03-14,230.18814086914062,230.6599280047491,229.69856018405187,230.26825259038836,1557500
2019-03-15,231.30972290039062,231.95064373524502,230.437350130091,230.57086964449397,3151200
2019-03-18,232.13758850097656,232.32451583518863,231.23851176022907,231.4432598081809,1830000
2019-03-19,232.20880126953125,233.74879896897514,231.33645555652623,233.05447024206012,4061800
2019-03-20,231.3809356689453,233.01883851311462,230.41065759545097,231.92395127526945,3415200
2019-03-21,234.0261993408203,234.41111903051433,230.66928440330412,230.66928440330412,2968300
2019-03-22,229.57717895507812,233.29215954924445,229.4966162706142,232.80878344246085,4317400
2019-03-25,229.37130737304688,230.31123268418398,228.22546777275397,229.24596942828444,2893600
2019-03-26,231.0273895263672,231.95838174474727,229.8189217963205,230.96474786561583,3177600
2019-03-27,229.95318603515625,231.60926976920157,228.47613505792899,231.09005155357883,2714300
2019-03-28,230.84832763671875,231.15268464198687,229.40707797089613,230.46340795228937,1716700
2019-03-29,232.33432006835938,232.49544542309513,231.11686475574513,232.15527368400228,2831100
2019-04-01,235.0109100341797,235.23470437304277,233.8113756561108,234.0530637073708,3303900
2019-04-02,235.09149169921875,235.2973923423094,234.36640016824998,235.13626696179347,1512600
2019-04-03,235.5301055908203,236.5506209093963,234.89453730495808,236.21044913653762,1933900
2019-04-04,236.09408569335938,236.2910258199104,235.13626660929697,235.76287441657968,1738500
2019-04-05,237.23097229003906,237.27572023272657,236.4342512884892,236.7028209005533,1505000
2019-04-08,237.43675231933594,237.49942126939274,236.24617886143452,236.8369989934653,1720100
2019-04-09,236.17466735839844,236.8102630516246,235.69129117873956,236.5237996956902,2016900
2019-04-10,236.9892578125,237.07878101686327,236.1925641265535,236.55062962536022,2990600
2019-04-11,236.9445037841797,237.43684041756345,236.40739189044106,237.43684041756345,1567700
2019-04-12,238.54684448242188,238.80642621666175,237.7859383527878,238.41254603940743,1903400
2019-04-15,238.38572692871094,238.69011128031377,237.64274171864616,238.62744230682813,1584500
2019-04-16,238.55580139160156,239.22718439884454,237.99183529453438,239.19139697454895,2447700
2019-04-17,237.97393798828125,239.5583920267327,237.58005777782256,239.54049831485514,1872400
2019-04-18,238.42144775390625,238.6542025245109,237.29351595006537,238.51097092095688,2788900
2019-04-22,238.65423583984375,238.7526922142991,237.64268128009553,237.7232439460969,1126500
2019-04-23,240.7131805419922,240.9727896190358,238.75273998776683,238.97653432209717,2618300
2019-04-24,240.23870849609375,240.9906540899675,240.11339788976863,240.70421813894964,1393400
2019-04-25,240.149169921875,240.69524220208754,238.99441104026087,240.158130435553,1237400
2019-04-26,241.2502899169922,241.28610465933562,239.42412051849294,240.1581724839914,2172600
2019-04-29,241.5546417236328,242.06489934611326,241.21446997531248,241.30399316991944,1892500
2019-04-30,241.70680236816406,241.97534459832397,240.00594384835168,241.30396170428432,2024600
2019-05-01,239.94332885742188,242.47666857210638,239.90751411654267,242.3065827012338,2669400
2019-05-02,239.46888732910156,240.62364637216558,238.05449190218897,239.80009855782427,3009000
2019-05-03,241.74264526367188,241.98436064492668,240.53417763198252,240.73111775217532,1969000
2019-05-06,240.7847900390625,241.12493445134686,237.49947746361437,237.8038344548006,3966900
2019-05-07,236.88180541992188,239.0839338605124,234.9661402629353,238.54684935205788,4752500
2019-05-08,236.41635131835938,237.95605750338072,235.8523851984612,236.45216606274934,2662500
2019-05-09,235.69125366210938,236.18359028035042,232.92515891087422,234.4827587680283,3094800
2019-05-10,236.79229736328125,237.5621640723418,232.09261638343298,234.86767156859602,3131900
2019-05-13,230.98255920410156,233.0504162376382,230.12319678826992,232.18209330833122,5548200
2019-05-14,232.98779296875,234.37533421622166,231.70769594813555,231.84196708340212,4702600
2019-05-15,234.36636352539062,234.93929010251153,231.31380569586014,231.5197063067585,2444100
2019-05-16,236.51475524902344,237.75906464306712,234.93926198776296,234.9571556966656,3221500
2019-05-17,235.0824737548828,237.2398541069229,234.41109084809756,234.43797239026378,2719500
2019-05-20,233.4801483154297,234.63490735495947,232.76399008923445,233.5517504787277,2762600
2019-05-21,235.45849609375,235.88819105430136,234.76025885700687,234.98405319338153,2760500
2019-05-22,234.81396484375,235.69124846782816,234.42008463037973,234.64387896440172,3421500
2019-05-23,232.0657501220703,232.8356167912079,230.66927574596667,232.8176957616151,3813200
2019-05-24,232.46861267089844,233.6323323207865,231.90464655858588,233.2832273532782,1833100
2019-05-28,230.3828582763672,233.6055026000655,230.32021661626257,232.7103251389631,2565900
2019-05-29,228.79833984375,229.6308480926421,227.46453454270952,229.28174318640754,4593500
2019-05-30,229.43392944335938,230.22168983278283,228.39553416377206,229.4160357321972,2977200
2019-05-31,226.36343383789062,227.81363005982323,226.27392432153155,227.0437771906774,3698600
2019-06-03,225.69212341308594,227.33926022254968,224.48364210959812,226.32770538196448,3825600
2019-06-04,230.66036987304688,230.74093255982956,227.40191106372416,227.80473815696058,3536300
2019-06-05,232.61183166503906,232.63868589184705,230.43655733766064,232.06575929508494,2646500
2019-06-06,234.1247100830078,234.7692389181729,232.30750101309945,232.8983213885547,2277500
2019-06-07,236.4610595703125,237.48157472429295,234.93927467223773,235.09143950272468,1877400
2019-06-10,237.57113647460938,239.10188213541704,237.49054647051568,237.9023477321118,2845900
2019-06-11,237.52635192871094,239.59420939697702,236.94449212190196,239.2361439249903,1894500
2019-06-12,237.0787811279297,237.84864790343897,236.64908613797246,237.3294297090765,1711900
2019-06-13,238.13511657714844,238.43947365895866,237.3205017470166,237.95609746242783,1813700
2019-06-14,237.7770233154297,238.37680421053045,237.14145499274605,237.85758600546168,1203300
2019-06-17,237.9918212890625,238.61845631973716,237.77698748135364,238.06345077072737,1782500
2019-06-18,240.36415100097656,241.39359979815939,239.28096641354193,239.59428404363746,2340700
2019-06-19,240.9996795654297,241.44726830042833,239.6927281084551,240.56998454511753,1684500
2019-06-20,243.2465362548828,243.6583101614471,241.45618166451612,243.43451583765128,3288100
2019-06-21,242.9601287841797,244.19547810633782,242.74529492594326,243.0675457132979,2226000
2019-06-24,242.64675903320312,243.41662572413375,242.50352738561966,243.1212019139168,3518400
2019-06-25,240.24769592285156,242.7094335775488,240.14921221096876,242.68257935042513,2287100
2019-06-26,240.01490783691406,241.5367200128911,239.92538465268478,241.0712103823549,2988700
2019-06-27,240.85719299316406,241.32509409503368,240.40727858192915,240.69520293506622,2054600
2019-06-28,242.1889190673828,242.5488450997808,241.31608402200482,241.78401257865863,2883300
2019-07-01,244.24954223632812,245.33832744246774,243.22372417886007,245.16735776622306,4497900
2019-07-02,244.96046447753906,244.97845117215724,243.51172547300405,244.27658563361427,3040700
2019-07-03,246.8410186767578,246.88599912808607,245.4372880839636,245.57225689854133,2335800
2019-07-05,246.5260772705078,246.77802821547635,244.62742437829309,245.7792315102561,3362500
2019-07-08,245.2933807373047,245.70729437120073,244.780471637994,245.46435043707493,3131800
2019-07-09,245.59930419921875,245.85125519488383,244.15957245516154,244.21355999276128,2532900
2019-07-10,246.74200439453125,247.6238463500782,246.06713291259177,246.57103475559262,2853200
2019-07-11,247.2369842529297,247.5519023827665,246.41813670203987,247.33595224559903,2249400
2019-07-12,248.45167541503906,248.523677084983,247.50686631660582,247.8038251490902,2932300
2019-07-15,248.51475524902344,248.84768757008092,248.09183453996653,248.82970087672126,1466200
2019-07-16,247.70481872558594,248.59564026232448,247.44386073965416,248.460671462908,1564000
2019-07-17,246.03123474121094,247.8128784233359,246.03123474121094,247.7049033469161,1758100
2019-07-18,246.93101501464844,247.26394725488984,245.17633798669183,245.5722648293016,3461100
2019-07-19,245.60830688476562,247.9388604181524,245.38334966192213,247.92084626554188,2319400
2019-07-22,246.20205688476562,246.6519711241316,245.4642184022507,245.9411263975552,1304100
2019-07-23,247.8937530517578,247.90276012444977,246.45404937159213,247.19188789647143,1753000
2019-07-24,249.03665161132812,249.06364537952047,247.15601253233334,247.2549805288391,1669900
2019-07-25,247.82177734375,248.72160586867093,247.16489263474625,248.72160586867093,1874200
2019-07-26,249.59457397460938,249.7475295276289,248.44279394583046,248.53278233851358,1796900
2019-07-29,249.1446533203125,249.49557234432982,248.5867637442944,249.45959895662634,2925900
2019-07-30,248.54164123535156,248.85658672646827,247.488857188056,247.85779019643974,1751100
2019-07-31,245.72528076171875,248.90167589788044,243.91664322203275,248.70373988849647,4910000
2019-08-01,243.66464233398438,248.60469353478092,242.89978238103495,245.9052072024383,6921000
2019-08-02,241.88296508789062,243.02573771928814,240.389246061461,242.85479551983005,5310400
2019-08-05,234.7473602294922,238.1666989546061,232.7857398815121,238.067730959896,7354000
2019-08-06,237.77078247070312,237.97775300588816,234.9093331264878,236.23208272305513,4366800
2019-08-07,237.9327392578125,238.66159837634146,233.04664808838388,234.99928863322745,4261200
2019-08-08,242.5758514404297,242.58485851640026,238.81457340478966,239.35447621167233,3618800
2019-08-09,240.88426208496094,242.31498706481028,239.3545416241735,241.80207788507045,2616300
2019-08-12,238.05870056152344,240.06532863281987,237.1678788540137,239.57040632596267,2104500
2019-08-13,241.74798583984375,243.04374138614475,237.47379944407692,237.75274414884794,3402300
2019-08-14,234.46841430664062,238.58961843205884,234.46841430664062,238.05872269615853,4354800
2019-08-15,235.2062530517578,235.9980792946491,233.3615876150932,235.41319609203623,2775200
2019-08-16,238.65261840820312,239.06653200708152,236.67298387339628,236.71799179408637,2432700
2019-08-19,241.58607482910156,242.1799652029736,240.8302218425187,241.47807229336206,1430800
2019-08-20,239.71435546875,241.59499411945572,239.6153874947828,241.13610016469275,1865000
2019-08-21,241.6580352783203,241.9909675612177,241.08215909021067,241.67602196961838,2007400
2019-08-22,241.5680694580078,242.8728324047864,239.9843891973758,242.30593577909087,1883700
2019-08-23,235.36819458007812,241.9099392023658,234.25238834290784,240.42522737146268,4184200
2019-08-26,237.9777069091797,237.9777069091797,235.99807270573524,237.38381664814636,2260000
2019-08-27,237.0418701171875,239.58840074047077,236.39399234856842,239.28246227481634,2490400
2019-08-28,238.68858337402344,238.85955303363,235.75513285718887,236.41201773149803,3124000
2019-08-29,241.79298400878906,242.26091254960332,240.16429611232812,241.07313196836034,3128700
2019-08-30,241.6940155029297,243.1427266558627,240.84817425392214,243.08873912597667,4209200
2019-09-03,240.35330200195312,240.97418618553436,239.066553170717,240.10135098981877,3368500
2019-09-04,242.92678833007812,243.00776962883867,241.58605217182625,242.27891047939738,1486100
2019-09-05,246.13919067382812,246.94903114458936,245.16736014043693,245.26635559318842,1755800
2019-09-06,246.31910705566406,246.90401769695973,245.82421223982226,246.49007671072073,1890800
2019-09-09,246.3821563720703,247.29997199204422,245.61729629179226,247.27297822265086,2158500
2019-09-10,246.43603515625,246.44504222893943,244.63637809596634,245.75215668595422,1870400
2019-09-11,248.20875549316406,248.20875549316406,246.10315954407287,246.68804273094366,2080300
2019-09-12,248.93765258789062,249.97245030123645,248.29878177609245,248.99164012350187,2433700
2019-09-13,248.87460327148438,249.73845857257757,248.48768353111936,249.4414997313918,2292000
2019-09-16,248.0558624267578,248.4427822904813,247.48896578611144,247.79490433839982,1432400
2019-09-17,248.7306365966797,248.7846241164624,247.75880631941084,247.86678135897628,1789200
2019-09-18,248.88368225097656,248.96466355998948,246.50814813813122,248.35278647371416,2028700
2019-09-19,248.8296661376953,250.1344289300285,248.55972847198342,249.25258678770842,2267900
2019-09-20,247.4979248046875,249.62153526111877,247.00302990023786,249.4145647309425,2052700
2019-09-23,247.66891479492188,248.26280520530923,246.85006714396056,247.0840314615497,1286400
2019-09-24,245.61727905273438,248.9646435255689,244.8074385671739,248.63171123955166,5124900
2019-09-25,247.1199188232422,247.52482519396833,244.39343941800067,245.7251680958396,2649200
2019-09-26,246.63265991210938,247.319766102045,245.33073674308147,247.12991035402482,2355000
2019-09-27,245.2493896484375,247.35595812209834,243.85704967166836,247.32883587020757,2836500
2019-09-30,246.46092224121094,247.06666179449715,245.72859377153242,245.7557160262869,2735200
2019-10-01,243.49542236328125,247.79897622457435,243.2874666944076,247.2203589588255,3696000
2019-10-02,239.20086669921875,242.05786331192616,238.007432495562,242.05786331192616,4463500
2019-10-03,241.09951782226562,241.15376232565592,236.50661419899376,239.001971720162,2988800
2019-10-04,244.44473266601562,244.61651613620177,241.72334698798807,241.80474134022853,1907800
2019-10-07,243.3959503173828,245.1589795114165,243.1156778432366,243.71239499212024,1821900
2019-10-08,239.61672973632812,242.32001496895992,239.55343529357015,241.6509811206618,2153100
2019-10-09,241.8499755859375,242.6998431280116,240.8464244450921,241.43409176470243,1921200
2019-10-10,243.49542236328125,244.29104524607817,241.62390411733472,241.7776152797727,1559300
2019-10-11,246.03598022460938,248.04310978267017,245.86419675318882,246.0088579707696,2806500
2019-10-14,245.80995178222656,246.32530219551688,245.44831253460927,245.72858502086063,1215500
2019-10-15,248.187744140625,248.8567780571384,246.61457081425402,246.7049875143701,1783800
2019-10-16,247.79893493652344,248.38662964383093,247.38305125937578,247.78991258115775,1150800
2019-10-17,248.46798706054688,249.2816820822577,247.89839226795934,248.84769852807202,3100600
2019-10-18,247.44630432128906,248.6035660577333,246.65068170411558,248.052043638026,1152200
2019-10-21,249.17324829101562,249.28173730577072,248.2420141259598,248.6759701849802,3017500
2019-10-22,248.29617309570312,249.83314626075875,248.19670647223978,249.6161683059971,1601500
2019-10-23,249.02850341796875,249.06467560783776,247.8893139631169,248.0972695657428,1296500
2019-10-24,249.4353485107422,249.99589325654495,248.67587052920223,249.8783543405615,2220600
2019-10-25,250.47515869140625,250.92721462370093,248.88391298051152,248.9291075372192,5500900
2019-10-28,251.9307098388672,252.31044887819507,251.5419484449756,251.5419484449756,1795900
2019-10-29,251.76808166503906,252.63602150057017,251.50588144705728,251.63247037687947,1599200
2019-10-30,252.65403747558594,252.8710154645675,250.78251954671774,251.96690372207667,1811300
2019-10-31,251.84031677246094,252.5636227268006,250.5745658414927,252.5636227268006,2312100
2019-11-01,254.23622131347656,254.24524366840134,253.0699094938257,253.19647078446792,2361900
2019-11-04,255.24884033203125,255.77321301600097,254.9233457488799,255.67377396559175,3797500
2019-11-05,254.9233856201172,255.70093620776248,254.69735764332466,255.48393058795375,2995600
2019-11-06,255.05889892578125,255.26685451742958,254.1638373106729,254.99563208597104,1457200
2019-11-07,255.96310424804688,256.9757327427854,255.4839260494113,256.2795489281961,2689600
2019-11-08,256.5869445800781,256.5869445800781,254.95955420676984,255.6285881793713,2328700
2019-11-11,256.0897521972656,256.19824123460165,255.17659014750137,255.3483736537206,1123700
2019-11-12,256.5959777832031,257.4187228643275,255.89077165528275,256.3880221282035,1737600
2019-11-13,256.70440673828125,257.057023515406,255.4929004732757,255.70987843378504,1721400
2019-11-14,257.04803466796875,257.1294014224999,255.85460041890465,256.4422951871357,2244000
2019-11-15,258.9646301269531,258.9646301269531,257.6717574046921,258.25040196338557,1892400
2019-11-18,259.1275329589844,259.34453860600075,258.31383765877325,258.7387714120726,2278500
2019-11-19,259.0009460449219,259.6971022991035,258.4675233164492,259.6971022991035,3212500
2019-11-20,258.0877990722656,258.95576644212684,256.6683642276312,258.4946605013448,2816300
2019-11-21,257.68994140625,258.2505139122207,256.9214684310915,258.14199731695646,2307200
2019-11-22,258.2594909667969,258.4493466904259,257.3101847573533,258.3499076513387,1266500
2019-11-25,260.2214660644531,260.23953836766526,259.09132630938683,259.11844855985635,2040300
2019-11-26,260.7457580566406,260.9989081797606,259.9953576317366,260.3027522390042,1795700
2019-11-27,261.9754333496094,261.9935056520059,261.0713215863557,261.3425440788112,1631500
2019-11-29,260.97186279296875,261.72229103016525,260.8181792397228,261.5143353854947,1988500
2019-12-02,258.8471984863281,261.31543364447606,258.43131478199234,261.31543364447606,4416100
2019-12-03,257.030029296875,257.1565906397799,255.05002164709532,256.3338453413102,3236000
2019-12-04,258.6753845214844,259.20883470333956,257.73512822184324,258.0425228880297,3188800
2019-12-05,259.15460205078125,259.3263578971549,257.9340456851537,259.3263578971549,1597200
2019-12-06,261.4601135253906,261.87599725944125,260.8814686855771,260.9085909379868,1609400
2019-12-09,260.66448974609375,261.75845737783004,260.62831754590695,261.17079018349096,1478900
2019-12-10,260.42041015625,261.23410538159237,259.7965707121826,260.6645104464607,1822700
2019-12-11,261.0984191894531,261.3605917103122,260.45648003240126,260.7910245299193,1835400
2019-12-12,263.3948669433594,264.09105065710514,260.93568185210836,261.1526874366284,3276600
2019-12-13,263.4943542480469,264.68778848694353,262.46365351682607,263.17790958891925,3519600
2019-12-16,265.35693359375,265.9084287979331,265.10378327864197,265.13995549260454,3141900
2019-12-17,265.4111633300781,265.9807584051616,265.35691880781434,265.79992493673996,3658200
2019-12-18,265.4292297363281,266.00787474935566,265.42020737702717,265.82704128495635,3294400
2019-12-19,266.53216552734375,266.6045099273382,265.58285911002537,265.60998136219723,2331600
2019-12-20,267.8883361816406,268.3042475077929,267.4182079418696,267.5176745950989,4985600
2019-12-23,268.15087890625,268.4870169826624,267.9964228501882,268.45066948858647,2325200
2019-12-24,268.15087890625,268.3689084206765,267.8692482084443,268.3325609266006,1305900
2019-12-26,269.52276611328125,269.5409260014158,268.4779764576141,268.5143239589032,2390300
2019-12-27,269.52276611328125,270.2858972902327,269.0503317715827,270.2858972902327,2225400
2019-12-30,268.0418395996094,269.67711625806544,267.5603393160075,269.5953551976438,2345400
2019-12-31,268.7322998046875,268.9049157450348,267.2514790546248,267.5785233258,2512700
2020-01-02,271.1125183105469,271.139771994065,269.2228371699317,270.08591668968506,3142400
2020-01-03,269.13201904296875,270.14952699984,268.0418438284692,268.20536595189225,3247900
2020-01-06,270.1404724121094,270.2040735933724,267.41499267240425,267.4785938536673,2777100
2020-01-07,269.3955383300781,270.06781455295305,268.96854533649116,269.6590091708065,2251800
2020-01-08,270.7854919433594,271.92110848936255,269.34099102384494,269.55902052867333,3719500
2020-01-09,272.6570129394531,272.72061412636475,271.7212659213822,272.30271495883244,2168500
2020-01-10,271.875732421875,273.3292996212631,271.44873943267504,273.2202848538107,3666800
2020-01-13,273.67462158203125,273.74731660092976,272.075691591605,272.46633721184924,2728000
2020-01-14,273.31109619140625,274.28319058801236,272.8386896993701,273.35653748728316,2620100
2020-01-15,273.9197998046875,274.63748948692495,273.17482870982076,273.28384346028656,2822300
2020-01-16,276.20928955078125,276.2183833581784,275.0100714253062,275.2190349202825,2582600
2020-01-17,277.1448974609375,277.2720998004602,276.36360671818477,276.8814267040752,2218000
2020-01-21,276.5726623535156,277.2903799628439,276.18201681268687,276.2546840917864,2757900
2020-01-22,276.6452941894531,277.9262730256257,276.47267825035806,277.3720777145798,2765300
2020-01-23,276.9178771972656,277.0632394715021,274.9646218888105,276.0366374706578,2673100
2020-01-24,274.3922119140625,277.5628444467216,273.2838490532885,277.4720173028165,3448200
2020-01-27,270.0315246582031,271.39426486617606,269.32290085905805,269.67719889612033,4302000
2020-01-28,272.9569091796875,273.6564392603499,270.93095850059274,271.3670454031625,3562500
2020-01-29,272.68426513671875,274.3104759466007,272.475329416605,274.1651136880343,2739400
2020-01-30,273.5381774902344,273.71988719581265,270.0949809620876,270.7672846927205,4432700
2020-01-31,268.63238525390625,273.0930906699415,267.75114564666484,272.9477284153948,6184700
2020-02-03,270.5856628417969,272.24822124011695,269.8497854277921,269.9315465043462,3205200
2020-02-04,274.7556457519531,275.4824570896214,273.6018691424904,273.9107535641178,2292800
2020-02-05,277.8626708984375,278.07160660556883,276.0638442510933,277.4538378388093,3049900
2020-02-06,278.8074951171875,278.98008332044265,277.8263069222961,278.72570633010275,1925500
2020-02-07,277.39019775390625,278.5349079803152,276.8541901292414,277.8444443231148,2249000
2020-02-10,279.3798522949219,279.41619979027223,276.49994403251134,276.53629152786164,2246900
2020-02-11,279.8885803222656,281.3512688302852,279.46158739787626,280.6608051078651,2438800
2020-02-12,281.68743896484375,281.87821480065367,280.87889432021007,281.2331923009999,2115800
2020-02-13,281.4149169921875,282.2870628700509,280.14300408590714,280.36106134913615,2043400
2020-02-14,281.8872985839844,281.93271215874773,280.72442827488834,281.73284252476174,1637000
2020-02-18,281.1150817871094,281.4694074904634,279.84319668215113,280.9424658380419,3000300
2020-02-19,282.4687194824219,283.0773944037322,281.74190828345354,282.0144728799463,2257500
2020-02-20,281.3603210449219,282.7139668769321,278.6075880913991,281.95083600838217,4617300
2020-02-21,278.4440612792969,280.3428086672168,277.653676661719,280.0884316900077,2678000
2020-02-24,269.13201904296875,271.9847010238515,268.1599523815011,269.7861352616735,7097000
2020-02-25,261.04638671875,270.93988922978207,260.15605355877875,270.48564270990016,8465800
2020-02-26,259.8927001953125,265.53443615549276,259.3566924439443,262.2002533503519,10233700
2020-02-27,248.373046875,258.44823628459324,248.34576545446257,254.89602343549072,14897000
2020-02-28,246.87396240234375,247.9460055757465,238.25236978986513,241.04145089669967,23179600
2020-03-02,257.89398193359375,258.0484379895869,245.73833745945709,248.92715773160012,12428600
2020-03-03,250.780517578125,261.93681505095907,248.34573427589703,258.3210014579249,9805900
2020-03-04,261.1736145019531,261.3280428077569,253.19704594456306,255.49553245013757,5253900
2020-03-05,252.42491149902344,257.47613288046165,250.3898673109838,254.65070382419628,6220000
2020-03-06,248.19131469726562,249.34509133673805,242.2043465054042,244.67544966771436,6669100
2020-03-09,229.04025268554688,237.1076639838191,228.1680929941755,230.65736969480122,16425900
2020-03-10,240.79478454589844,240.79478454589844,228.18959362260003,237.7553114151224,10879100
2020-03-11,228.85586547851562,235.23605047471366,226.01718684632618,234.26852898621692,11480100
2020-03-12,206.7214813232422,222.4209201918889,206.1099349766286,214.44342212546263,24669300
2020-03-13,226.03546142578125,226.1632470287392,208.20017064249302,219.66441248815866,19533600
2020-03-16,199.5015869140625,214.28826848461836,199.1090936054762,203.40819129639837,17271500
2020-03-17,212.56314086914062,213.5397849320229,197.7034380122359,204.22965377986563,15115500
2020-03-18,200.94369506835938,205.1332654349937,190.13664224213815,197.22877675266366,20177500
2020-03-19,201.11712646484375,206.283340911713,193.60513082605667,199.37375506407594,12441200
2020-03-20,192.3546600341797,204.96897058807696,191.72485467411596,203.3625212372183,11533200
2020-03-23,186.44912719726562,192.39117824965402,183.05366547373362,191.34151185812792,14128200
2020-03-24,204.22967529296875,204.73169515741853,196.08787270232034,197.51177346142393,13160800
2020-03-25,206.84925842285156,214.96367824788717,201.09889291615949,205.370594598569,11876400
2020-03-26,219.28106689453125,220.37637410841748,208.88475004062892,209.26810686910974,12411100
2020-03-27,212.5448760986328,218.73337561214896,210.5368108338562,212.3988314432638,11170600
2020-03-30,219.41798400878906,220.06604857963222,212.6453185746504,214.42519461064583,8727800
2020-03-31,216.15943908691406,220.8327573811062,214.89982810735032,218.55998407615144,10386300
2020-04-01,206.4202880859375,210.89281220158375,204.57652631107123,208.0358742088448,13710100
2020-04-02,211.2487335205078,211.92416559007341,205.11499807220648,205.67178106142256,6547000
2020-04-03,208.12713623046875,212.40797457251801,205.68093692318973,210.32687298747868,5490200
2020-04-06,222.28402709960938,223.8996131860804,215.34705846683707,216.28721232674147,7624000
2020-04-07,222.4026336669922,230.74524183173392,222.22008483933928,229.94201027696175,12936600
2020-04-08,229.95120239257812,230.97350120627843,222.75867612907294,224.75761912627354,6958600
2020-04-09,233.36488342285156,235.84760072715366,231.05560632964944,232.862863635724,8812600
2020-04-13,231.1012725830078,232.70772215189635,227.6236657429315,232.42476931174534,7666400
2020-04-14,238.15689086914062,238.80494141637047,234.77053776246825,235.7106776300614,6631100
2020-04-15,232.972412109375,234.48758016325394,231.0282326521039,232.82636745216726,4888900
2020-04-16,234.14987182617188,234.85268564801243,231.29293405821758,234.13162668910613,6165700
2020-04-17,240.6121826171875,240.9681716958564,236.86075967831337,239.42560806529883,6738800
2020-04-20,236.2765350341797,240.14664810083968,236.0209638948388,236.9976216918492,6498700
2020-04-21,229.056640625,233.20057016616306,228.18952322227202,232.06874511705064,6526100
2020-04-22,234.09512329101562,235.70158681936732,232.27872925251302,233.510958533684,5626800
2020-04-23,234.04946899414062,238.13860788700072,233.84866107671127,235.26342513916606,7665400
2020-04-24,237.4449462890625,237.9560886844452,233.61135046852067,235.49163024907241,4768200
2020-04-27,240.87692260742188,241.79881745309822,238.75020791161134,239.15182381338082,3892200
2020-04-28,239.76332092285156,244.4275298801963,239.41646834477007,244.14457706232352,5849500
2020-04-29,245.9427490234375,247.35751332659368,243.62433501052172,244.6009931321453,6773100
2020-04-30,243.79776000976562,245.14862453576498,242.09090635801832,244.69224536234915,7386600
2020-05-01,237.15284729003906,239.9185035810841,236.16705281402423,239.2704530446477,4790700
2020-05-04,237.90127563476562,238.1385737903552,234.14982549973337,235.4185725816438,4128900
2020-05-05,240.0919647216797,242.6202953289849,239.6903488183654,240.46619898863955,4437200
2020-05-06,238.47633361816406,241.981321891882,238.35769844616266,241.61622416954756,3021400
2020-05-07,241.2967529296875,243.0675061288317,240.876891942261,241.37892568314786,3410200
2020-05-08,245.33116149902344,245.6597689539512,243.14054726846624,244.19021368569454,3201100
2020-05-11,245.36766052246094,246.62727126712133,243.18615510276112,243.50562603665122,3469300
2020-05-12,240.42965698242188,246.80982831607048,240.35662072261246,246.42648544517147,5159900
2020-05-13,236.16708374023438,240.87692011251463,233.99471443639308,239.93678013746788,5617500
2020-05-14,239.01490783691406,239.14270738691854,231.81325834724407,233.9673548600919,7737600
2020-05-15,240.0919647216797,240.15583663639043,236.00279727665,236.89731048951802,3385900
2020-05-18,247.43043518066406,248.90912659157362,245.58667398297138,245.82399998506142,6759200
2020-05-19,245.09385681152344,248.49845541122755,244.92956699731965,247.0015183791302,4921100
2020-05-20,249.09169006347656,249.90405817604105,247.9872605169442,248.1972049163544,4896200
2020-05-21,247.30274963378906,249.72155369080562,246.39912778073884,249.00046679469244,3581300
2020-05-22,247.8594970703125,248.01467823248427,245.98835375892742,247.138438092754,2296400
2020-05-26,251.0450439453125,253.50947457657318,250.5977734487073,253.31780313812635,4911800
2020-05-27,254.70516967773438,254.70516967773438,249.05519407797306,253.54597676834015,5152400
2020-05-28,254.2032012939453,257.4343736628037,253.57339580200238,255.59972045973737,4630600
2020-05-29,255.34413146972656,255.89179201442266,251.3371092086197,253.77418609768972,7049300
2020-06-01,256.45770263671875,256.93232692850523,254.267088270913,254.72346742442141,3888200
2020-06-02,258.56622314453125,258.56622314453125,255.99223752533743,257.2062219122355,4343900
2020-06-03,261.9798889160156,262.8105023486613,260.0722273266014,260.31868990589817,5568100
2020-06-04,261.3136291503906,262.64624871191177,259.40596729819737,261.0489213956795,3818600
2020-06-05,267.9949645996094,269.61056469934704,266.1694479076023,266.18772090183387,6015500
2020-06-08,271.244384765625,271.3812929337851,268.24140228651294,268.74340818815716,5559700
2020-06-09,269.3184509277344,270.5324350167602,268.0132132965203,268.7981720324376,4686400
2020-06-10,267.63897705078125,270.53243297979026,267.06393489243266,269.74744639461187,5602600
2020-06-11,252.21334838867188,261.8885907216353,251.738696305118,261.37742051123047,7748200
2020-06-12,255.2528839111328,259.360296758155,250.55218366835373,258.63010117186593,6232200
2020-06-15,257.5804748535156,258.63014161865306,248.97314052695583,250.01369864808402,4431400
2020-06-16,262.6188659667969,264.8825169818512,258.1554637143111,264.74558092832257,5295000
2020-06-17,261.4139709472656,263.8053932309336,260.9393466602202,263.54071338026716,2662800
2020-06-18,261.6512451171875,262.07110605148904,259.72531100595927,260.1086816713074,2756300
2020-06-19,260.1086730957031,264.94627981341813,258.922098724993,264.73636328077174,3479500
2020-06-22,261.8338623046875,262.13508817679525,258.54795433563635,259.54285765300943,2518000
2020-06-23,263.0203857421875,265.09233666673913,262.65528806169465,264.25261478712235,2503600
2020-06-24,256.2934265136719,261.68783173884225,254.63219962094442,261.1218981599237,4532300
2020-06-25,259.0042724609375,259.31460690238146,253.9475842976194,255.8096188014524,3897400
2020-06-26,252.9344024658203,258.23755304659704,252.3958784895296,258.05499027100046,4479000
2020-06-29,256.6255798339844,256.6439198125327,252.05640517838904,254.047398849593,3464600
2020-06-30,260.0478210449219,261.4424432700279,256.12091004258394,256.2493738790919,5215700
2020-07-01,261.82781982421875,262.8737866570159,260.52498127806683,260.91031684806774,3712600
2020-07-02,263.14898681640625,266.12168705255004,262.57095554827504,264.93812855110144,3661100
2020-07-06,267.23193359375,267.52551327471116,265.9841149497793,266.69061018201694,3573800
2020-07-07,264.4609375,267.61714864862256,264.1398339935647,265.7729874832624,3420300
2020-07-08,266.4245300292969,266.5804898618951,263.5894490723729,265.15837138834695,2434200
2020-07-09,265.066650390625,267.2686523170321,261.86457340597394,267.01175255895083,3164600
2020-07-10,267.7272644042969,267.91996012244726,263.6352103896072,264.9013685376401,2712400
2020-07-13,265.3052062988281,271.99381190277165,264.8005627813993,269.8376739646035,3657900
2020-07-14,268.8558349609375,269.12191860362117,262.98382284630014,264.0481294170723,4053100
2020-07-15,271.2413330078125,272.26893157199953,269.1494279307287,271.755132289906,6601400
2020-07-16,270.4523010253906,270.76424862979366,268.9659509103084,269.56232215401906,3082900
2020-07-17,271.16790771484375,271.9019266638025,269.5164140796164,271.32389549148496,2246000
2020-07-20,273.425048828125,274.0397600925807,270.2963605718157,270.9661197704027,2539900
2020-07-21,273.99395751953125,275.57206398469975,273.1039783851053,275.12246842196646,3305500
2020-07-22,275.55364990234375,275.76468566178863,273.51679222411383,273.61773210905466,4121100
2020-07-23,272.2598571777344,275.8197736366151,271.0120664189365,275.18669426635165,3487100
2020-07-24,270.4981994628906,271.4065183328165,269.1035771979933,270.5348794172557,2851000
2020-07-27,272.4708251953125,272.6084450241887,270.4247837394691,271.10375489520027,2253300
2020-07-28,270.7825622558594,272.8010512909632,270.4706147140695,271.7459288408,3135600
2020-07-29,274.0581970214844,274.571996535956,271.48917144915276,271.5809273624456,2370800
2020-07-30,273.0580139160156,273.4709014048032,269.44307839181107,271.3422880403241,2951700
2020-07-31,275.34259033203125,275.34259033203125,270.8835122538976,274.7462191240404,4460300
2020-08-03,277.07659912109375,277.83814195331746,276.2875603310333,276.7646515994449,3767700
2020-08-04,278.241943359375,278.241943359375,276.37022957011715,276.37022957011715,2129200
2020-08-05,279.9760437011719,280.20541945842336,279.20534451680334,279.48058422551696,2615100
2020-08-06,281.85687255859375,281.9394444509493,279.1502280870983,279.4529916924019,4088200
2020-08-07,282.0036315917969,282.2238512916083,280.13194614315137,280.9668770050303,3319600
2020-08-10,282.90277099609375,283.04957478385364,280.68243020612965,282.4807276062588,2118200
2020-08-11,280.6182861328125,284.53601369505094,279.9026349434583,283.98550631863196,3571200
2020-08-12,284.4625549316406,285.16902195544947,282.7743532643858,282.82021720101136,2947400
2020-08-13,283.9763488769531,285.1415675511068,283.1047098687493,283.7836530962124,4074200
2020-08-14,283.9763488769531,284.4442563445437,282.90285809842675,283.6460332528034,2097600
2020-08-17,284.8937683105469,285.22405583789794,284.5084048620107,284.8295364024642,2183400
2020-08-18,285.49017333984375,285.84798487027336,283.7652636035117,285.27913761679434,2415800
2020-08-19,284.2790222167969,286.5177309582375,283.7927469245964,285.8479439331481,2498300
2020-08-20,285.1783142089844,285.5911737952378,282.60928878352934,282.69186070078,2409300
2020-08-21,286.1966857910156,286.35267361103945,284.5818996541291,284.86632332596577,2316200
2020-08-24,289.1051940917969,289.16942602027694,287.5179038591873,288.42622284780686,2349600
2020-08-25,290.1144104003906,290.1694583310197,288.55464436599397,289.6464749900787,2890800
2020-08-26,293.0779724121094,293.2614842094937,290.1603196334948,290.61907112698646,2606000
2020-08-27,293.66510009765625,294.9771222573797,292.1970901567253,293.8027199046271,2295900
2020-08-28,295.5735778808594,295.6928577476385,293.55508813526285,294.6469189158229,3538700
2020-08-31,294.53680419921875,296.1974823960954,294.33495241838443,295.41762724284285,5068000
2020-09-01,297.28924560546875,297.3626615090604,294.4633493163815,295.2615722681704,3008000
2020-09-02,301.6199035644531,302.4732025673939,297.9865998098805,299.05090656626385,5273100
2020-09-03,291.1786804199219,300.49135640786255,288.83905943770816,300.0326049995882,6892000
2020-09-04,288.8482666015625,293.2339292965499,281.581631391475,291.55488332756795,5133900
2020-09-08,280.9118347167969,284.9671812701978,280.6182271111313,283.82948679819685,4278300
2020-09-09,286.4535827636719,288.70147614865925,283.77448988030625,284.5635289624036,3339800
2020-09-10,281.4439697265625,288.74728380678,280.5906988855242,288.14172862927995,3589000
2020-09-11,281.65509033203125,284.0497598012181,279.0769090567893,283.0955488096787,3690100
2020-09-14,285.3158874511719,286.94904154765544,284.068068905562,284.4992964029464,3056100
2020-09-15,286.7838439941406,288.33442589627185,285.82044929757103,287.6095908769416,2570900
2020-09-16,285.6278076171875,289.17853913715237,285.3800919297358,287.9215647231043,2313400
2020-09-17,283.1321716308594,284.673569538318,280.71913490670346,281.19625425898494,2848300
2020-09-18,279.8382568359375,283.9486780327241,277.59036455645423,283.9119700934799,3420800
2020-09-21,276.8014831542969,276.85653109446724,272.34240400071167,275.68212837088385,4536800
2020-09-22,279.59979248046875,280.05854387746365,275.86557738890224,278.1042584462712,2741500
2020-09-23,273.12225341796875,280.3429966781171,272.6543459843151,280.09528097794754,2755800
2020-09-24,273.8746032714844,276.5904038927457,270.70005122095756,271.86526977130444,3130700
2020-09-25,278.26019287109375,278.9575038207704,272.24137793692273,273.03041674843445,2683800
2020-09-28,282.92120361328125,283.52675893609745,281.1504295935124,282.058776577721,2437900
2020-09-29,281.3077392578125,283.3440848513132,280.70882566180086,282.7267249752422,2303900
2020-09-30,283.4729919433594,286.32938077040393,281.81445810537053,281.98952900285315,4304500
2020-10-01,285.2698669433594,286.66118338614245,283.57446804110344,285.78585669103154,3005700
2020-10-02,282.6161193847656,284.3299360256076,280.30336111417483,280.7732912792623,3125100
2020-10-05,287.5549621582031,287.7484794069793,284.4313823055731,284.4313823055731,2364500
2020-10-06,283.53759765625,289.6189374056452,283.0400260816575,287.71160313581703,3389800
2020-10-07,288.40264892578125,289.14899218942935,286.1912604364784,286.200455457472,1707800
2020-10-08,290.9549865722656,291.02871546389895,289.3701528341478,290.20864323064427,1731700
2020-10-09,293.5440979003906,294.02325123903495,291.95006946957665,292.521341724735,2794100
2020-10-12,298.28021240234375,299.6623337322472,295.46068713888707,295.90297608741514,2194300
2020-10-13,296.3728942871094,298.289451715312,295.5067626238637,298.2065278053415,2229700
2020-10-14,294.5208435058594,297.89319467697834,293.86661918878065,296.8980797299698,1902100
2020-10-15,294.17071533203125,294.5761398417634,290.45741711919436,290.89967795211624,2481700
2020-10-16,293.92193603515625,296.88889118045483,293.8390121231882,295.45148713434327,1669600
2020-10-19,289.480712890625,295.6726174672929,288.7067002141278,295.1289583418335,2229600
2020-10-20,290.62322998046875,293.62704899969293,290.0427345877399,290.6877357172891,3066600
2020-10-21,290.0981140136719,292.5674979225073,289.86776040756405,290.6233269842386,2607700
2020-10-22,291.6922607421875,292.2358920453661,288.3935803420487,290.3009155354799,2362400
2020-10-23,292.68731689453125,292.8623879030222,290.46670452518657,292.8623879030222,1429300
2020-10-26,287.29693603515625,290.319173483468,284.12726894066714,289.609694673111,3335800
2020-10-27,286.3479309082031,287.91434656998274,286.15444176576415,287.64712853182004,2196100
2020-10-28,276.4888000488281,281.71320346423715,276.07415235964754,281.1511542297775,5650500
2020-10-29,279.40045166015625,282.18311255735443,275.21722311405654,276.7191328326385,5365200
2020-10-30,276.2584228515625,279.0595018817195,273.07953249117895,277.8616746232355,5892100
2020-11-02,279.47412109375,281.31694937731004,277.00473794241833,279.52940369271056,4080400
2020-11-03,284.4036865234375,286.32021552639566,282.03564547915573,282.4779343810664,3378300
2020-11-04,290.8076171875,294.53013964526434,287.48132433589626,288.5778098417245,5750200
2020-11-05,296.501953125,298.1236233777994,295.33173881901433,295.7187452466691,3950300
2020-11-06,296.4649963378906,297.5430632425326,294.3273088075771,296.1793602071268,3640600
2020-11-09,300.159912109375,308.8580647928901,299.71762315079025,308.0840520855341,8097300
2020-11-10,299.7728271484375,300.6573767143268,296.7505903556023,299.2476144202155,4120800
2020-11-11,301.88299560546875,302.6846216110986,300.53773849394435,301.68950646050104,2773500
2020-11-12,299.091064453125,301.707877490004,297.3680243434357,301.062876281765,2532700
2020-11-13,303.154541015625,303.8179604652291,300.2797327737853,300.7957225546625,1996100
2020-11-16,306.8310546875,306.94161993784235,304.44459430314043,305.5871393824662,3018800
2020-11-17,305.3013610839844,306.3702048722943,303.3756088848208,304.73931194976694,3052100
2020-11-18,301.5973815917969,306.0386059462792,301.56974028333894,305.56867558315787,2647800
2020-11-19,302.8596496582031,303.2282097313872,299.83741206716394,301.0813269185749,2962200
2020-11-20,300.83245849609375,302.83193931927684,300.7495346074813,302.601585811134,3516800
2020-11-23,302.61090087890625,303.6981630189988,300.4363484793878,302.4818893778783,2222600
2020-11-24,307.5127868652344,307.9827171371376,304.15885357291387,305.0065389473033,2659700
2020-11-25,307.0060119628906,307.4483009197356,306.04773328272546,307.4483009197356,2256900
2020-11-27,307.88128662109375,308.31432420536686,306.9967089375831,308.01949309685364,984700
2020-11-30,306.499267578125,307.4114587408933,304.10358476387177,307.1995233280146,4175700
2020-12-01,309.87164306640625,311.2537646289136,308.968674975276,309.5215292241459,3224200
2020-12-02,310.5257873535156,310.6179062717666,308.35123536783027,308.876448174635,2270300
2020-12-03,310.4336853027344,311.7144365169006,309.48462972872676,310.4336853027344,2851100
2020-12-04,313.1058349609375,313.13347626904215,310.93131040514027,310.97736987886907,2907000
2020-12-07,312.5252990722656,312.9399467597047,311.3551130209448,312.42395699539526,1943100
2020-12-08,313.4282531738281,313.92582470814034,311.29978865174684,311.3366530926331,1948200
2020-12-09,310.6457214355469,314.13786240776807,309.83487211535225,314.008878990105,2545800
2020-12-10,310.49822998046875,311.43806253141935,308.52638969674615,309.3556570204479,2738600
2020-12-11,310.1019592285156,310.3323127944614,307.54042869997147,308.9594145396106,2387900
2020-12-14,308.6829833984375,313.08734219615377,308.5724181923632,312.1382866849094,2654600
2020-12-15,312.94921875,312.94921875,309.8163871099673,311.1063898414338,2757400
2020-12-16,313.4282531738281,314.23910215735043,312.3225449018742,313.12417074534255,2943200
2020-12-17,315.1329650878906,315.35409555773435,314.16546304364937,314.91180649870944,2627000
2020-12-18,313.8705749511719,315.5843920207789,312.08302899207695,315.4830499468985,6025700
2020-12-21,312.903076171875,313.6310013362611,307.85371572672335,310.35996372674515,3918100
2020-12-22,312.2859802246094,313.22039496507966,311.2960285814497,313.1463928186898,2371900
2020-12-23,312.53570556640625,314.33056076964897,312.4246882522777,313.21109853977055,3682200
2020-12-24,313.7847900390625,313.80328351821805,312.4987732626099,313.05388821478857,1447500
2020-12-28,316.51409912109375,316.8379185688871,315.5704233513146,316.1717861918892,2798800
2020-12-29,315.8478698730469,318.049779130369,315.3667572036947,317.92026834314373,2555500
2020-12-30,316.2735290527344,317.254219889821,316.0144791756609,316.67135060782596,2009100
2020-12-31,317.9757995605469,318.60491653584705,315.69985977677635,316.2457137613145,3507000
2021-01-04,313.6645202636719,319.27112213919713,310.27835002218194,319.2063526089341,5402600
2021-01-05,315.7276916503906,316.77315207058194,313.0724232114668,313.08165583427666,3299700
2021-01-06,317.6427917480469,320.5756317400247,313.91430861793253,314.36766709447824,4805000
2021-01-07,322.38897705078125,323.07363106865654,319.687460875337,319.8724803721879,3638900
2021-01-08,324.2023620605469,324.3873815617316,320.70517444033476,323.7027557621393,3758500
2021-01-11,322.0837097167969,323.64727001933903,321.223296977809,321.3713012955151,2975000
2021-01-12,322.11138916015625,323.0273103638997,320.0852381915053,322.2408999666165,2298400
2021-01-13,322.91632080078125,323.8692572744457,321.3342672489209,322.0651408099199,3039900
2021-01-14,321.82464599609375,324.1098472452383,321.5470743850835,323.6750104655445,3497400
2021-01-15,319.5301513671875,321.09371144347676,317.8278196166781,320.36280964682646,3622100
2021-01-19,322.055908203125,322.5092384162115,320.4460720820768,321.77833662085965,3433800
2021-01-20,326.4320373535156,327.24620224230034,323.78602969928653,324.1098491301879,2920600
2021-01-21,326.73736572265625,327.3664828743483,325.941694308428,327.0149091030141,2580800
2021-01-22,325.5715637207031,326.6262848295233,324.72964465164034,325.09047921023125,1812200
2021-01-25,326.8946228027344,327.21844222801826,321.93565963426624,326.32101434131073,3549000
2021-01-26,326.404296875,328.1158897387357,326.21927735971553,327.72732899261257,2430200
2021-01-27,318.4847106933594,323.406686761238,316.40305074858605,323.38819328163964,5010400
2021-01-28,321.1584777832031,324.8036976395832,319.7244285389744,320.0852631226849,3432200
2021-01-29,314.7284851074219,320.31659369789656,313.23895526542043,319.47467447811795,5803600
2021-02-01,319.90020751953125,320.8994200080159,315.85716622252517,317.9203324890139,3334000
2021-02-02,324.4983825683594,325.97867967489515,322.88857464094815,322.93482245533534,2955200
2021-02-03,324.8222961425781,326.40435019315294,323.7028333072625,325.38667210704443,3392800
2021-02-04,328.45819091796875,328.47671263286054,325.5901485418881,325.7751680505557,1988300
2021-02-05,329.77197265625,330.41035068531977,328.73577302480993,330.19754859752237,2091800
2021-02-08,332.2051696777344,332.2051696777344,330.34554447478496,331.14121582551246,3371100
2021-02-09,331.93695068359375,332.4457897257154,331.0025073954983,331.4188507821993,1891200
2021-02-10,331.8073425292969,333.6299242746864,329.6423914344744,333.5559221251842,2400000
2021-02-11,332.3440246582031,333.15818969210693,330.14208601677956,332.79735500167516,2237200
2021-02-12,334.0370178222656,334.1665568811128,331.54827547676746,331.63156671992334,2144500
2021-02-16,333.7224426269531,335.2582483712135,333.04707773307115,335.0547071705448,4408500
2021-02-17,333.7964782714844,333.9630042834789,331.141209998848,332.1681486404661,3211800
2021-02-18,332.3717041015625,333.00082121896264,329.81819220417145,331.43726104808997,3010500
2021-02-19,331.76104736328125,333.72242890673186,331.3447323569736,333.50039423670114,2487100
2021-02-22,329.152099609375,331.39105321822205,328.95781923027215,329.21686914718373,3291000
2021-02-23,329.5683898925781,330.8081305978367,323.3789189885408,327.2276801590827,5251100
2021-02-24,333.2135925292969,333.60215320474975,327.69951505262725,328.57842111760135,3301200
2021-02-25,325.2200622558594,333.31540714001073,323.8877975247504,332.1681901571256,7049200
2021-02-26,323.4344787597656,327.94937292765263,321.69513150810525,327.02419062224374,7579500
2021-03-01,331.326171875,332.50117107982754,327.9770175671221,328.0232653731945,3721100
2021-03-02,328.7635192871094,331.7981159479152,328.58773240027404,331.5668203846394,5462600
2021-03-03,324.42437744140625,329.03179473171025,324.331853579162,328.16212124838796,6317600
2021-03-04,320.4276123046875,326.60782286640716,316.33832263181023,324.2671129381407,6604500
2021-03-05,326.3024597167969,327.26465695512337,316.9581153579592,323.60091570568164,8721300
2021-03-08,324.7018737792969,329.7348662260004,324.42433046706907,327.1721221953822,5663500
2021-03-09,329.2445983886719,331.64081699602065,327.72731420080214,328.20839880001523,6075100
2021-03-10,331.280029296875,332.9175917855238,330.1790601132274,331.49280315357004,7231400
2021-03-11,334.77716064453125,336.5442619075853,333.21360058021423,333.6761916469514,3340700
2021-03-12,335.2489929199219,335.33228416026776,332.7602788927058,333.52816766005725,4847300
2021-03-15,337.19189453125,337.46020527312885,333.48193313251966,335.53583873264324,3154800
2021-03-16,336.8126220703125,338.413197694688,336.072487486577,337.8025739576602,3698400
2021-03-17,337.9135437011719,338.6629390377506,334.56438859511456,335.6838511714092,5011600
2021-03-18,332.9451904296875,337.4693432638181,332.3993365220622,335.59122522309355,5067500
2021-03-19,332.35321044921875,334.1480661682896,330.41958304760533,332.74177116033803,5382800
2021-03-22,334.980712890625,336.30371660888835,332.843544350563,332.8712986861098,3417600
2021-03-23,332.5197448730469,335.7856369782579,331.68708652242503,334.48112666074474,4954600
2021-03-24,330.6786193847656,335.1657302642796,330.6786193847656,333.72244835632995,4099000
2021-03-25,332.5381774902344,333.28757269206795,327.64398477392683,329.4388119755453,5487300
2021-03-26,337.963134765625,338.2973612281393,333.07950700375926,333.65513813401026,3322600
2021-03-29,337.7588806152344,338.58518160411177,335.2706274676767,336.6261770308174,3143300
2021-03-30,336.8953857421875,337.46175166799736,335.41916226424365,336.6168637025301,3696200
2021-03-31,338.2323303222656,339.64358413894763,337.3874707353353,337.3874707353353,7470300
2021-04-01,341.816162109375,341.93686443895024,339.8385706081933,339.99641865468715,5132000
2021-04-05,346.7462158203125,347.3032882630338,344.2765497135573,344.3508411506569,3764100
2021-04-06,346.55120849609375,347.5446225927095,346.0034296326879,346.34694956957986,3583500
2021-04-07,346.98760986328125,347.312542805526,346.0498717523175,346.43983095044393,2768900
2021-04-08,348.67742919921875,348.68672271395303,347.29405553035787,348.13894368847195,3949400
2021-04-09,351.1841735839844,351.3234346086493,348.47310285702326,348.5566878057031,2627500
2021-04-12,351.3420104980469,351.5555346178047,350.0978698267933,350.67352926696316,2747500
2021-04-13,352.2982482910156,352.9202901886034,350.8777294545593,351.2955124453551,2985500
2021-04-14,351.1656494140625,353.28250219871364,350.6735748559514,352.3076182624594,3691100
2021-04-15,354.93505859375,355.16716972055184,353.06887606742254,353.11528695923175,3573800
2021-04-16,356.1792297363281,356.6620107597196,354.8422671581398,356.11423180994393,3252500
2021-04-19,354.4244384765625,355.67784437434307,353.15247388666796,355.2414742716752,3945700
2021-04-20,351.8247375488281,353.8858853342291,350.459923091821,353.2638150939586,4106700
2021-04-21,355.1299743652344,355.2878223763012,351.0819704799189,351.21193795914405,3640100
2021-04-22,351.8712158203125,355.70569661638933,350.9149189995429,354.9629522574176,3965000
2021-04-23,355.6222229003906,356.94989221014,352.307668049712,352.40981171486305,3781100
2021-04-26,356.392822265625,356.9406296544062,355.89148245301027,356.2721482370319,3125200
2021-04-27,356.2812805175781,356.87549859309337,355.3342773353376,356.7083853845587,3370600
2021-04-28,356.11419677734375,357.60900726771615,355.81708771500047,356.61556477831306,3960400
2021-04-29,358.4909973144531,359.066628389511,355.41784818751256,358.7509606494431,4209900
2021-04-30,356.1235046386719,357.2283559875,355.34361456900746,356.4391724049255,5219200
2021-05-03,356.9313049316406,358.3239720682481,356.4856412477275,357.9711585268859,4180800
2021-05-04,354.7586669921875,355.5571157021581,351.3698500632089,355.1485978348637,5485600
2021-05-05,354.8236999511719,356.43918455526835,354.14592516489097,356.2627778072484,4410700
2021-05-06,357.71112060546875,357.7946772161915,353.05960427141514,354.90722822143766,4737300
2021-05-07,360.264404296875,360.8678876993187,357.7575922142513,358.3982213390577,3516600
2021-05-10,356.73626708984375,360.8492697320288,356.60627124986945,360.61715858968586,5942700
2021-05-11,353.6074523925781,354.424488302552,349.9772583692158,352.57689232469176,7081500
2021-05-12,346.0591735839844,352.1311810013936,345.50210114493257,350.98921225191265,7707400
2021-05-13,350.1721496582031,351.92689512298426,347.3961095222874,347.4332269038712,7179100
2021-05-14,355.54791259765625,356.32780275304606,352.632582611521,352.632582611521,5167900
2021-05-17,354.69366455078125,355.3621457492951,352.8089232782028,354.5729622278181,3781600
2021-05-18,351.62982177734375,355.10219539816507,351.45341504254355,354.89793645965324,3128300
2021-05-19,350.701416015625,350.80353132924074,345.95704900996816,347.2940116038284,5086300
2021-05-20,354.4429931640625,355.5849618033255,351.3698440336599,351.4812528439413,4776700
2021-05-21,354.17376708984375,356.94054223237015,353.74669050203124,355.80783867296066,3567500
2021-05-24,357.74835205078125,358.7510599536177,356.0028713181712,356.2349825148717,2962500
2021-05-25,356.99627685546875,359.0852774081837,356.4670565819823,358.7510225861299,4031800
2021-05-26,357.6460876464844,358.14745559558,356.58767568047887,357.5346788431024,2642700
2021-05-27,357.8039245605469,359.10374111609246,357.748220160586,358.63951889383503,3015900
2021-05-28,358.5003356933594,359.5587478561806,358.3239289439088,359.33593020798287,3370100
2021-06-01,358.2217102050781,360.81207815788497,357.8039272022874,360.7006693571408,4389000
2021-06-02,358.8253479003906,359.530946664429,357.8876096080317,358.79749569041394,3209200
2021-06-03,357.46051025390625,358.48177677748424,355.31580522017777,356.68062009017626,3391000
2021-06-04,360.70068359375,360.97920560660356,359.0851992514449,359.1316101422948,2628100
2021-06-07,360.3943786621094,360.8771596884915,359.54019710202124,360.71931162827815,2500600
2021-06-08,360.4501037597656,361.23925910446985,358.7881797778747,361.16499599379665,2386600
2021-06-09,359.88372802734375,361.28568858318795,359.6887625749435,361.2392493481227,2968100
2021-06-10,361.5456237792969,362.42762917017603,359.84655425347023,361.03496223668986,2611800
2021-06-11,362.1769104003906,362.27905402866725,360.9142394848513,362.09335379573383,2241500
2021-06-14,363.08685302734375,363.08685302734375,361.1649658178472,362.2883759014286,2252200
2021-06-15,362.32550048828125,363.20753418048514,361.54561043438105,363.16109495075426,2405000
2021-06-16,360.33868408203125,362.631943784543,358.3982379235806,362.4834175559879,4194300
2021-06-17,360.2087097167969,361.0814500459054,357.9154500577794,359.8837483884888,4065300
2021-06-18,355.4271545410156,357.80397035647616,355.14860417168353,357.25619146416636,5211100
2021-06-21,360.4035949707031,360.589295212375,356.1977423351318,356.98692586141914,4389800
2021-06-22,362.316162109375,363.10534557827157,359.74438111912855,360.45927316320746,2705400
2021-06-23,361.92626953125,363.1518231653175,361.8148607161311,362.4183440206117,2404200
2021-06-24,363.9966735839844,364.43304365474864,363.6438884563247,363.8481473901693,2987800
2021-06-25,365.343017578125,365.7329768490572,364.45171853099043,364.7859450484587,2862800
2021-06-28,366.10430908203125,366.225011422555,364.72090725666266,365.8350521942386,2418500
2021-06-29,366.2654113769531,366.99205338303625,365.7996144902335,366.44241646830545,2927600
2021-06-30,366.6007995605469,367.16908658945255,365.8555358567231,365.8555358567231,3795900
2021-07-01,368.6689453125,368.7714354207645,367.24360784291866,367.3274478787778,3414500
2021-07-02,371.4730224609375,371.7524892249638,369.4048831171844,369.70299995213657,4363100
2021-07-06,370.7743225097656,371.6965912495688,368.25900794486586,371.49163948183633,4331300
2021-07-07,372.05059814453125,372.3207682973329,369.5446086371278,371.3984995656813,4747800
2021-07-08,369.08807373046875,369.7308755942175,366.13490948469695,367.23421154863206,5817100
2021-07-09,372.98223876953125,373.24308391983857,370.2340538698629,370.4296806250961,3332200
2021-07-12,374.3329772949219,374.5286040062679,372.51635825676016,372.91693671379636,2929200
2021-07-13,373.06597900390625,374.9664379791519,372.8051339233809,373.6435625086423,4313100
2021-07-14,373.5784606933594,375.03174483199086,372.46986173209723,374.5566228685962,3332200
2021-07-15,372.3766784667969,372.9915337923289,370.59733088002696,372.3953001081814,4483900
2021-07-16,369.4794006347656,373.4573243264914,369.0415788447958,373.42005261437123,4516600
2021-07-19,363.9550476074219,365.4269816862982,361.39316473733845,364.9798064414524,12336200
2021-07-20,369.09747314453125,370.3085337066717,363.3309052760587,364.57923755041486,4043100
2021-07-21,372.1996765136719,372.283516545591,370.0942653899679,370.2899205610996,2996600
2021-07-22,372.9915771484375,373.15925723034985,371.4265061906086,372.3673967146658,2575700
2021-07-23,376.7178955078125,377.0625806559702,374.1094158782664,374.6590812242315,3151900
2021-07-26,377.6775207519531,377.68684578939775,376.19628972786694,376.28945481233615,2374300
2021-07-27,376.0006408691406,376.7832048478995,373.38286400231794,376.7832048478995,3626100
2021-07-28,375.7956848144531,377.071963935305,374.53802733719385,376.5223269344267,3763700
2021-07-29,377.4166259765625,378.3482198388481,376.6899839011793,376.69928050741,2274200
2021-07-30,375.5721130371094,376.85771729777196,374.93863594431673,375.0504226748104,5204500
2021-08-02,374.80810546875,377.63083342824524,374.4447986854411,377.0905215558933,5814700
2021-08-03,377.83575439453125,377.9102978101497,373.49455283919144,375.50677018115954,4129600
2021-08-04,376.0285339355469,377.1650510753056,375.74903873840435,376.6526858588574,3880200
2021-08-05,378.3761291503906,378.40407582629973,376.71789337648346,377.0160102061711,3052800
2021-08-06,379.0281677246094,379.32628450709973,378.38539428046244,378.63691432382427,2486900
2021-08-09,378.6649475097656,379.2052594252422,377.93830545516596,378.9257926465453,1984400
2021-08-10,379.1400451660156,379.7828471458117,378.4413498340622,379.07482677850334,2400700
2021-08-11,380.0530090332031,380.1554991375861,379.0748468885708,380.090280746614,3554400
2021-08-12,381.1616516113281,381.32933169589893,379.1307836626618,379.9226441909005,2319300
2021-08-13,381.9161682128906,381.9161682128906,381.1895262204794,381.6180798177879,2253800
2021-08-16,382.8291931152344,382.8944115103373,379.2984443330952,380.751728518305,3379100
2021-08-17,380.3045349121094,381.06842019662025,377.5842685948718,380.47221496749086,5186300
2021-08-18,376.21484375,380.78897280433677,375.93537697681734,379.36363540113103,4878300
2021-08-19,376.74578857421875,377.8077905436398,373.5038324618112,373.65289085628785,5505700
2021-08-20,379.72698974609375,380.01581002119076,376.60617281155817,376.9974263429968,3263600
2021-08-23,383.09002685546875,383.89118392576546,381.2361641783961,381.25478582073265,3259400
2021-08-24,383.69549560546875,384.15196742436603,383.211077112557,383.7234422794832,3006500
2021-08-25,384.4035339355469,384.94384580180923,383.50921189518834,383.87251867440256,3261400
2021-08-26,382.1584167480469,384.4315079359324,382.13979510650216,384.19860948168173,4707600
2021-08-27,385.54937744140625,385.9872276430508,382.90365459125087,382.96887297723697,3882200
2021-08-30,387.3194274902344,388.0646911199579,386.04314859859056,386.29466867687563,2811800
2021-08-31,386.65802001953125,387.5616672004599,386.2201697683598,387.2263070574291,6062900
2021-09-01,387.0679626464844,388.0927216813442,386.7605491510221,387.58965298605096,3256400
2021-09-02,388.22308349609375,388.88450711493493,387.0772129198034,388.28827345345474,2835500
2021-09-03,388.0740661621094,388.5305380618869,386.76051539072034,387.1517688962472,3740000
2021-09-07,386.639404296875,387.8132216754317,386.0711456802651,387.7945716027633,3542500
2021-09-08,386.26678466796875,386.8536933758368,384.4408685779268,386.1736195916423,4012600
2021-09-09,384.53399658203125,387.6082734517734,384.3476948635551,385.99660580051517,3887800
2021-09-10,381.5622253417969,386.7046419767032,381.41319533295024,386.3226850578069,4035500
2021-09-13,382.4565734863281,384.4781163592962,380.37910882291857,384.3011112412035,4738300
2021-09-14,380.47222900390625,383.98432741112026,379.6151501948053,383.83526899084245,3657700
2021-09-15,383.6488952636719,384.05879873498606,379.8107340595313,380.8261677039291,3891400
2021-09-16,382.9875183105469,383.9936555480516,380.30455201383705,383.1365767320286,3351500
2021-09-17,379.233154296875,382.68006238986305,378.94436252167685,382.2794839184571,5396100
2021-09-20,373.0382080078125,375.0970513797302,368.51067445725005,373.67168515455876,10942700
2021-09-21,372.6748352050781,376.27077404634537,372.1158731738476,375.11560669712827,6418100
2021-09-22,376.2707824707031,378.08740200537716,373.81138928021136,374.6591431677265,6004800
2021-09-23,380.81695556640625,382.25161814132355,377.7333820134926,377.9569554532237,4098000
2021-09-24,381.450439453125,382.074619890243,379.11215804061555,379.317109840715,3417700
2021-09-27,380.3697204589844,381.5528627282023,379.7082968504359,380.48153559126126,3546600
2021-09-28,372.7679748535156,378.10598939115886,372.0133576833374,377.8078725375067,8234300
2021-09-29,373.3548889160156,375.532637101966,372.79409380031206,373.95307797895936,4724200
2021-09-30,368.6255798339844,375.2802765102152,368.56950317280916,374.65407761935,9511200
2021-10-01,373.03717041015625,374.65412373500493,367.1021425039568,370.3360491536542,8482200
2021-10-04,368.447998046875,372.8688983701255,366.3450376613569,372.1024792951625,8820400
2021-10-05,372.0277099609375,374.18674695041136,368.9901005965095,369.70977008525915,5523200
2021-10-06,373.6820068359375,373.87827513545767,367.3731262137792,368.85921467087854,6590000
2021-10-07,376.8972473144531,379.51425336946613,376.5233933813408,376.7290173230366,4409200
2021-10-08,376.1868591308594,377.9627150128452,375.67281360074134,377.6355821649413,3960900
2021-10-11,373.4483642578125,378.2898393891018,373.4483642578125,375.6447951836213,3695700
2021-10-12,372.70062255859375,374.7194677032465,371.86877130612265,374.37362363397574,6201300
2021-10-13,373.8970031738281,374.68210493041664,370.82199990143806,373.52314926924663,6492400
2021-10-14,380.1778564453125,380.355442046549,376.86919082407314,377.3178326361274,3785200
2021-10-15,383.14068603515625,383.4491362009534,381.59852077584856,382.19670987119696,3501600
2021-10-18,384.3089904785156,384.5706910722302,380.89752714227126,381.5237545575305,3402700
2021-10-19,387.2998962402344,387.2998962402344,385.2062913965404,385.76705803451074,2838300
2021-10-20,388.8045959472656,389.01957546769194,387.55216981453384,387.6362847947298,3208200
2021-10-21,389.7580261230469,389.97297715886793,387.823295661298,388.23454354272945,2579500
2021-10-22,389.3654479980469,390.6833065937939,387.5989761089226,389.35609238002627,3648900
2021-10-25,391.38433837890625,391.74886524490455,388.7486208844274,390.3468914954876,2511500
2021-10-26,391.7581787109375,393.9826482130032,391.4871224756432,392.8049811770324,3085300
2021-10-27,390.05706787109375,392.8236495418033,390.01034682879606,392.2348160880832,2873500
2021-10-28,393.87042236328125,393.8984606912026,391.3842527024325,391.4122910303539,3643600
2021-10-29,394.5714111328125,394.9078710696161,391.4964080464286,391.7581086161279,4637400
2021-11-01,395.4032897949219,395.8893255811101,393.748971158588,395.53415435988853,3937300
2021-11-02,396.93609619140625,397.18844115946627,395.36589267702806,395.4967287082806,2989200
2021-11-03,399.32879638671875,399.7120059101928,396.0014481357816,396.4220516068012,3562900
2021-11-04,401.1981506347656,401.31030396988695,399.59990856282946,399.88964751963573,4287300
2021-11-05,402.56268310546875,404.47873076603287,401.2448245262199,403.347784882276,4942900
2021-11-08,403.04864501953125,404.0860915806264,402.36634107177036,403.6561610842174,3511600
2021-11-09,401.63739013671875,403.5347265636513,400.34756988647615,403.3571409626338,4696000
2021-11-10,398.4035339355469,401.64676744893444,397.04828133315385,400.11392923593195,6350700
2021-11-11,398.53436279296875,399.8615770394046,398.52503569794425,399.74942371329973,3634600
2021-11-12,401.4971618652344,402.05795694765624,398.84276223320853,399.71197892318986,3655500
2021-11-15,401.68408203125,402.8430661627179,400.6372797369357,402.78698950575273,3122300
2021-11-16,403.2169189453125,404.3197978935698,401.40369764647846,401.4504186860803,3267000
2021-11-17,402.2449035644531,403.1982638419738,401.7495407132174,403.05804366712067,3764900
2021-11-18,403.6374816894531,403.9272491051982,400.77745818548993,403.24494510361944,4732200
2021-11-19,402.8804626464844,404.69368409008285,402.2542637543535,403.6468817150622,4886200
2021-11-22,401.81488037109375,406.9554489161746,401.6372948122244,404.6375095583976,4868300
2021-11-23,402.33837890625,403.1047979751325,399.13253950066826,401.4972004633615,6795200
2021-11-24,403.3291320800781,403.53475602662587,399.7587656096704,400.5532230632971,4569600
2021-11-26,394.55279541015625,398.64653461909444,393.39381109909266,397.4034638327763,7702500
2021-11-29,399.3194580078125,400.9457667791686,396.80524973729746,398.82409514354146,6300800
2021-11-30,391.6741027832031,398.74940427714034,391.2722104611701,397.03898021872794,8657600
2021-12-01,387.16900634765625,399.3007610657726,386.9166613770778,396.7304762247227,8337000
2021-12-02,393.07598876953125,394.4779622966786,386.97273182227883,387.3372586304849,10417700
2021-12-03,389.59912109375,395.53414848700487,385.79509247295664,394.5340671206727,10228900
2021-12-06,394.2536926269531,395.97344355871934,389.74867709173316,392.00118485934314,7289500
2021-12-07,402.3570861816406,402.9272369707411,399.03909325088364,399.0764872017822,4731900
2021-12-08,403.4880065917969,403.89925445595816,401.18874939037926,402.78701980378,4476500
2021-12-09,400.74017333984375,403.13287285009244,400.59995315063003,402.3290597597279,5035400
2021-12-10,404.5628967285156,404.66569444550396,400.9177706900793,403.2450379832292,6238300
2021-12-13,400.9738464355469,404.38531017491084,400.7308285258006,404.1048983121508,5923900
2021-12-14,398.24468994140625,400.254180096163,395.543568478754,397.97363367619135,6522900
2021-12-15,404.4693908691406,404.68437042669893,395.98278974150514,398.26330726378956,6871300
2021-12-16,400.8148498535156,406.3853495750788,399.4222320539304,406.1610429558764,7159500
2021-12-17,396.6557312011719,400.7681813909731,395.04813366514105,398.02031085237127,8882700
2021-12-20,392.3656005859375,392.7581656779318,389.0943294044623,391.98241963368497,9903400
2021-12-21,399.32904052734375,399.47913592189036,393.54110675392343,395.539210541407,6916700
2021-12-22,403.3627014160156,403.4565146046672,398.9819089208682,399.1038632033387,4992200
2021-12-23,405.84857177734375,407.21815255301954,404.1881615645724,404.22569256093345,5032700
2021-12-27,411.636474609375,411.6458645153855,407.07744621918147,407.1055873094507,4986300
2021-12-28,411.3269958496094,412.93109553607763,410.5577677416122,412.0774441422419,4865800
2021-12-29,411.8241271972656,412.70591958555787,410.44515643070343,411.34570000444893,4596700
2021-12-30,410.6609191894531,413.0905290382504,410.23880278392795,412.1806241326409,3751800
2021-12-31,409.5352783203125,411.2331912357256,409.3664317451126,410.1544110571468,5185600
2022-01-03,412.04931640625,412.06806759445516,408.6628804441603,410.81105091826913,6017300
2022-01-04,411.88043212890625,413.9348178461791,410.1449883485378,413.2969053446046,6262200
2022-01-05,403.9911804199219,412.1993325552843,403.8692261506116,411.6083410210961,7539600
2022-01-06,403.4471435546875,406.0268489104701,401.4021476342221,403.55973656299153,7971500
2022-01-07,402.0494079589844,404.6478644150741,400.74549909116325,403.5690843007723,6157500
2022-01-10,401.52410888671875,401.674204272627,393.77560277734136,399.03821668085544,10481500
2022-01-11,405.0418701171875,405.2013554034658,398.475347585259,401.19575833721893,7282400
2022-01-12,406.251953125,408.09996113764015,404.44147611021543,406.711600494618,8270300
2022-01-13,400.6517028808594,407.79982738569737,399.704238290035,407.20883575489677,7521300
2022-01-14,400.77362060546875,401.1019238123897,396.6273182882034,397.69673707070604,9960800
2022-01-18,393.7474060058594,398.66293615905334,391.48664288464636,396.44906531465773,10681500
2022-01-19,389.6105041503906,396.3740425090958,389.36662422557197,395.0888849102039,8184100
2022-01-20,385.3235168457031,395.6329471371903,384.8826206557687,391.33657823278196,8907600
2022-01-21,377.7532653808594,386.421065579426,377.72512428779,384.33853880899267,16225900
2022-01-24,379.3292236328125,379.8076508424862,362.88477694406214,372.6595269292594,22970700
2022-01-25,374.72332763671875,379.2261035655256,368.41010295808724,373.5132318340735,16836300
2022-01-26,373.87896728515625,382.9220191304226,369.92029178334144,380.53930190468986,14377300
2022-01-27,371.984130859375,380.8301679651451,370.3706413113517,377.9784130046876,12455200
2022-01-28,381.1021423339844,381.16778578961225,368.9446766229876,373.1847915379274,12096800
2022-01-31,388.0721435546875,388.3348033381804,379.31052887159757,380.5487944056795,9200400
2022-02-01,390.60491943359375,391.21466223394157,385.454870109486,388.68184921370715,8154900
2022-02-02,394.32904052734375,395.0982686000732,390.7456171723841,393.0345215760689,6726500
2022-02-03,385.1640930175781,390.64244590676674,384.41364469820314,388.91639186998964,7658300
2022-02-04,386.9745178222656,390.4641564264985,382.79071318543606,384.9295220959166,8210000
2022-02-07,385.6987609863281,388.9444911287561,384.51677781407477,387.64058230423996,5620900
2022-02-08,388.82257080078125,389.73250439917865,384.0008817594949,385.2860395099828,5565700
2022-02-09,394.5260314941406,394.80744241597415,392.44350478927987,392.6311025279142,6284500
2022-02-10,387.5936584472656,394.7417823573664,385.68000686493787,389.2352890061174,9260500
2022-02-11,379.86395263671875,389.4886077465226,378.5787949413312,387.56553752938675,10458600
2022-02-14,378.6256103515625,380.8488422494639,375.4549140847074,379.38544837672475,10167600
2022-02-15,384.7043762207031,384.88261267428453,382.22784568321197,382.9032605000038,6815000
2022-02-16,385.1640930175781,386.3836073212729,381.1585242986254,382.9221093397018,7743800
2022-02-17,376.97467041015625,382.7157113962329,376.38370741966764,382.25603534438596,7541000
2022-02-18,374.5638427734375,378.3348926385596,372.41564376466255,377.246722586686,10570800
2022-02-22,370.4643859863281,375.5768747222008,367.2655485763683,372.4624605800523,10414700
2022-02-23,363.7947692871094,373.6539441458316,363.39140401219186,373.1098447551231,12154900
2022-02-24,369.3856506347656,369.7609034030845,354.1231861369265,354.3670947107804,21277200
2022-02-25,377.4530334472656,377.59373889725856,369.0385040045472,370.4925366618389,11665200
2022-02-28,376.5056457519531,377.903396514044,371.4775791293092,372.5845003984747,11855900
2022-03-01,370.8583679199219,377.0309141369229,368.4662894055389,375.2391884137164,9124400
2022-03-02,377.6688232421875,379.0759350809231,372.2092224372301,373.0910148130588,8185200
2022-03-03,375.7739562988281,380.42682749177754,374.179246461855,379.9390103187765,8745300
2022-03-04,372.7345886230469,373.75708658536826,369.01043101125333,372.34997457024883,6317700
2022-03-07,361.7309265136719,372.4156097643591,361.6840342355882,372.1623399327312,8411500
2022-03-08,359.001220703125,368.41947064480274,358.0068637516242,361.8717271673094,9356100
2022-03-09,368.5696105957031,370.3988680428074,364.64846451085106,366.6747096648245,5812600
2022-03-10,366.9278869628906,367.734646033688,362.59398673898545,364.38571272330097,6394800
2022-03-11,362.2469482421875,369.7796873259949,361.7966620570024,369.24497784879435,5872800
2022-03-14,359.6015625,366.10241348902105,358.5790644826544,363.1005915385548,6455000
2022-03-15,367.49072265625,368.07232432481055,360.81163611911103,361.96544954939566,5739400
2022-03-16,375.70831298828125,375.74581536486033,366.36506822178285,371.00854950871354,7407300
2022-03-17,380.3048400878906,380.445545557172,373.6351145662937,373.954085133686,5177500
2022-03-18,384.5074157714844,384.8732499830771,378.2691967105454,378.9633913890735,5875000
2022-03-21,384.52618408203125,386.25223800658296,381.26167398669,384.4605119857195,4159500
2022-03-22,388.991455078125,389.7887956845065,385.7363346685094,385.7363346685094,4231700
2022-03-23,383.98211669921875,388.00646530737043,383.94461432200603,386.6368842171155,3742600
2022-03-24,389.689697265625,389.7650120725056,384.78587608123564,385.80242490484574,2977300
2022-03-25,391.66632080078125,391.8922077882578,387.9860921008249,390.414492112936,3638000
2022-03-28,394.3677062988281,394.42417805261135,389.3791765533903,391.08280814895613,3395300
2022-03-29,399.35614013671875,399.76086382058764,395.55354713163615,398.10428296210034,5510600
2022-03-30,396.8713684082031,399.0926959097063,394.9324283825159,398.38677030644584,4794300
2022-03-31,390.7721252441406,396.89014613181496,390.6591530379018,396.2312708542389,5876600
2022-04-01,391.8546142578125,392.32523134006175,388.6073449006179,392.1934447694221,4663100
2022-04-04,395.17718505859375,395.28070703309965,391.28988321235846,391.97699451983783,5117200
2022-04-05,390.2921142578125,396.0901194473355,389.2002793139234,393.9629213045702,4112000
2022-04-06,386.3388977050781,388.40962398460925,383.68463966845616,386.62128513820437,5540700
2022-04-07,388.28729248046875,389.9532664553857,383.7787732106712,385.52948352976654,4954100
2022-04-08,387.3460998535156,389.87802208850667,385.88719836830705,387.6473016840708,4752800
2022-04-11,380.6350402832031,385.02119435940944,380.19265913514283,384.4941055945951,3342800
2022-04-12,379.2420959472656,385.63305547449096,377.7831657048892,383.3929134859014,6615800
2022-04-13,383.524658203125,384.21176943383466,378.8279092563504,378.91261687807867,4358700
2022-04-14,378.8655700683594,384.7577052000794,378.6961548105355,383.75999927175576,3735700
2022-04-18,378.931396484375,380.46561251591817,376.90774910853725,377.95250507160335,4305900
2022-04-19,384.983642578125,385.6895683022684,378.71501870082886,378.92209139554524,3841500
2022-04-20,384.6918029785156,387.21433234122384,383.712940139923,386.67782197972275,5067100
2022-04-21,378.9878845214844,389.3696949449435,378.18782983407624,388.1461021695078,4670200
2022-04-22,368.64373779296875,378.27257263033096,368.1166490138627,378.06549998681186,6326400
2022-04-25,370.65789794921875,370.9026279547044,362.3750511274068,366.535317599768,8141200
2022-04-26,360.0596618652344,368.5778180628447,359.9655327205385,368.39898130517713,8493000
2022-04-27,360.9915466308594,365.90479023650744,359.08084238000663,360.96331075421375,6415700
2022-04-28,370.0367431640625,371.693295447518,361.3114857275269,365.4152808443968,7030200
2022-04-29,356.4454345703125,368.4461716822167,355.7865590823356,366.53546723611254,8221900
2022-05-02,358.6854553222656,359.80552612779314,350.4496574723183,356.53005005209144,10737000
2022-05-03,360.2384948730469,362.4315574283043,357.66891574292515,359.1937102089075,5607700
2022-05-04,371.166259765625,371.721584450019,357.9325103245323,360.8221059693194,7367500
2022-05-05,358.13018798828125,367.37311463374294,354.2334933757899,367.28840700349184,10477300
2022-05-06,355.8806457519531,358.8737635215246,351.03329551679417,355.7959381234771,7959600
2022-05-09,344.39752197265625,351.6073780085606,343.07980009025994,350.4778856955451,10793200
2022-05-10,345.2823181152344,351.2873963442041,341.58327494977823,350.04496042286166,7870800
2022-05-11,339.7196044921875,349.5366689051627,339.09838656182666,344.4634322268256,8026900
2022-05-12,339.4560546875,342.373885989914,333.21566833461856,336.8111893025985,7679200
2022-05-13,347.4659729003906,348.80250919491016,342.27037117212075,343.2963128620273,5377400
2022-05-16,346.22357177734375,349.52731288795354,343.9740370597618,346.1012067400342,4719800
2022-05-17,353.15106201171875,353.4898925156549,348.3319190703081,351.70155338844563,4513300
2022-05-18,339.16424560546875,349.3484040637576,337.9029955314453,349.17898884280993,6883600
2022-05-19,336.8959655761719,340.94329005405973,334.93821099011336,336.1806470842105,6359500
2022-05-20,336.9805908203125,340.6796623198795,329.20601740937354,340.1713879103497,8755900
2022-05-23,343.37164306640625,344.08699024360976,337.76189532843966,339.8702507254337,5254900
2022-05-24,340.8961486816406,341.86561862506574,334.7969702896785,339.64432000680404,5567300
2022-05-25,343.7386779785156,345.58348862774363,339.09837239734253,339.35252396798273,5704600
2022-05-26,350.572021484375,352.1438949652815,344.7457804956466,344.91522445273716,4248300
2022-05-27,359.3631896972656,359.4196614487576,352.7745505974527,352.90633716705867,3911800
2022-05-31,357.36773681640625,360.35146139025926,354.7699503737137,357.885432777846,5016500
2022-06-01,354.37457275390625,360.15376284087245,352.115617078797,359.1842643229333,4245800
2022-06-02,361.10443115234375,361.18913876844385,352.2097867716357,354.2899059425821,3273700
2022-06-03,355.2593688964844,358.2336718305933,354.3557922849141,356.83121361589014,2749500
2022-06-06,356.2288818359375,360.4550138820358,355.2311759574563,358.92079765639414,2659500
2022-06-07,359.71136474609375,360.1254812272658,352.6897393162183,353.1133060521109,2649900
2022-06-08,355.77703857421875,359.7678903575894,355.089956122041,358.13954515978395,3436400
2022-06-09,347.4094543457031,356.2005759324837,347.33413954467017,354.1298497667836,3022000
2022-06-10,337.2159118652344,342.31741304144794,337.1782831847457,341.60206597359195,7629700
2022-06-13,324.217529296875,330.2226081777912,322.89980714217285,328.5942626469376,10399700
2022-06-14,323.40802001953125,326.9094117770605,320.55608204378285,326.01522795455554,7584200
2022-06-15,328.0388488769531,332.1049864714919,321.8737779384272,326.4387683820056,7887600
2022-06-16,317.2618103027344,320.81025280224304,314.90872486492526,320.47142228680855,8821900
2022-06-17,318.0900573730469,320.8384447021496,314.59805838056116,317.48765379592743,7084000
2022-06-21,325.88348388671875,327.0788408203775,322.94680944657773,323.0221242580653,5628300
2022-06-22,325.1964111328125,328.9707694089016,321.5538394303208,321.97737757933857,4876100
2022-06-23,328.613037109375,329.0648110542757,323.916288554021,327.2011860831949,6708800
2022-06-24,338.84429931640625,338.8631136589942,331.2861901222883,331.3426618742394,5458600
2022-06-27,337.5736389160156,339.92672440786595,336.557118622179,339.7855450231926,4608600
2022-06-28,330.2790222167969,341.5173590654922,330.2790222167969,338.9195438971957,8797800
2022-06-29,330.4416198730469,332.0671486496839,328.7120872502681,331.1882209715569,3775900
2022-06-30,327.8331604003906,330.63062159681857,323.64641432391215,326.8880694300675,7159600
2022-07-01,331.1976318359375,331.56620226081594,324.7237539003687,327.1526442486519,7481500
2022-07-05,331.7836608886719,331.82147260630796,323.95830816761645,326.510065533089,6180600
2022-07-06,332.98388671875,335.2048562529481,329.77058320891894,331.944309731663,5450900
2022-07-07,337.8699645996094,338.6260257109114,334.56214676436844,334.5716069018716,3737500
2022-07-08,337.67156982421875,339.3349103636487,335.0064062951216,336.3673396358568,4791300
2022-07-11,333.85333251953125,336.0459501463116,333.1539745413911,335.35602346390107,3491700
2022-07-12,330.7723388671875,335.41273842282845,329.2507564358682,333.23904099469115,4080300
2022-07-13,329.23187255859375,331.7269265338947,325.4609688624414,325.8106479024903,5603500
2022-07-14,328.3623962402344,328.8444018457196,322.3232513311072,324.55368093193215,4624800
2022-07-15,334.5716552734375,334.66614129459884,330.59280162163907,332.4168490686191,4520500
2022-07-18,331.8026123046875,337.98351694948525,330.7063318720815,337.3692134258316,3544900
2022-07-19,340.80926513671875,341.26291921772975,334.79849998324374,335.46007524614856,3620200
2022-07-20,342.99237060546875,344.23986855902007,339.71290433009943,340.89426784655984,4270600
2022-07-21,346.4609069824219,346.489258558808,340.242220879329,342.46316166064815,4604000
2022-07-22,343.3042907714844,347.6422548111905,341.1872962532541,346.5554059769879,4533900
2022-07-25,343.6445007324219,344.42894235924615,341.603129695457,343.861882030362,3902200
2022-07-26,339.52392578125,342.3213869339489,338.767864553565,342.23633220897585,2987200
2022-07-27,348.4172668457031,349.99555273366445,342.3308782306502,342.58604242879346,4500300
2022-07-28,352.8214111328125,353.3790114125022,345.8844460228896,349.1355616659449,4345300
2022-07-29,357.9910583496094,358.81328297469213,353.397900701991,354.1539908712959,5246400
2022-08-01,356.91357421875,359.1440037505424,354.82493139610233,355.4675862889346,4421400
2022-08-02,354.6075744628906,358.78488923700945,353.4167794542322,355.45815056675735,4132600
2022-08-03,360.1458435058594,361.11928610708793,356.21426138424897,356.4788857173434,3854800
2022-08-04,359.8623046875,360.58058310684515,358.3690735356867,359.9662796996161,3410600
2022-08-05,359.1156921386719,359.7961588191226,355.86457675895053,355.9685229258791,2852100
2022-08-08,358.79437255859375,362.82990087457284,357.7831182341999,360.816852365492,3450800
2022-08-09,357.376708984375,358.5769641189032,356.3938063115506,358.2083648008864,2360500
2022-08-10,364.8618469238281,365.0225250920851,362.06438550330205,363.85059258252016,3651000
2022-08-11,364.8618469238281,369.19981136408904,364.23808337242014,367.51755045582735,3575400
2022-08-12,371.10882568359375,371.1560686879302,365.8352027465385,366.647995851059,3664400
2022-08-15,372.6966552734375,373.08414605866125,369.0202373046325,369.0485888819957,3203900
2022-08-16,373.3487243652344,375.09714833211194,370.8914822097756,371.64754340750784,3864800
2022-08-17,370.79693603515625,373.16912326867634,368.8595113534074,370.05976633496243,3222300
2022-08-18,371.9405212402344,372.38471512775607,369.6912290704952,370.8725927243416,3258100
2022-08-19,366.8087463378906,369.4833702529171,365.9865217107897,369.24709748228395,2899000
2022-08-22,359.077880859375,362.4802142657674,358.2745477320216,362.3762392568237,4153700
2022-08-23,358.22735595703125,360.9019512090427,357.735890102435,358.71879296973464,2869200
2022-08-24,359.31414794921875,360.62780943541117,357.4145058185279,358.09497248908224,2241200
2022-08-25,364.5499572753906,364.5499572753906,359.7961507582386,360.79794489841777,2631300
2022-08-26,352.0558776855469,364.8523897880235,352.0558776855469,364.37984426111666,5153200
2022-08-29,349.7308654785156,352.566138093151,348.53061045473174,349.46624118815834,4953200
2022-08-30,345.931640625,351.05404628442307,344.03199857868185,350.91225956786013,5044500
2022-08-31,343.20977783203125,348.540104713467,343.17196611774017,347.42487545603524,4062500
2022-09-01,344.268310546875,344.6747216231063,338.8246056457948,341.2723880337497,6126800
2022-09-02,340.6580505371094,348.86143320729684,339.07973593204275,347.74623278846923,4544200
2022-09-06,339.514404296875,342.3874883583493,337.3974101683581,341.51799214591875,5680300
2022-09-07,345.6007995605469,346.26237466254224,338.9946240456008,339.1552733314197,4137000
2022-09-08,347.859619140625,348.2471098758372,342.3780745421316,343.4271404529522,3692000
2022-09-09,353.2277526855469,354.0405170817339,349.66477008501573,349.9104741265742,2621600
2022-09-12,357.11212158203125,357.72645389184174,354.8911804935502,355.1841564373556,2961400
2022-09-13,341.5369567871094,350.1845328228651,340.4973510204212,349.0598723355232,5549200
2022-09-14,342.8128662109375,344.17379954795837,339.7885634971383,342.67107948850304,3555500
2022-09-15,338.9852294921875,343.9847689068013,337.77551417823105,341.32906553130414,3807500
2022-09-16,336.320068359375,336.90604900472044,333.32414605024394,335.09146159998994,4452300
2022-09-19,338.9001770019531,338.9001770019531,333.38084904296295,333.4280920560366,3412600
2022-09-20,335.08197021484375,336.8115027295924,332.5113217889519,335.8664118206893,3624000
2022-09-21,329.18463134765625,339.57117181211277,329.18463134765625,336.8115223488224,5102400
2022-09-22,326.40606689453125,329.40201798923636,325.74452051417745,328.4663583072789,5555600
2022-09-23,320.9812927246094,323.29674859872637,316.8984922783238,323.29674859872637,10491500
2022-09-26,317.8718566894531,322.89974699142016,316.6716016792059,319.65809226063254,5405700
2022-09-27,316.97406005859375,323.06987923661137,314.79087348125614,321.13245437174476,5795700
2022-09-28,323.2001953125,324.7379735120588,316.27066268907583,317.8084408886346,8683900
2022-09-29,316.4605712890625,320.1816103826562,313.7552064006886,320.0392288556417,7230100
2022-09-30,311.6382751464844,319.1278598170453,311.4674173666942,315.69158483591303,7736600
2022-10-03,319.8778381347656,321.4725690021492,313.3470024278371,314.95123505225064,5739000
2022-10-04,329.58856201171875,329.7024671961765,324.76639240082926,324.77589415578916,5110000
2022-10-05,329.0190124511719,330.9460147382736,323.5608335136108,325.70614441820504,4755800
2022-10-06,325.55438232421875,330.3196301620724,325.1082341993356,327.661715961296,3879600
2022-10-07,316.41302490234375,322.11801829099517,314.81829419772265,321.8712043835769,5168100
2022-10-10,314.04937744140625,317.685015502008,311.9800226166144,317.4951542101626,3933900
2022-10-11,311.9801025390625,316.6314156931803,310.26196459214617,312.4927049833499,4968100
2022-10-12,311.0118408203125,313.80260519312867,310.82197950327503,312.44518657949715,3235100
2022-10-13,319.1563720703125,320.54226694380196,303.63615134465687,304.5569236645052,6396900
2022-10-14,311.9705505371094,322.92488763074147,311.3820210326779,321.43456035741104,4879400
2022-10-17,319.89678955078125,320.9409688415851,317.4856899099739,317.590122323439,3889500
2022-10-18,323.6653137207031,327.4907846258426,320.6277064497091,327.1870181049892,4903300
2022-10-19,321.4250183105469,324.3297453503982,318.85256300576447,321.8332171787994,4403200
2022-10-20,318.7861633300781,325.0417374642986,318.0457505373072,321.0074306771609,3459100
2022-10-21,326.4465637207031,326.91171519923176,317.17241601001075,318.4728818612972,4362400
2022-10-24,330.4239196777344,331.50607691462636,325.46884115719854,327.9179186044981,5639400
2022-10-25,335.7967224121094,336.0625108852324,330.3670187736489,330.38599331859666,5203400
2022-10-26,333.2906799316406,338.0939047567389,332.65469955801217,332.90151347726675,4277700
2022-10-27,331.50616455078125,335.83473670510716,330.9081331795381,334.1830241157749,4145300
2022-10-28,339.24249267578125,339.8120476687755,331.24033337896117,331.3257622825947,4388100
2022-10-31,336.93585205078125,338.8058732284437,336.0815050092554,337.13518617504343,6431000
2022-11-01,335.5783996582031,340.5619554767043,334.41084226359703,340.33414505215137,8014300
2022-11-02,327.01617431640625,339.0051899285249,326.930745410399,334.87595232555043,5022500
2022-11-03,323.53240966796875,326.36118111774647,321.7003666974637,324.0165357570089,4534800
2022-11-04,328.26922607421875,330.35755604726495,322.74459112076335,328.8292793884401,3655400
2022-11-07,331.42071533203125,331.96176509159466,327.58574235348635,329.4462617521028,3316600
2022-11-08,333.2242126464844,335.9105732446743,329.46516760381,332.4363201427417,3237200
2022-11-09,326.4181823730469,332.4459180865422,325.93405621184723,331.3637605423959,3570800
2022-11-10,344.28302001953125,344.58678656194706,336.42324178934723,338.4261426803092,4603600
2022-11-11,347.5768737792969,348.3932136771627,343.38118218570565,345.2322285588012,4877400
2022-11-14,344.7861328125,349.12420656104547,344.47289347064344,346.06762442127734,5274300
2022-11-15,347.6338806152344,350.97522580792446,344.18810299561204,349.94054814003556,4597800
2022-11-16,344.9949645996094,346.96938923378855,344.4349113189106,346.1910272827672,2755100
2022-11-17,343.9981689453125,344.5676948556073,340.3720328163583,340.5903414257165,3278500
2022-11-18,345.5169982910156,347.0358018871751,342.8970917806289,346.9123949307266,2574400
2022-11-21,344.3019104003906,345.279635182659,342.55529666161823,344.358862992075,2397900
2022-11-22,348.8868713378906,349.019751090617,344.77660829116564,346.0106489683814,2316000
2022-11-23,351.0700988769531,351.5636977203782,348.39321087146357,348.5735704230314,2590900
2022-11-25,351.03216552734375,351.54476794806993,350.3297307436326,350.64299904415435,1423400
2022-11-28,345.4790344238281,349.6841987068367,344.71961817385176,348.24132231626555,3553600
2022-11-29,344.8714904785156,346.6465806427988,343.13437836771794,345.460019948089,2507800
2022-11-30,355.4841613769531,355.5790920473793,343.2958106885901,345.0044758499405,4748800
2022-12-01,355.53155517578125,357.86669846565536,353.1679066197801,356.7940429837928,4608600
2022-12-02,355.0190124511719,355.85435593900155,350.8992765850766,350.8992765850766,3596000
2022-12-05,348.6969909667969,353.3008526516837,347.41549951262454,352.4370329154456,3707000
2022-12-06,343.6564636230469,348.9532579742186,341.66303580337893,348.4596591394153,3911000
2022-12-07,342.991943359375,345.1562287528643,342.02372033054934,342.72615494153473,3338000
2022-12-08,345.6973876953125,346.6181601012718,343.24833877373914,344.7006881389357,3604500
2022-12-09,343.17236328125,346.8934307546144,343.0015054758775,344.57726171922053,4271400
2022-12-12,348.0704650878906,348.0704650878906,343.2292914982223,343.8937770969335,2946200
2022-12-13,350.6429443359375,358.047071618896,348.1843650389983,357.97111551053524,6161800
2022-12-14,348.5260925292969,353.87983915597096,345.7637758404282,350.36763698854264,4707100
2022-12-15,339.95440673828125,344.80505319333093,338.36914882542874,344.07414219796914,5126800
2022-12-16,335.9011535644531,338.7204235509447,333.9362306401743,337.60031696246244,4533100
2022-12-19,333.00592041015625,336.3567670243556,331.5250948166657,336.15743291682384,5538500
2022-12-20,333.5133972167969,334.9440892310224,331.16704135606443,332.3497665475933,5068200
2022-12-21,338.501708984375,339.5032108122073,335.44958362729614,335.92648094316803,3832400
2022-12-22,333.7422180175781,335.9740935278158,328.4295759687557,335.7165795061525,6458200
2022-12-23,335.6116638183594,335.6879836780491,331.30052318582574,332.8075056784709,4572000
2022-12-27,334.27642822265625,335.7738928809588,332.7312854725623,335.5068315304179,4303200
2022-12-28,330.1750793457031,335.9264594427099,329.91753618281456,334.2287062711681,4464600
2022-12-29,336.0313415527344,336.81346003688117,332.36877412654496,332.7884460396238,4086600
2022-12-30,335.1062316894531,335.2492950752083,331.69165941691,333.62786152414213,5325400
2023-01-03,333.8185119628906,338.6351914247324,331.1478991321146,336.8611186026837,4957300
2023-01-04,336.22216796875,338.1774353965308,333.0651099440386,335.8311086616932,3119100
2023-01-05,332.5500793457031,334.59118496447525,331.9777966770969,334.5244414540173,3216500
2023-01-06,340.113525390625,341.14363959371894,332.62623388602896,335.3445536179516,3464800
2023-01-09,339.8656005859375,345.01611446302843,339.76069715660776,342.1547308013112,3775300
2023-01-10,342.28826904296875,342.3645889124176,338.5589286030747,339.3982725220025,3495700
2023-01-11,346.65667724609375,346.71390259650354,343.0417873718611,343.7571333594862,5710500
2023-01-12,347.9538269042969,349.2319082532925,343.9383595436647,347.63908747441485,4743500
2023-01-13,349.3081359863281,349.7850331895988,344.7680652967929,344.9683539720679,3015200
2023-01-17,348.7740478515625,350.7293149348485,348.01099478656204,349.2700105131892,4942000
2023-01-18,343.10845947265625,350.67204184699466,342.9653670310467,349.72779473433917,3931800
2023-01-19,340.63824462890625,342.7556408668621,339.40784134651,341.22959267094836,3569900
2023-01-20,346.90460205078125,347.0953726007128,340.3901981863589,341.88766259157353,3265100
2023-01-23,351.1299743652344,352.90401843223844,346.84741661872516,347.66769514882037,3243300
2023-01-24,350.7579345703125,351.57818388553966,348.5356061470237,349.63246402302457,2702400
2023-01-25,350.8819580078125,351.1490193283939,344.9493545007898,346.97139437197745,3061700
2023-01-26,354.63031005859375,354.8687586697037,350.62436174894765,353.3426817371006,3460900
2023-01-27,355.6413269042969,357.74920445900364,353.6288346147457,353.7528325486984,5549500
2023-01-30,351.1966247558594,355.08812217350663,350.86279089732426,353.0469882040308,3280600
2023-01-31,356.18505859375,356.2804438754755,351.3111530403394,351.57821436467,4181700
2023-02-01,360.0860595703125,362.59454392378046,352.67508630756697,355.23124874610085,4941700
2023-02-02,365.2460632324219,366.64814229281154,361.8696225978614,363.6341482205624,5207900
2023-02-03,361.3451232910156,365.4941360044061,360.33410325055775,360.753775241786,6472500
2023-02-06,359.25628662109375,360.46759531504955,357.69204946590486,359.1799667509615,2880100
2023-02-07,363.8916931152344,365.06487091260857,357.3105164173432,358.4264688692357,4504600
2023-02-08,359.9048156738281,363.32893446006267,359.32301499632655,362.14623858612606,2921500
2023-02-09,356.8240051269531,363.39566244299215,355.71762924959614,363.3670497756035,3327700
2023-02-10,357.6919860839844,358.0449144826796,355.0023078422166,355.7653317633215,3256700
2023-02-13,361.8219299316406,361.90776793912306,357.86368879108096,358.292878828493,2980600
2023-02-14,361.68841552734375,363.79632239578746,358.102167888078,360.4961723649883,4718000
2023-02-15,362.8996887207031,362.9473667957252,358.9414188390806,359.7235372004007,2820200
2023-02-16,357.8541259765625,361.8982049488117,357.7587407143406,358.3024105122596,3077500
2023-02-17,356.928955078125,357.14833827714904,354.1629570346515,355.93700071438064,3285300
2023-02-21,349.84234619140625,354.182100185658,349.54667217988595,353.2855308902407,3109200
2023-02-22,349.4035949707031,351.56872753954895,347.9824502011112,350.2143262763611,3872000
2023-02-23,351.1585693359375,352.49387594929095,347.3052310166879,352.0169786511289,2867200
2023-02-24,347.40057373046875,348.1635976710335,345.0160875318321,346.52307000207156,4055000
2023-02-27,348.60235595703125,351.73080087358244,347.7439466953707,350.509945030721,3300100
2023-02-28,347.2861328125,349.9090679245713,347.2289074659276,348.14457122608763,3022200
2023-03-01,346.0176086425781,347.66768380225864,344.7490746142122,346.55173129741655,3764700
2023-03-02,348.60235595703125,349.4321525468864,343.8715432043805,344.1386045103971,2727200
2023-03-03,354.1248474121094,354.49684126666796,349.75648108107737,350.3192163854734,4913600
2023-03-06,354.55401611328125,357.1387908843071,354.1438623841732,355.0595259999763,2638300
2023-03-07,349.0697937011719,354.70672385357506,348.50705832281915,354.45872791794346,3546100
2023-03-08,349.61334228515625,350.3286881191383,347.60084997715177,349.1936704006204,2906300
2023-03-09,343.2133483886719,351.8356572863505,342.26910131588994,350.37635312500885,4409600
2023-03-10,338.29180908203125,344.548698355453,336.82298658407626,342.72694746013553,8360400
2023-03-13,337.7195129394531,342.09745490961177,333.5991431970909,334.55293761006743,6478700
2023-03-14,343.3279724121094,344.8063718353634,339.1980536830354,342.2978868223487,4798800
2023-03-15,341.21044921875,341.3439944258689,336.27934775013324,338.08200429374284,6610400
2023-03-16,347.0476379394531,347.42917900911584,338.58748574387675,339.11209016091453,5016700
2023-03-17,343.2515869140625,346.98092709314767,341.8590550227736,345.99851987208433,5189900
2023-03-20,346.3514099121094,346.7805999831062,343.1943523685044,343.8143129871657,3099800
2023-03-21,350.8819580078125,351.3874679756094,348.020574241226,349.489426058174,4117600
2023-03-22,345.0638427734375,354.067667001458,344.9493920675099,350.7866109298486,4094800
2023-03-23,345.8840637207031,351.27299701535827,343.48048286664516,347.63904217005546,4787200
2023-03-24,348.1893005371094,348.25634807098515,342.59620929031536,344.7606696951573,3740400
2023-03-27,348.7639465332031,350.93796432492576,348.0360686701825,350.26757665450725,4144800
2023-03-28,348.1509704589844,348.80224340643645,346.3887660959844,348.1701435978583,2413700
2023-03-29,353.1024475097656,353.34187795619187,350.8039210695435,351.8669782225483,3636100
2023-03-30,355.2093811035156,355.7744333447686,353.49505124210265,355.5350029428473,3316700
2023-03-31,360.17041015625,360.4289844958624,355.93726734199,356.0617758405487,4159800
2023-04-03,361.5973815917969,361.9325900126857,359.356316451986,359.7202553531027,3525300
2023-04-04,359.55743408203125,362.4018685677404,358.3124076209156,362.20075520375764,2713300
2023-04-05,358.6859436035156,359.5479165707647,357.12488168320704,358.86791307639277,3227700
2023-04-06,360.0554504394531,360.2852942727641,356.96199912187126,357.8718463409671,3076200
2023-04-10,360.4481201171875,360.4768798260522,357.19187222661293,357.7569245147037,2671100
2023-04-11,360.49603271484375,361.7889628700558,359.80647191388715,360.9653070004437,3069000
2023-04-12,359.0594177246094,362.6125567676108,358.49436547347347,362.40185684114107,3624200
2023-04-13,363.71392822265625,364.09704025160175,359.5670064781542,360.01713680755535,2680900
2023-04-14,362.9669189453125,365.20798410004716,360.79290132067115,363.2350798383403,2981700
2023-04-17,364.202392578125,364.2407096282746,361.7123104106227,362.8232710461959,2721000
2023-04-18,364.451416015625,365.77307660940227,363.2063602961575,365.69644250774627,3019300
2023-04-19,364.4322814941406,365.2080337983708,362.66051958160824,362.7179805502661,2671300
2023-04-20,362.37310791015625,364.00124627973366,361.00357307150944,361.8080556877917,2953200
2023-04-21,362.5838317871094,363.07227917573005,360.88867500799194,362.6700232273345,2762300
2023-04-24,363.062744140625,363.42668309146393,361.28139566843333,362.47854788706184,2310400
2023-04-25,357.32598876953125,361.73151464033106,357.2493546626453,361.233480627617,3795400
2023-04-26,355.7361145019531,358.83912314244725,355.29557074829694,357.86225762938085,3766900
2023-04-27,362.7945251464844,363.1010030799644,357.871851209593,358.08255113544243,4302400
2023-04-28,365.89752197265625,365.96456949855605,362.0187612219301,362.05707826920764,3386900
2023-05-01,365.64849853515625,367.4202891501319,365.38989502545985,365.5910375835216,3069300
2023-05-02,361.54949951171875,364.99727397512487,358.82957360772235,364.94939958487817,4311600
2023-05-03,359.0306396484375,364.12572502954686,358.76247879823916,361.93253461668206,5513000
2023-05-04,356.40655517578125,358.2932388014625,355.2381335729826,358.0346644732248,4421500
2023-05-05,362.94781494140625,364.02045863145787,359.5574717424335,359.8543631485246,3139400
2023-05-08,363.1489562988281,363.57035624200034,361.90392961140617,363.3692428414616,2957600
2023-05-09,361.5782775878906,362.5742871639498,361.3771349767503,361.7410739180347,2271000
2023-05-10,363.15850830078125,364.72915675344416,359.7586078205999,364.20242148829425,3512900
2023-05-11,362.65087890625,362.861578835677,360.7450221996227,362.46890945686556,2676600
2023-05-12,362.16241455078125,363.94379191199613,359.9500800091186,363.7905529498335,2531000
2023-05-15,363.4170837402344,363.7810226782742,360.9749049910589,362.727522917461,3882600
2023-05-16,361.0132141113281,363.2446928593056,360.9748970588638,362.3923357265695,2275300
2023-05-17,365.32293701171875,365.93586367273446,361.32922485010687,362.8328548631063,3222600
2023-05-18,368.895263671875,369.26878919061176,364.8919936952416,365.1410107077328,3340600
2023-05-19,368.31103515625,370.19774804346827,367.2288049765849,369.6997140621165,3649000
2023-05-22,368.5121154785156,369.9008234871906,367.2575025227472,368.39719356307785,2784000
2023-05-23,364.3938903808594,367.8703949086572,364.010778395266,366.9893074874108,2887300
2023-05-24,361.6644592285156,363.21596374466833,360.64927653949354,362.89034186586383,3611600
2023-05-25,364.81536865234375,366.1178561560259,362.89992522174254,364.8823869596309,3315900
2023-05-26,369.5560607910156,370.2264776594159,365.4091387676059,365.50491678128395,3042800
2023-05-30,369.67095947265625,371.84500625980047,368.49298058325724,371.3661454488657,3968500
2023-05-31,367.6597900390625,368.87608605172676,366.2519379993166,368.0620167776492,4205300
2023-06-01,371.1841735839844,372.1418951996136,366.77864830662105,367.95665641568894,3563600
2023-06-02,376.6336364746094,377.3040241128579,373.07091066305685,373.588059325531,7368900
2023-06-05,375.90576171875,378.0797794239156,375.22578750541254,376.9018004557509,3481200
2023-06-06,376.68145751953125,377.1411743817464,374.86179243436055,375.4747190233054,2894700
2023-06-07,375.446044921875,378.0702222167955,374.98635721797666,377.02630908606454,3942900
2023-06-08,377.69671630859375,378.0415113317369,374.74694622206977,375.3886034178047,3455400
2023-06-09,378.32879638671875,380.14846174433796,377.4189490942359,378.34794029859074,3060100
2023-06-12,381.80535888671875,381.83408937031476,378.58739858722095,379.2386715943118,3792700
2023-06-13,384.3240966796875,384.86041842024053,382.5139888848137,383.10777158133016,3913100
2023-06-14,384.62103271484375,386.3832370995932,381.61377260909944,384.63059005705287,5161300
2023-06-15,389.5532531738281,390.6833576251419,383.94101873682223,384.0463540816351,5285000
2023-06-16,388.1166687011719,391.478280785917,387.7719029629124,391.41123326102996,5141900
2023-06-20,386.3258056640625,387.2260664506822,384.2954402226984,386.4311410278369,4242900
2023-06-21,384.2091979980469,386.01927667501985,383.7303371845039,385.3009854547055,3423500
2023-06-22,385.6074523925781,385.69364382927637,383.04076551975163,383.35680078764517,3141000
2023-06-23,382.7151794433594,384.31458764660005,382.06393565949134,382.44701851898145,4215300
2023-06-26,381.13494873046875,383.9123360276539,380.91469142810644,382.1693046129799,3250700
2023-06-27,385.35845947265625,385.8947812638109,381.546745973189,381.9393861335362,4302400
2023-06-28,385.5308837890625,386.43114458396684,383.76867925341,384.38163521051456,4320700
2023-06-29,387.0077209472656,387.1615622210571,384.77706649062327,385.17127925304715,3914800
2023-06-30,391.5940856933594,392.4978850394979,389.6807376067742,389.78648700108243,5173700
2023-07-03,392.34393310546875,392.34393310546875,391.017077871761,391.24785443994125,2372000
2023-07-05,391.468994140625,392.13242178581993,390.3729154282739,390.3729154282739,4230100
2023-07-06,388.2768859863281,388.7768774950312,386.09432328727513,388.2288234222873,6040300
2023-07-07,387.3730773925781,391.01708791238093,387.19998762644303,387.5076701637702,3673200
2023-07-10,388.41143798828125,388.5460307486306,386.5749965032179,387.1230504770146,3362300
2023-07-11,390.9017333984375,391.3247895723801,388.21917932780684,389.1806652972721,3177800
2023-07-12,393.9785461425781,395.2957773794689,393.0459034698397,394.39197811548627,4246400
2023-07-13,397.1898193359375,397.8724660887964,395.2956909956281,395.68990372396075,3273400
2023-07-14,396.87255859375,398.7378437479319,396.20913091817897,397.9975101043081,3680900
2023-07-17,398.25714111328125,399.2570948526369,396.73800601695626,396.7572251753611,2963700
2023-07-18,401.2762145996094,401.8338636060398,397.6129550438708,397.9687001927244,3594000
2023-07-19,402.1415710449219,403.21843080819366,401.4108322017469,401.96851058487346,3494900
2023-07-20,399.51666259765625,402.05499978826003,398.84363998540215,401.2281065486937,4085000
2023-07-21,399.564697265625,401.22804907179193,399.4781670568262,401.0453644058098,3176700
2023-07-24,401.2569274902344,401.9972904671549,399.99738321521494,400.5358130117626,3471100
2023-07-25,402.4395751953125,403.4875914074297,401.0069704541413,401.0165653613665,3949300
2023-07-26,402.53570556640625,403.7183438311201,400.53579838748647,401.53575197694636,6138800
2023-07-27,399.8050842285156,405.89127722094844,398.9397527647784,405.54515637234226,4149400
2023-07-28,403.6990966796875,404.42021113423493,402.0549639391416,402.79529754927694,2701200
2023-07-31,404.4779052734375,404.75674441673806,402.9106784690632,404.1317844132488,3452100
2023-08-01,403.2279357910156,403.90095827287803,402.4298861131287,403.1125621851089,3118000
2023-08-02,397.6418151855469,400.6512713866719,396.9783874262216,400.42049476893226,4973700
2023-08-03,396.5167541503906,398.23782201808814,395.25721004862976,395.82448317259525,3022300
2023-08-04,394.5746154785156,400.1031597838098,394.2380895219227,398.199407007656,5717300
2023-08-07,398.1320495605469,398.2858908182713,395.78605107135314,396.4110110080827,2598000
2023-08-08,396.4110412597656,396.843692321802,393.3727422078375,395.901454891886,3780100
2023-08-09,393.7765197753906,396.83406709124864,393.1034972829112,396.7667560393348,3145900
2023-08-10,394.0073547363281,399.0647511253954,392.88240320980236,395.93992163665325,4588300
2023-08-11,393.6419677734375,394.6034537270106,391.65168480740766,392.2382064970431,2918900
2023-08-14,395.8630065917969,395.88222574808634,392.58433589771016,392.82470739133333,2772900
2023-08-15,391.32476806640625,395.8533585178883,390.757494896664,394.29575602771115,4686100
2023-08-16,388.4306945800781,392.3920119486279,388.31532096231024,390.93056388653076,3353700
2023-08-17,385.2866516113281,389.9594592507759,384.95012565990004,389.7190877629305,7102500
2023-08-18,385.64239501953125,386.5365699082432,382.52718994029095,382.83487248551097,4157700
2023-08-21,388.19036865234375,388.8153580589702,384.58479596284815,386.6520144452728,3292400
2023-08-22,387.1038513183594,389.7864053836971,386.5750457730861,389.7383428222079,2646100
2023-08-23,391.2767639160156,391.9690350530146,387.930781863483,388.0173120878296,3250000
2023-08-24,386.0751037597656,393.3246872067596,385.94048163302097,392.86319269729137,3458800
2023-08-25,388.63262939453125,390.1709834275625,384.3155375633371,387.5557404922981,4417800
2023-08-28,391.190185546875,391.74786386660526,389.49799011505536,390.7094425399056,3236700
2023-08-29,396.74761962890625,397.07452136638216,390.91139223572526,391.11329609135504,3482700
2023-08-30,398.4013366699219,399.04554521957147,396.5168322699561,397.12257316264424,3004500
2023-08-31,397.8917236328125,400.093534706534,397.7282874505522,398.9974559653612,4751100
2023-09-01,398.7378234863281,400.82426087375393,397.29559458528104,400.42042387088304,3588000
2023-09-05,396.99755859375,398.5070986371083,396.87256072054885,398.24750798353773,4426700
2023-09-06,394.25732421875,396.25723153879386,392.12282411609743,396.2283881323617,3744100
2023-09-07,393.0843200683594,393.661217553827,391.1901914187794,391.4882790824214,2245800
2023-09-08,393.6227111816406,395.0168480763971,392.7573504319477,393.07465719809375,4124400
2023-09-11,396.2091369628906,396.4976003674923,394.4880981536641,396.01685736871354,3346600
2023-09-12,394.084228515625,396.27641523497454,393.5265795937629,394.88227825920853,7595300
2023-09-13,394.5457458496094,395.55529431006516,393.23810976461795,394.2380633187618,2529700
2023-09-14,397.9590148925781,398.5455365594829,395.57454859914924,396.7764059945377,3660900
2023-09-15,392.99774169921875,396.7764036278697,392.7477753151796,396.4590968457357,4004000
2023-09-18,393.4305114746094,394.5362146545186,392.44018193542416,392.84398967795823,3014600
2023-09-19,392.64202880859375,393.06508499132065,390.08447255564425,392.49781177862405,3623300
2023-09-20,388.9691467285156,394.0554158472724,388.75761863636814,393.6900464751792,4009400
2023-09-21,382.594482421875,386.56539454331175,382.3733301015695,386.3250230681966,4633100
2023-09-22,381.6714782714844,384.91168143006945,381.2868897359719,383.44060900862144,7204200
2023-09-25,383.2579040527344,383.28677680003983,380.14269893492303,380.5176925432196,3227900
2023-09-26,377.6332702636719,381.09459656875623,376.86406381858876,380.4792607549154,5734700
2023-09-27,377.7197265625,379.2004230050464,374.45068050181123,378.67158817588415,4837700
2023-09-28,379.9232482910156,381.4964246258047,376.7285613388855,377.24975276469837,4065800
2023-09-29,379.0159912109375,382.9151922012773,377.66475203466865,382.7993784328343,5766600
2023-10-02,378.987060546875,380.03907494567767,376.3811327836342,378.24387306442713,5886200
2023-10-03,373.8909912109375,378.27276880079074,372.5783665635597,376.96980511794425,6886700
2023-10-04,376.6416931152344,377.23045238012236,372.9355052348206,374.21917656817135,4333700
2023-10-05,376.3232116699219,377.17255192966087,373.4663639860245,376.30391919280544,3329100
2023-10-06,380.8111877441406,382.2878722940096,372.94518795948983,374.180583991706,4897200
2023-10-09,383.3495788574219,383.83215593199714,378.6396218969007,379.0835845583431,2959500
2023-10-10,385.3280334472656,387.68301131859977,383.54252229635046,383.9092560367009,3289600
2023-10-11,386.95916748046875,387.11359564751723,384.12161250104595,386.3221623367043,4181800
2023-10-12,384.6331787109375,387.7988827946182,382.39404371577115,387.490055885944,3872900
2023-10-13,382.6063537597656,386.98813162252253,381.197207741791,385.8782104362147,3769800
2023-10-16,386.6117248535156,387.6058322439341,384.45942094133386,384.6814169533508,5150900
2023-10-17,386.62139892578125,388.47450767377165,383.46535576507364,383.7742121320994,4214600
2023-10-18,381.44818115234375,385.8782346647584,380.4830271116217,384.99030944162587,7329300
2023-10-19,378.21490478515625,383.74524797707096,377.5103611943648,382.17204219649597,6708900
2023-10-20,373.5049133300781,378.1666233485525,373.3601461300983,377.7419532591713,7549600
2023-10-23,372.8486633300781,376.3521772877593,370.4743925847548,372.04759841846084,5537100
2023-10-24,375.637939453125,376.66100031193014,373.08025785195025,374.749984834872,4451500
2023-10-25,370.3392028808594,374.1708651264419,369.7697656018131,374.09366577257134,5471200
2023-10-26,365.7933349609375,370.04000630975753,364.97294823971816,369.296848396316,6959400
2023-10-27,364.17193603515625,367.61754308933854,362.8496796890829,367.27007231248234,5638800
2023-10-30,368.5537414550781,369.4609886924084,365.51351184044296,366.67170857657374,5795800
2023-10-31,370.7832336425781,371.0824290331062,367.29901230651393,369.0266462532973,4523200
2023-11-01,374.8657531738281,375.5220507293512,371.2174727627452,371.6710962549187,5549200
2023-11-02,381.9886169433594,382.11409166551465,378.26313695343396,378.2727684637966,4752200
2023-11-03,385.5211181640625,386.88198884579043,383.97686586502755,384.0540946797688,5981400
2023-11-06,386.2642517089844,386.7661506105636,384.57523230686235,386.17739138851744,4007100
2023-11-07,387.35491943359375,388.03053904422643,385.31845854427723,386.3125660287337,3358600
2023-11-08,387.6734313964844,388.4744962799129,385.63694108118744,387.98225830028804,3731900
2023-11-09,384.74896240234375,388.8412054871493,384.3339238428056,388.77363764557805,4145600
2023-11-10,390.7522277832031,390.9935162791778,385.23157527129854,386.6310308754543,3992800
2023-11-13,390.35650634765625,391.36024519591825,388.78330077915547,389.5264586781078,2872900
2023-11-14,397.855712890625,399.100769578207,395.60691742706376,395.7516846106995,6973100
2023-11-15,398.7243957519531,400.26864796526644,398.0005302882901,399.1297733714353,4414800
2023-11-16,399.2842102050781,399.52549869820325,397.40214817703765,398.3576411844813,3798900
2023-11-17,399.8729553222656,400.33623985032733,398.4831311922434,399.5158530514143,4696200
2023-11-20,402.88421630859375,403.6274037192572,399.5544527707018,399.56408428161205,3517600
2023-11-21,401.8321838378906,402.31476080307823,400.82841550313555,401.8900907173803,5248200
2023-11-22,403.56951904296875,404.6987327603817,402.5271361993347,403.5019511920703,3692800
2023-11-24,403.7914733886719,403.9072871557538,403.27994294795144,403.6177527380489,1351300
2023-11-27,403.08685302734375,403.94582460566426,402.69113642909474,403.2316202086161,3632600
2023-11-28,403.4825744628906,404.6407709198169,402.1892717766801,402.7104631277128,3382400
2023-11-29,403.2220153808594,406.4456260339878,402.8262987275195,405.42256520502565,4092600
2023-11-30,404.78558349609375,405.07514736986957,402.0542106238677,403.9555651904277,4405700
2023-12-01,407.1598205566406,407.6520584835939,403.67562902629345,404.2354053428174,4973600
2023-12-04,405.11370849609375,405.23918322193384,402.95177307903714,404.06169422782386,5806100
2023-12-05,404.9882507324219,405.818298478196,403.4343669498712,403.76251577126396,3419300
2023-12-06,403.2992248535156,406.97648858695845,402.9131691553071,406.91855225077353,4201800
2023-12-07,406.455322265625,406.97651369014363,404.66978141534275,405.18131187420767,3248300
2023-12-08,408.18292236328125,408.6172239692097,405.5094270654235,405.7217621130422,5125300
2023-12-11,409.76580810546875,409.9105753246068,407.5073511244216,407.6907327533846,5247100
2023-12-12,411.80224609375,411.80224609375,408.520699122037,409.4376071501617,5982600
2023-12-13,417.40985107421875,417.53529636430795,411.6478799838939,412.0049822842088,8659100
2023-12-14,418.63555908203125,420.1894429270232,416.21301304967676,419.0891826527478,8349100
2023-12-15,417.99853515625,419.11811731154717,417.1781483794882,418.0950564454271,5326000
2023-12-18,420.3631286621094,421.1931468599648,419.31111446861036,419.49449606193355,4280500
2023-12-19,422.9208679199219,422.9498213641038,420.75893220989684,420.84579254244267,4061500
2023-12-20,416.81622314453125,423.8133950516595,416.6320847067867,422.06895988701996,5783200
2023-12-21,420.8769226074219,421.2258273958525,417.5624602080784,419.7624206880838,4621600
2023-12-22,421.85577392578125,423.3579248760502,420.1016378190584,422.02051070059906,4037800
2023-12-26,423.6098937988281,424.404593434326,422.1367862645938,422.2240346428863,3835800
2023-12-27,424.38519287109375,424.5014846081593,422.9508886796568,423.416055627919,4271000
2023-12-28,424.4530029296875,425.29614752633836,424.15257277629973,424.72436015131905,4703700
2023-12-29,423.319091796875,424.8115712767617,421.5165109090932,424.35607563699125,4376900
2024-01-02,420.615234375,421.8363271028176,419.0161343772369,420.5183147424508,9076000
2024-01-03,417.4946594238281,419.63644454318097,416.9713170085534,418.97743828733746,4805000
2024-01-04,416.1766052246094,419.4232209510881,415.9633938450153,417.04882284086824,3945300
2024-01-05,416.7096252441406,418.95800107782804,415.41098494104835,416.3316475385787,5724600
2024-01-08,422.6697998046875,422.8054636294731,417.0875602264591,417.1651077626675,7222400
2024-01-09,421.642578125,422.9605906751451,419.7915223069421,420.23731718999426,7939600
2024-01-10,424.4239807128906,425.1992787028452,422.03991129684397,422.32093981216207,4278800
2024-01-11,424.27862548828125,425.8001485668547,420.6055868518518,425.3931274645643,4796600
2024-01-12,424.4723815917969,426.226517511571,423.2512888634254,425.5578104951135,5182700
2024-01-16,423.0284118652344,424.46274565008997,421.32272083197057,423.30946995042484,5730800
2024-01-17,420.67340087890625,421.07075068884956,418.4831412938553,420.21790520172453,6044600
2024-01-18,424.414306640625,424.8601311099001,420.760669529579,422.136827984891,4331300
2024-01-19,429.6088562011719,429.9189576410013,424.78254208972066,425.4512491526242,4836800
2024-01-22,430.5876770019531,432.1577042221258,429.98681662698795,431.04317270164006,5870400
2024-01-23,431.8669128417969,432.06075211141615,430.08370394903596,431.1012861752369,3251600
2024-01-24,432.22552490234375,435.32677602044873,431.99294141998877,434.4836313211894,4568200
2024-01-25,434.65802001953125,434.91000514754086,432.341767990752,434.30914483525885,4167100
2024-01-26,434.3963928222656,435.6368872981262,433.35940888423966,434.27040024979425,6404000
2024-01-29,437.5557556152344,437.67204734995005,433.8924180930862,434.39638837781536,4543300
2024-01-30,437.2456359863281,437.8658684042426,436.53815519528666,436.9258041534481,3410000
2024-01-31,430.1225280761719,435.59814796321206,430.05468136628974,435.18142601803356,7108000
2024-02-01,435.7822570800781,435.7822570800781,430.92687001901794,431.60527792071986,6138400
2024-02-02,440.25970458984375,441.8103302312292,435.81136779927783,436.12149884269974,6253500
2024-02-05,438.65093994140625,440.13371889480624,436.6351472790569,439.7266977727021,7101900
2024-02-06,440.0173645019531,440.2693496397693,438.2535276886806,439.5812409289206,4383600
2024-02-07,443.6322937011719,444.03931479906834,441.2191217464656,442.07196729064106,6763400
2024-02-08,443.9327087402344,444.18466431461457,442.9247977155482,443.6807235901324,4184600
2024-02-09,446.45245361328125,446.8013288141524,444.0296105770516,444.38818661429826,4002600
2024-02-12,446.2488708496094,448.45850230441727,445.5607917742911,446.39423550274455,4564200
2024-02-13,439.959228515625,441.63584656708616,437.0808897658454,440.4534979660654,8152200
2024-02-14,444.1459045410156,444.5141814164872,440.375946561365,442.4886586013936,5624000
2024-02-15,447.1502380371094,447.2956027055845,444.2815705591692,444.73706623753856,5695700
2024-02-16,444.863037109375,447.88674036905195,444.25247595584034,446.8497564916429,5527900
2024-02-20,442.4208984375,443.92304949062685,440.40507619928337,443.3221890693761,5306800
2024-02-21,442.86663818359375,443.0120028519673,439.60065047267807,441.2675676800432,4208600
2024-02-22,452.17041015625,452.90693441392864,448.05157651285924,448.9237941927854,4328500
2024-02-23,452.3738708496094,454.39936409247673,451.7051638010406,453.64343824310174,4050600
2024-02-26,450.7166748046875,453.15889006453915,450.59068222815745,452.77124107379285,3450800
2024-02-27,451.55010986328125,451.73424830605154,449.5924632739129,451.3368984861642,3586900
2024-02-28,450.8523254394531,451.4531857938724,449.78626856432794,450.15454544625493,2800600
2024-02-29,452.5192565917969,454.031108360955,450.1351871982356,452.5580303636456,7332900
2024-03-01,456.8803405761719,457.20984367326685,453.00379179756766,453.39144076028407,4839400
2024-03-04,456.3376770019531,458.01429518292764,456.07602057747783,456.0856918390132,3970200
2024-03-05,451.76336669921875,454.8936909655816,449.73787320065145,454.4769690061041,4616500
2024-03-06,454.1570129394531,456.13406086055386,452.8971465678426,454.76757403094865,5325100
2024-03-07,458.65386962890625,459.55516010490663,456.25039878385235,457.07417129904695,7149800
2024-03-08,455.8724670410156,461.60004193343167,455.32005173237593,459.1481259717571,6285600
2024-03-11,455.4945068359375,455.94030168908546,452.9650728134716,454.7192088673565,5323900
2024-03-12,460.3692626953125,460.8732034136859,455.07778163736594,457.3552600702756,4811000
2024-03-13,459.67144775390625,460.79565041778915,458.30496079804135,460.6405849218343,3544500
2024-03-14,458.66351318359375,460.65993328059454,455.93056898840905,460.4951965329383,5153000
2024-03-15,455.5041809082031,457.21954309015143,454.25398564978246,455.8918298697162,6807100
2024-03-18,458.3534240722656,460.6115006044063,457.9173005271904,459.3225612162385,3939100
2024-03-19,460.9217224121094,461.05738625962414,456.7447428645804,457.6266613884618,4550200
2024-03-20,464.9435729980469,465.2052293955181,460.27232458283265,460.8635136558577,6179400
2024-03-21,466.49420166015625,468.3258556065489,466.3585082544943,467.7249952688357,5044700
2024-03-22,465.8846130371094,466.9929967164407,465.53461587784733,466.55547059652906,5881500
2024-03-25,464.6789855957031,465.50540726351534,464.29979237003124,464.47482060463517,6081300
2024-03-26,463.37615966796875,466.06929196977353,463.2108634694235,465.76789567021825,8073500
2024-03-27,467.4207763671875,467.52771005004814,464.2026184564128,466.20545903922624,4951400
2024-03-28,467.3624267578125,468.78190903816056,467.1679641239754,467.5276932928251,4065000
2024-04-01,466.7499084472656,468.58745277744003,465.5442935085762,468.08189146175255,5734000
2024-04-02,463.6969909667969,463.7553238202817,461.5385863753657,463.11363276111774,4817800
2024-04-03,464.1150207519531,465.5150684800507,462.5886049639656,462.63720578155187,6224800
2024-04-04,458.398193359375,468.12073053333523,458.1939987157251,467.8485006792975,6871200
2024-04-05,463.2691955566406,465.0581389568209,459.31214520975055,459.7302072154318,5588200
2024-04-08,463.4539794921875,464.8054266480763,462.7636875346536,463.91094000961624,4736800
2024-04-09,464.027587890625,465.32070213677514,459.6232791029539,465.1068051012904,5250400
2024-04-10,459.5357360839844,461.22747781121546,457.61069261865384,458.81627779256434,6933400
2024-04-11,462.85113525390625,464.18311819415425,457.61070277320465,460.8288604330366,5109900
2024-04-12,456.5412292480469,460.89690733290837,454.9272843609485,459.65242364140056,6959700
2024-04-15,450.7466125488281,460.4497170707815,450.0077197672053,460.3330513510955,9530000
2024-04-16,449.93963623046875,452.59389992668235,448.7826517734653,451.17438794042914,6761400
2024-04-17,447.22705078125,452.3313836285914,446.0020310740549,452.2049858774191,7156200
2024-04-18,446.2061767578125,450.4451892302307,445.496420777798,448.55901441941495,5637300
2024-04-19,442.4727478027344,447.1784530329262,441.3060312755516,446.25479997633704,9787500
2024-04-22,446.3131408691406,448.9188038706389,442.7158192421049,444.8547600193286,5818100
2024-04-23,451.9424743652344,452.2244362885018,447.88819244172527,448.3840217271848,4257400
2024-04-24,451.6119384765625,453.3717156694029,449.6090978076852,452.6522572750007,7687800
2024-04-25,449.74517822265625,450.6007663681574,444.57281022902015,446.0408933838007,4876200
2024-04-26,454.2466735839844,455.6272869865018,451.9132704803722,452.4188317570586,4907100
2024-04-29,455.83148193359375,456.395405770458,453.27444961427557,455.83148193359375,3253200
2024-04-30,448.6270446777344,455.3453217096798,448.55897979363806,454.45086486749653,4364800
2024-05-01,447.1687316894531,454.1106388175595,446.69233677036783,447.9854214096713,6115400
2024-05-02,451.33966064453125,452.0494166006937,446.42005878560127,450.50350694691775,3972400
2024-05-03,456.93988037109375,457.9315686280239,454.4703472557972,456.7259833347951,4586900
2024-05-06,461.54833984375,461.635839128041,458.72880966798834,459.1177052662258,4782500
2024-05-07,462.20947265625,463.4150876019832,461.5386151285502,462.50116661267714,3451300
2024-05-08,462.2289733886719,462.656737817865,460.362232800291,460.44973209291015,3214900
2024-05-09,464.8831481933594,464.8831481933594,461.7622218054913,462.39418084085946,3486000
2024-05-10,465.456787109375,467.06102965875044,464.338701143774,466.3804401122983,3347200
2024-05-13,465.4859313964844,467.090173869554,464.47480882865744,467.02210898397993,3108400
2024-05-14,467.6929931640625,468.11105519217335,465.20402571976814,465.6901526373386,3257700
2024-05-15,473.3903503417969,473.71121069862227,469.34577113515223,469.9291293259738,4399500
2024-05-16,472.4862060546875,475.0140720062552,472.3500762732892,473.53622716059533,3347400
2024-05-17,473.18621826171875,473.22511672269957,471.25144263728004,472.60286003033474,3274000
2024-05-20,473.6528625488281,475.0528806224206,472.95283867661726,473.2736693522505,2599600
2024-05-21,474.92657470703125,475.02377635605626,472.8556692444704,473.030667817715,2453600
2024-05-22,473.54595947265625,474.8779425045072,471.484786050741,474.2557154671521,3250600
2024-05-23,470.0263671875,476.3946175430852,468.9082812808257,476.3168502962791,3811300
2024-05-24,473.22515869140625,473.87655219873636,470.891725558926,471.7181473207765,2555200
2024-05-28,473.6042785644531,474.1195719049545,471.0861447177894,473.8765084486646,4034700
2024-05-29,470.2694396972656,471.2319614580533,469.5596837465936,469.7833128005719,5605000
2024-05-30,467.109619140625,469.35552305022316,465.90403392046494,468.7429984074543,3386800
2024-05-31,471.17364501953125,471.45560693726975,463.2595142944655,467.8874223360585,5334000
2024-06-03,471.6889343261719,472.9139836327066,467.0707286861913,472.8070202837903,4211300
2024-06-04,472.2626037597656,472.9140269332687,469.1708434534404,470.5708914545753,2560300
2024-06-05,477.91131591796875,477.91131591796875,472.5736523589331,474.33342926162356,3026100
2024-06-06,477.8044128417969,478.52387116364235,476.05436785915555,478.19330843006924,21344000
2024-06-07,477.18218994140625,479.8364537014324,475.9571702351764,476.9391264726767,3063600
2024-06-10,478.7475280761719,479.0197579708852,475.9765986334054,476.5696889184653,3461900
2024-06-11,479.83636474609375,479.962762473734,475.53899036046613,477.36683205378756,4028400
2024-06-12,483.8324279785156,486.2727650053042,482.9282093335634,484.1143602365742,3698800
2024-06-13,484.7463073730469,485.59219313888354,482.29623837329365,485.4463313259524,8808900
2024-06-14,485.1352233886719,485.19355624439817,482.5198582305605,483.46294562591106,5812000
2024-06-17,488.9853515625,490.1909368365816,484.0949159051375,484.64910771822315,4609500
2024-06-18,490.28814697265625,490.3659142217911,488.6839341306205,489.0922641125336,3431700
2024-06-20,488.9270324707031,491.70766430587616,487.2839210514341,491.1243357186605,4810900
2024-06-21,487.8575439453125,489.2575918867385,486.9533549704679,488.16867230359236,4338100
2024-06-24,486.54498291015625,490.44373031027385,486.54498291015625,488.1005949911362,7022800
2024-06-25,488.5672912597656,488.878389941679,486.4380529563353,487.7894703779002,6325200
2024-06-26,489.1117858886719,489.792345829104,486.9922794673948,487.5561736849434,3202700
2024-06-27,489.8700866699219,490.48261131576345,488.38253953180583,489.04366499967267,3619700
2024-06-28,487.9811096191406,493.4450833171551,486.88832083479,490.75211825839017,5598600
2024-07-01,489.1031799316406,489.4934573957329,486.48828816833446,489.3080703894433,4368500
2024-07-02,492.27423095703125,492.35227453906646,487.47373181466867,487.55180517296566,4210100
2024-07-03,494.4988708496094,494.8208713607969,491.97178916069015,491.97178916069015,2131100
2024-07-05,497.45526123046875,497.7089549908848,494.18663151660144,494.8110993033908,3156900
2024-07-08,497.9333190917969,498.7919473590852,496.94787372815745,498.0992026428117,3143400
2024-07-09,498.47979736328125,499.57258626706846,498.13829338678164,498.792001495603,3140600
2024-07-10,503.28021240234375,503.64121979275365,499.2602980395183,499.5432618494049,3446900
2024-07-11,498.9676208496094,504.23641140606986,498.4211966552133,503.4656230732195,5537800
2024-07-12,502.0508728027344,505.4463793927158,499.7286814568247,500.04091537041666,5238200
2024-07-15,503.5729064941406,506.50979864750406,501.8459429213572,504.03152046269145,7771500
2024-07-16,506.43170166015625,506.78300196845925,504.05097061675446,504.76327829392204,4164300
2024-07-17,499.3578796386719,502.59720934603973,499.1334559560897,501.0848730267684,4984300
2024-07-18,495.6014404296875,501.69961932443374,493.5817164334441,500.78245083656276,5055900
2024-07-19,492.29376220703125,496.8308310179271,491.32782022146,495.3087279840667,4039400
2024-07-22,497.406494140625,497.9236185061286,494.13786438451126,495.9233980159631,4342900
2024-07-23,496.5771484375,499.22131046563146,496.1380676471167,497.2796598363548,3116000
2024-07-24,485.2101745605469,492.4401794040116,484.48812989432844,492.1767190053683,6157400
2024-07-25,482.7610778808594,490.9180168881851,481.9219828157671,485.4637798600371,5646600
2024-07-26,488.1762390136719,490.67408026151895,485.5808805094358,486.25409200552673,3636000
2024-07-29,488.5372619628906,490.5569559448927,486.6541219121195,489.6300507278654,3096200
2024-07-30,485.98089599609375,490.7911617232486,482.89768321601133,489.8544600869147,3817800
2024-07-31,493.6402587890625,496.29418744704367,491.083906949089,492.22549914487644,5367600
2024-08-01,486.9078674316406,497.51381527936286,483.70754437548675,495.50385792084165,6939200
2024-08-02,478.0093688964844,481.5316623926917,473.99919135963734,480.44864021837685,8561200
2024-08-05,463.6567077636719,469.49142574643093,457.49998928964175,458.7488950234483,15244300
2024-08-06,468.28155517578125,475.0334415417305,464.37872104823464,465.7935103299748,8255000
2024-08-07,465.03240966796875,476.6823714342395,464.5445554224005,473.90162605550853,5976400
2024-08-08,475.88232421875,476.4091853773647,467.988845914204,469.7938828439667,4177200
2024-08-09,477.9215393066406,479.27775862291776,474.0187053500007,475.1017274803635,7661300
2024-08-12,478.1655578613281,480.39017245094203,476.1263303022042,479.0144196450108,3578100
2024-08-13,486.1077880859375,486.2736716545498,480.94631087351763,481.1609679631112,3247900
2024-08-14,487.65911865234375,488.68363048987146,484.4197889144182,486.8005201452053,3700500
2024-08-15,496.03070068359375,496.2355911348301,492.2351802594994,492.82061132500695,4279000
2024-08-16,497.07476806640625,497.71870955210125,494.34276606631374,494.5281530861018,3449300
2024-08-19,501.8556823730469,501.8556823730469,496.69420544359485,497.47476039408957,3804300
2024-08-20,501.0263366699219,502.95822052763526,499.80670099156276,501.436117583144,3156000
2024-08-21,502.7826232910156,504.10957267757504,500.39212534083697,501.97276848858223,3344100
2024-08-22,498.71392822265625,505.0560339540357,497.70894958242667,504.49010630637474,3677100
2024-08-23,504.10955810546875,504.9779530159561,499.80670956154887,501.83620003984385,5102800
2024-08-26,502.8704528808594,505.6999719950068,501.397123415576,505.0657971576664,3398600
2024-08-27,503.54376220703125,504.04138317207713,500.6946499272653,501.76796522800987,3031800
2024-08-28,500.66534423828125,503.69001699001035,497.76748858883224,503.2704694504173,3940400
2024-08-29,500.743408203125,505.5048707086207,499.689626290591,502.4801384611205,3487100
2024-08-30,505.45611572265625,505.9830365365849,499.6799368680696,502.8997636816637,5637700
2024-09-03,495.2306213378906,502.9094427394157,492.8303866806202,502.60697547585266,5866400
2024-09-04,494.0012512207031,497.152800711467,492.75234540640514,493.3963166541896,3601400
2024-09-05,492.7816467285156,496.5771677077991,490.6253389276811,494.05982269077066,3425600
2024-09-06,484.5758972167969,494.625683135946,483.75627585088034,493.06454353725246,7411400
2024-09-09,490.0301513671875,491.1424437112952,486.63467464718667,488.4397415510055,3656800
2024-09-10,492.0498352050781,492.44987930433996,487.366445834293,491.7083610159948,2975400
2024-09-11,497.0845031738281,498.0407083369705,484.19540069372295,492.0596097566423,5956900
2024-09-12,501.35809326171875,501.65079390788094,495.71846941806433,497.6991565271248,4092900
2024-09-13,504.02178955078125,504.9584912287836,501.73860526488056,501.9337588918635,4416600
2024-09-16,504.7827453613281,505.0169654146377,502.1483801749047,503.7973298459165,4256300
2024-09-17,505.0169982910156,508.0904443927622,502.9777412842511,506.8220352292229,8150000
2024-09-18,503.3777770996094,510.0321166266077,502.94846295101195,505.59265458811495,6921300
2024-09-19,512.1591796875,513.8081296186193,509.5052808565419,512.1299393965477,5558400
2024-09-20,511.15423583984375,512.1689513642052,508.46127052429574,510.7932284151898,5612700
2024-09-23,512.4129028320312,513.0569039002338,511.1054865705815,512.2470490337195,29289200
2024-09-24,513.8862915039062,514.0424382576413,510.66646445044006,513.2325832980524,4650600
2024-09-25,512.8421630859375,514.4911129381584,511.9055209798401,513.8178716481386,35418000
2024-09-26,514.8814697265625,517.0475143578567,512.7251321577037,516.8035871938354,5273900
2024-09-27,514.2149047851562,516.5541280967773,513.1774337382968,515.8885862684211,5598600
2024-09-30,516.4561767578125,516.7400520400544,511.09265437969765,513.1773933526935,8013000
2024-10-01,511.6309814453125,515.8983105691221,509.17431315167715,515.8395880486318,9198700
2024-10-02,511.7191162109375,512.7173991004664,508.5381834539727,510.75990201925737,3270600
2024-10-03,510.7501220703125,512.6293023847172,508.77303106718006,510.4760438275529,4008000
2024-10-04,515.4578857421875,515.8200178830767,511.20029421904127,514.9782488304094,5354400
2024-10-07,510.81854248046875,514.5475714315903,509.7419431539848,513.9799403806386,3970500
2024-10-08,515.6536254882812,516.1723908697253,512.3748418947835,513.1774228367111,2626700
2024-10-09,519.1771850585938,519.7448759494622,515.1251516872792,515.6732484907851,2941800
2024-10-10,518.3060913085938,519.6176406795972,516.8673595822787,518.022275728469,3637600
2024-10-11,521.38916015625,522.093830436057,518.1397078105311,518.247355813601,5429200
2024-10-14,525.656494140625,526.5471290418357,522.6223377741758,522.8964160441305,2638900
2024-10-15,521.6532592773438,526.1848687675632,520.5179375135004,525.9597757706591,4811300
2024-10-16,523.845703125,524.3448743796216,520.9094578512849,521.6043907384335,3237200
2024-10-17,523.924072265625,527.3105636599489,523.777295830058,527.1735245296312,3225300
2024-10-18,525.9403076171875,526.6645719876473,524.1785721710288,525.4901215155886,5070400
2024-10-21,525.1279907226562,526.1849961503115,522.367912629859,525.3138955994995,3671400
2024-10-22,524.7656860351562,525.8619391398694,522.1328505992662,522.7592638767999,3366600
2024-10-23,519.979736328125,523.356370873171,516.7988036932335,522.9257788803769,5227800
2024-10-24,521.1542358398438,521.8491688481795,518.7758839219489,521.8393718041352,4477800
2024-10-25,520.94873046875,525.8424733849062,520.1167583301598,523.2879539198101,4327200
2024-10-28,522.5733642578125,524.1883231219936,522.3286771413042,524.1491946890559,3408000
2024-10-29,523.4053344726562,524.4330084107964,520.4494949993563,521.7903756141035,3027600
2024-10-30,521.8295288085938,524.8049625085164,521.2716947279265,522.9942419239044,3067000
2024-10-31,511.5625305175781,517.9831191509227,511.4059570212859,517.8461397434453,7972800
2024-11-01,513.7842407226562,517.8362738556533,513.3927174268629,513.9995367186953,6106900
2024-11-04,512.6685180664062,515.0958552794291,510.93617362123973,513.9017508925732,3681500
2024-11-05,518.83447265625,518.9029922088174,513.3339117484068,513.5688017926045,3300300
2024-11-06,531.7539672851562,532.57614218495,526.7329834642119,530.139068348433,7483300
2024-11-07,535.8942260742188,536.8239894128872,533.564799729575,533.6332595590607,6051300
2024-11-08,538.2627563476562,539.5253204229609,536.4129073220644,536.4227043652794,6798000
2024-11-11,538.7032470703125,540.0049396817612,537.1861389674968,539.7113270527906,4893100
2024-11-12,537.0881958007812,539.2316572314039,534.8174922964364,538.69335754769,4818600
2024-11-13,537.3623046875,539.1729654736652,535.3460254775149,537.4894870304147,3701600
2024-11-14,533.9464111328125,537.8907960844111,533.3004634366588,537.4307532463384,3940300
2024-11-15,527.0560913085938,531.0396050539978,525.3432813554089,530.6089533048171,7360100
2024-11-18,529.2387084960938,530.4132187573488,526.7135801331799,527.4671759292091,4494500
2024-11-19,531.1668090820312,531.8225538333165,525.4900798772958,526.0773050667951,6978400
2024-11-20,531.3626098632812,531.5289803895495,526.0186212929497,531.2451648167307,3949100
2024-11-21,534.0443725585938,535.4439758149514,528.5633448419148,533.9856500351826,4530600
2024-11-22,535.8353881835938,536.4030790143628,533.7800403225564,534.2204890750829,5574600
2024-11-25,537.5580444335938,540.641126246601,535.5712159503772,539.486210131684,4305000
2024-11-26,540.5725708007812,541.071742083858,538.1648280333799,538.8010384408435,4438600
2024-11-27,538.8500366210938,540.6411633084862,537.4406362296837,540.30836249551,3312200
2024-11-29,541.6883544921875,542.911790083805,539.3589283467024,539.5742243365554,3988700
2024-12-02,543.2152099609375,543.7633067267915,542.1190164292295,542.5789995460771,5441000
2024-12-03,543.3424682617188,543.6262838270917,542.0211219155842,543.0096674798427,4202900
2024-12-04,546.7681274414062,547.0030175452525,544.3505873568299,544.9965948804804,5490300
2024-12-05,545.8577270507812,547.5215513433676,545.6130399797474,546.7581587455304,3021600
2024-12-06,546.9442138671875,548.060001432977,546.2199495750989,546.6016160681833,5134900
2024-12-09,544.0961303710938,546.9932478522312,543.5774246555089,546.836674354529,4412300
2024-12-10,542.5496826171875,545.0454793900486,541.8058241855432,544.7518667823124,4110100
2024-12-11,546.6605224609375,547.5022319786616,544.8302074919135,545.0846917038017,3514400
2024-12-12,543.8416748046875,546.337471747236,543.8122836728812,545.8187063232409,4048600
2024-12-13,543.8024291992188,546.2982258781919,542.4224201257379,545.6620752083725,4666900
2024-12-16,545.9360961914062,546.9246417197977,544.5952155453901,545.290148475761,22846800
2024-12-17,543.6459350585938,544.5659611545248,542.5105532016192,543.6654694091794,6110900
2024-12-18,527.6824340820312,545.6816317465184,527.0854118868289,543.4989821621566,24584900
2024-12-19,527.4867553710938,533.5158202622921,527.2029397922175,532.1358110668344,16792100
2024-12-20,533.45703125,537.8613992549183,524.4623306459887,525.2061890226875,9389400
2024-12-23,537.2756958007812,537.4425988617307,530.5301752498459,533.4659911025549,7063400
2024-12-24,542.8035888671875,542.8821561457999,537.6192272057132,538.1298246227817,3439300
2024-12-26,542.7938232421875,543.9327792320557,539.9561717757177,541.2130086617748,4492000
2024-12-27,537.1676025390625,539.6615593001007,533.3578985549414,539.4160889914809,7077100
2024-12-30,531.1878662109375,534.231733690299,527.6629464928558,530.7656645139419,6505100
2024-12-31,529.0474853515625,533.2303094719184,527.663059023344,532.621547832074,6040800
